{"type":"FeatureCollection","attribution":"Source: Office for National Statistics licensed under the Open Government Licence v.3.0. Contains OS data \u00a9 Crown copyright and database right 2022. National Parks (December 2022) Boundaries GB BGC.","features":[{"type":"Feature","properties":{"name":"Dartmoor","kind":"national_park"},"geometry":{"type":"Polygon","coordinates":[[[-3.96707,50.74043],[-3.95783,50.7386],[-3.95681,50.73898],[-3.95167,50.73818],[-3.94718,50.73811],[-3.93766,50.74006],[-3.93671,50.73994],[-3.93219,50.74081],[-3.92698,50.74105],[-3.91679,50.73967],[-3.91383,50.7391],[-3.91355,50.73875],[-3.90931,50.73885],[-3.90739,50.73861],[-3.90714,50.73836],[-3.90518,50.73835],[-3.90444,50.73866],[-3.90399,50.73824],[-3.9012,50.73821],[-3.89716,50.73694],[-3.89133,50.73357],[-3.88011,50.73123],[-3.87913,50.72969],[-3.8775,50.72761],[-3.87644,50.72685],[-3.87631,50.72611],[-3.87692,50.72494],[-3.87991,50.72236],[-3.88131,50.72007],[-3.87581,50.71913],[-3.87296,50.71821],[-3.8608,50.71684],[-3.85809,50.71757],[-3.85559,50.71776],[-3.8476,50.71974],[-3.8448,50.71915],[-3.83165,50.71847],[-3.82374,50.71731],[-3.81062,50.71615],[-3.80801,50.71624],[-3.79352,50.71874],[-3.78525,50.72199],[-3.77863,50.72397],[-3.77065,50.7258],[-3.7689,50.72541],[-3.76639,50.72588],[-3.76388,50.72587],[-3.76202,50.72457],[-3.75997,50.72422],[-3.7588,50.72366],[-3.75708,50.72225],[-3.75693,50.72119],[-3.7564,50.7208],[-3.75117,50.72232],[-3.74133,50.72354],[-3.73755,50.72354],[-3.73415,50.72092],[-3.73249,50.71873],[-3.72776,50.71742],[-3.72423,50.71562],[-3.72384,50.7131],[-3.72429,50.70971],[-3.72032,50.70817],[-3.71509,50.70706],[-3.7111,50.70391],[-3.71008,50.70347],[-3.70343,50.70178],[-3.69798,50.70146],[-3.69343,50.69973],[-3.68871,50.69609],[-3.68449,50.69477],[-3.6831,50.69347],[-3.68134,50.69305],[-3.67965,50.69064],[-3.67802,50.6912],[-3.67141,50.69117],[-3.67089,50.69076],[-3.67144,50.68835],[-3.67113,50.68741],[-3.66974,50.68631],[-3.66905,50.68498],[-3.66828,50.68485],[-3.66698,50.68344],[-3.66354,50.68184],[-3.66108,50.67952],[-3.65955,50.6787],[-3.65772,50.67635],[-3.65485,50.67514],[-3.65374,50.6739],[-3.65394,50.67298],[-3.65311,50.67276],[-3.65168,50.67312],[-3.64923,50.6719],[-3.6469,50.67187],[-3.64625,50.67144],[-3.64409,50.66754],[-3.64417,50.66657],[-3.64501,50.66589],[-3.64302,50.66455],[-3.64115,50.66173],[-3.64077,50.65851],[-3.64173,50.65661],[-3.6394,50.65481],[-3.63868,50.65351],[-3.63891,50.65242],[-3.64126,50.65078],[-3.6416,50.65007],[-3.64098,50.64968],[-3.64087,50.64839],[-3.63979,50.64754],[-3.63951,50.64654],[-3.63806,50.64567],[-3.63683,50.64436],[-3.63623,50.64175],[-3.63641,50.64084],[-3.63507,50.63851],[-3.63615,50.63744],[-3.63667,50.63617],[-3.63948,50.63423],[-3.63923,50.63305],[-3.63992,50.63176],[-3.63893,50.62974],[-3.63914,50.62917],[-3.63834,50.62849],[-3.6384,50.62742],[-3.6375,50.62744],[-3.63884,50.62466],[-3.63839,50.62416],[-3.63714,50.62371],[-3.63749,50.62338],[-3.63618,50.62326],[-3.63289,50.62148],[-3.63229,50.6193],[-3.63166,50.61857],[-3.63568,50.61622],[-3.63904,50.61598],[-3.64175,50.61535],[-3.6442,50.61325],[-3.64613,50.61227],[-3.64749,50.61223],[-3.64895,50.6117],[-3.65014,50.61045],[-3.65359,50.60945],[-3.65744,50.60775],[-3.65954,50.60774],[-3.66323,50.60555],[-3.66416,50.60531],[-3.66828,50.60493],[-3.67066,50.60568],[-3.67518,50.60588],[-3.67674,50.60689],[-3.67877,50.60685],[-3.68023,50.60577],[-3.68283,50.60515],[-3.68925,50.60633],[-3.69175,50.60518],[-3.69426,50.60484],[-3.69662,50.6051],[-3.69775,50.60467],[-3.69848,50.60492],[-3.70023,50.60392],[-3.70055,50.60328],[-3.70026,50.60275],[-3.70114,50.60189],[-3.70133,50.60044],[-3.70185,50.59983],[-3.70158,50.59942],[-3.70285,50.59772],[-3.70338,50.59733],[-3.70674,50.5967],[-3.70879,50.59676],[-3.70385,50.59434],[-3.70055,50.59194],[-3.69773,50.59087],[-3.69419,50.5888],[-3.69279,50.58837],[-3.69244,50.58584],[-3.69129,50.58549],[-3.68966,50.58426],[-3.68795,50.58176],[-3.68561,50.58184],[-3.68564,50.58157],[-3.68214,50.58127],[-3.68172,50.57852],[-3.67934,50.57716],[-3.67908,50.57502],[-3.6757,50.56484],[-3.67658,50.56001],[-3.67899,50.55829],[-3.67695,50.55434],[-3.67876,50.55307],[-3.68466,50.55132],[-3.68706,50.54995],[-3.68887,50.54846],[-3.69147,50.54498],[-3.69303,50.54392],[-3.69444,50.5434],[-3.70522,50.54143],[-3.70778,50.53982],[-3.70992,50.53902],[-3.72137,50.53215],[-3.72831,50.52944],[-3.74668,50.51882],[-3.75212,50.5148],[-3.75654,50.51046],[-3.75798,50.50955],[-3.76153,50.50821],[-3.76672,50.50566],[-3.76776,50.50455],[-3.76874,50.50233],[-3.76817,50.49965],[-3.76624,50.49645],[-3.76577,50.49343],[-3.76666,50.49169],[-3.76783,50.4906],[-3.76777,50.49006],[-3.7699,50.48763],[-3.7691,50.48642],[-3.76913,50.48579],[-3.77119,50.48682],[-3.77161,50.48652],[-3.77093,50.48527],[-3.77057,50.48271],[-3.77221,50.48179],[-3.77727,50.48049],[-3.78264,50.47775],[-3.78582,50.47358],[-3.78677,50.47286],[-3.78952,50.46808],[-3.79092,50.46031],[-3.7909,50.45274],[-3.79239,50.4484],[-3.79647,50.44454],[-3.79761,50.44249],[-3.79675,50.44106],[-3.79742,50.43915],[-3.80332,50.43115],[-3.80546,50.4293],[-3.81277,50.42482],[-3.8191,50.42182],[-3.83779,50.41744],[-3.83844,50.41644],[-3.84063,50.41576],[-3.84354,50.41435],[-3.84731,50.41183],[-3.85385,50.40572],[-3.858,50.40354],[-3.86949,50.39871],[-3.86851,50.39704],[-3.8742,50.39448],[-3.88335,50.39201],[-3.88497,50.39251],[-3.88647,50.39447],[-3.89122,50.3927],[-3.89603,50.39243],[-3.89915,50.39261],[-3.90526,50.39364],[-3.91089,50.3942],[-3.91588,50.39623],[-3.91818,50.39668],[-3.92141,50.39618],[-3.9219,50.39634],[-3.92425,50.39526],[-3.92522,50.39418],[-3.92815,50.39333],[-3.9302,50.39323],[-3.9318,50.39336],[-3.93404,50.39409],[-3.93992,50.39702],[-3.94415,50.39868],[-3.94612,50.39983],[-3.94906,50.40234],[-3.95366,50.40404],[-3.95803,50.40699],[-3.95832,50.40686],[-3.96134,50.40833],[-3.96364,50.40865],[-3.96652,50.40827],[-3.96867,50.40846],[-3.97014,50.40964],[-3.97114,50.40969],[-3.97239,50.41314],[-3.97394,50.41492],[-3.97312,50.41613],[-3.97362,50.41729],[-3.97523,50.41802],[-3.97552,50.419],[-3.97784,50.42092],[-3.97791,50.42163],[-3.97648,50.42241],[-3.97583,50.42364],[-3.97601,50.42416],[-3.97689,50.4247],[-3.97675,50.42541],[-3.97763,50.42681],[-3.97792,50.42719],[-3.97862,50.42726],[-3.98515,50.43024],[-3.98421,50.43079],[-3.98407,50.43161],[-3.98327,50.43227],[-3.98276,50.43447],[-3.98167,50.43612],[-3.98219,50.43678],[-3.98373,50.43751],[-3.98317,50.43861],[-3.98646,50.43951],[-3.98657,50.44048],[-3.98605,50.44086],[-3.98524,50.44129],[-3.98448,50.4408],[-3.98379,50.44103],[-3.98264,50.44223],[-3.98378,50.44281],[-3.98474,50.44276],[-3.98502,50.44433],[-3.98361,50.44528],[-3.98488,50.44678],[-3.98587,50.44916],[-3.98711,50.45076],[-3.98866,50.45189],[-3.99047,50.45244],[-3.99268,50.45231],[-3.99434,50.45263],[-3.99598,50.45371],[-4.00085,50.45536],[-4.00337,50.45852],[-4.00653,50.45753],[-4.00567,50.45662],[-4.00634,50.45517],[-4.00565,50.45297],[-4.00992,50.45066],[-4.01377,50.44923],[-4.01932,50.45524],[-4.02159,50.45693],[-4.02551,50.45814],[-4.02734,50.45972],[-4.02754,50.46092],[-4.03117,50.46271],[-4.03404,50.46271],[-4.03661,50.46349],[-4.03889,50.46114],[-4.03914,50.45917],[-4.03867,50.45689],[-4.03924,50.45551],[-4.03038,50.45372],[-4.0295,50.45328],[-4.02797,50.45158],[-4.02873,50.45047],[-4.03427,50.44798],[-4.03693,50.44584],[-4.0371,50.44463],[-4.0366,50.44361],[-4.03194,50.4407],[-4.03279,50.43994],[-4.03484,50.4398],[-4.03546,50.43903],[-4.03693,50.43929],[-4.03752,50.43912],[-4.04204,50.44083],[-4.04619,50.44357],[-4.04832,50.44455],[-4.05002,50.44434],[-4.0513,50.44277],[-4.05344,50.44269],[-4.05565,50.44067],[-4.06085,50.44019],[-4.06225,50.4402],[-4.06401,50.44063],[-4.06521,50.44214],[-4.06506,50.44325],[-4.06396,50.44435],[-4.06401,50.44621],[-4.06537,50.44712],[-4.06461,50.44802],[-4.06566,50.44992],[-4.069,50.45208],[-4.0684,50.45238],[-4.06867,50.45274],[-4.06777,50.45407],[-4.06898,50.45493],[-4.06883,50.45622],[-4.07077,50.45757],[-4.07396,50.45796],[-4.07481,50.45777],[-4.0769,50.45861],[-4.07877,50.45653],[-4.07959,50.45791],[-4.07994,50.45791],[-4.08058,50.45965],[-4.08239,50.46114],[-4.08401,50.46093],[-4.08491,50.46168],[-4.08671,50.46201],[-4.0889,50.46177],[-4.09033,50.46293],[-4.09267,50.46138],[-4.09882,50.46057],[-4.09837,50.45968],[-4.09907,50.4584],[-4.09907,50.45717],[-4.09852,50.45629],[-4.09986,50.45342],[-4.10061,50.45324],[-4.10044,50.45281],[-4.10384,50.45235],[-4.1043,50.45095],[-4.10743,50.45111],[-4.10822,50.45444],[-4.11007,50.45385],[-4.11049,50.45395],[-4.10922,50.45655],[-4.10947,50.45682],[-4.1089,50.457],[-4.10928,50.4573],[-4.10958,50.4594],[-4.10856,50.46323],[-4.11256,50.46885],[-4.11436,50.47042],[-4.11185,50.47098],[-4.11045,50.47085],[-4.10795,50.47022],[-4.10707,50.46958],[-4.10515,50.47018],[-4.10581,50.47086],[-4.10532,50.47117],[-4.10463,50.47077],[-4.10471,50.47048],[-4.10325,50.46998],[-4.102,50.47041],[-4.09952,50.47299],[-4.09753,50.47557],[-4.09664,50.47749],[-4.09476,50.47913],[-4.094,50.48178],[-4.09399,50.48294],[-4.0961,50.48303],[-4.09696,50.48402],[-4.09586,50.48475],[-4.09587,50.48555],[-4.09708,50.48525],[-4.09755,50.48575],[-4.09636,50.4877],[-4.09761,50.49031],[-4.09993,50.48947],[-4.10046,50.49138],[-4.10276,50.49193],[-4.10709,50.49097],[-4.10981,50.49086],[-4.11182,50.49035],[-4.10764,50.49247],[-4.10598,50.49463],[-4.10739,50.49643],[-4.10755,50.4981],[-4.10851,50.49988],[-4.10793,50.5002],[-4.11026,50.5019],[-4.11096,50.50132],[-4.11325,50.50172],[-4.11155,50.50278],[-4.11527,50.50408],[-4.12083,50.50518],[-4.11898,50.50704],[-4.12141,50.50706],[-4.12188,50.50802],[-4.12612,50.50758],[-4.12654,50.50759],[-4.12669,50.50802],[-4.12964,50.50759],[-4.12963,50.50839],[-4.13133,50.50836],[-4.13525,50.50749],[-4.13592,50.50816],[-4.14139,50.50718],[-4.1398,50.50605],[-4.14154,50.50572],[-4.1469,50.50371],[-4.14744,50.5026],[-4.14665,50.50217],[-4.14638,50.50098],[-4.14643,50.5007],[-4.14743,50.50056],[-4.14735,50.50033],[-4.14854,50.50057],[-4.14966,50.50043],[-4.14972,50.50083],[-4.15083,50.50109],[-4.14932,50.50264],[-4.14944,50.50356],[-4.15068,50.50413],[-4.15206,50.50395],[-4.1526,50.50528],[-4.15678,50.50687],[-4.15598,50.50808],[-4.1555,50.50716],[-4.15484,50.5078],[-4.15505,50.50865],[-4.15542,50.50876],[-4.15506,50.50903],[-4.15315,50.50914],[-4.14916,50.50852],[-4.14554,50.50944],[-4.14419,50.51068],[-4.14199,50.51097],[-4.13996,50.51089],[-4.1368,50.51201],[-4.13282,50.51515],[-4.13434,50.51712],[-4.13356,50.51895],[-4.13127,50.519],[-4.12935,50.5235],[-4.12668,50.52379],[-4.12536,50.52493],[-4.12645,50.52592],[-4.12758,50.52821],[-4.13072,50.53153],[-4.12166,50.53339],[-4.12194,50.5344],[-4.12263,50.53477],[-4.12054,50.53638],[-4.12489,50.54374],[-4.12841,50.54492],[-4.13084,50.54719],[-4.12882,50.54772],[-4.12669,50.54774],[-4.12502,50.54849],[-4.12376,50.54952],[-4.12496,50.55041],[-4.12471,50.55066],[-4.12362,50.55055],[-4.12336,50.55241],[-4.12473,50.55262],[-4.1248,50.5531],[-4.12202,50.55444],[-4.12273,50.55461],[-4.12151,50.55556],[-4.12272,50.55638],[-4.12517,50.55572],[-4.12515,50.55609],[-4.12304,50.55746],[-4.12287,50.55798],[-4.12563,50.55997],[-4.1265,50.55932],[-4.12652,50.55886],[-4.12917,50.55908],[-4.12853,50.56193],[-4.12504,50.56443],[-4.12838,50.56878],[-4.13408,50.58003],[-4.13636,50.58197],[-4.13735,50.58402],[-4.13886,50.58463],[-4.14216,50.5853],[-4.14832,50.5877],[-4.14954,50.58854],[-4.15107,50.59084],[-4.15258,50.59171],[-4.15728,50.59267],[-4.16384,50.59346],[-4.16578,50.60142],[-4.16492,50.60451],[-4.16417,50.60543],[-4.16164,50.60709],[-4.14996,50.617],[-4.14273,50.62393],[-4.13999,50.62502],[-4.13538,50.62616],[-4.13108,50.62814],[-4.12805,50.6289],[-4.12549,50.62934],[-4.1235,50.62933],[-4.12011,50.62869],[-4.11941,50.62828],[-4.11855,50.62845],[-4.11848,50.62916],[-4.12043,50.6302],[-4.12097,50.63106],[-4.12107,50.63208],[-4.12017,50.63195],[-4.1196,50.63229],[-4.12023,50.63326],[-4.12133,50.63426],[-4.12295,50.63483],[-4.12141,50.63543],[-4.11987,50.63653],[-4.11893,50.63978],[-4.11674,50.64482],[-4.11449,50.64821],[-4.10946,50.64977],[-4.107,50.651],[-4.10659,50.65289],[-4.10545,50.65482],[-4.10397,50.6548],[-4.1003,50.65254],[-4.09903,50.65194],[-4.09817,50.65188],[-4.09733,50.65215],[-4.09445,50.65208],[-4.0931,50.65237],[-4.08991,50.65476],[-4.08988,50.6562],[-4.08854,50.66009],[-4.08562,50.66514],[-4.08576,50.66823],[-4.08757,50.67199],[-4.08691,50.67578],[-4.08509,50.67862],[-4.08445,50.6829],[-4.08038,50.68645],[-4.07809,50.68982],[-4.07728,50.6931],[-4.07522,50.69461],[-4.07004,50.69725],[-4.06012,50.70635],[-4.04963,50.71368],[-4.04641,50.71545],[-4.04334,50.71629],[-4.04264,50.71818],[-4.04189,50.71896],[-4.03864,50.71998],[-4.03513,50.72185],[-4.03345,50.72432],[-4.02891,50.72802],[-4.01791,50.73225],[-4.01381,50.73258],[-4.01221,50.73246],[-4.01115,50.73146],[-4.01024,50.73112],[-4.00844,50.73158],[-4.00758,50.7323],[-4.00665,50.7317],[-4.00572,50.73236],[-4.00455,50.73224],[-4.00376,50.73174],[-4.00392,50.73144],[-4.00291,50.73147],[-4.00356,50.72985],[-4.00089,50.72901],[-3.9951,50.73144],[-3.98764,50.73221],[-3.9839,50.73309],[-3.98061,50.73441],[-3.98057,50.73487],[-3.97962,50.73517],[-3.97792,50.73672],[-3.97578,50.73773],[-3.97485,50.73888],[-3.97012,50.74007],[-3.96717,50.74013],[-3.96707,50.74043]]]}},{"type":"Feature","properties":{"name":"Exmoor","kind":"national_park"},"geometry":{"type":"Polygon","coordinates":[[[-3.78548,51.24641],[-3.78407,51.24566],[-3.78429,51.24524],[-3.78248,51.24397],[-3.78246,51.2436],[-3.78098,51.24286],[-3.78079,51.24302],[-3.77972,51.24182],[-3.77783,51.24102],[-3.77608,51.23973],[-3.77327,51.23872],[-3.77124,51.23844],[-3.77103,51.23806],[-3.76978,51.23766],[-3.76456,51.23704],[-3.76191,51.23736],[-3.75855,51.23725],[-3.75828,51.23763],[-3.75814,51.23727],[-3.75543,51.23681],[-3.75498,51.23706],[-3.75482,51.23674],[-3.75267,51.23694],[-3.75121,51.2364],[-3.74904,51.23623],[-3.74823,51.23663],[-3.74781,51.23647],[-3.74807,51.23637],[-3.74691,51.2363],[-3.74677,51.23573],[-3.74624,51.23583],[-3.7452,51.23548],[-3.74217,51.23538],[-3.74041,51.23582],[-3.73141,51.23528],[-3.7277,51.23544],[-3.72419,51.23412],[-3.72268,51.23399],[-3.72085,51.23311],[-3.7208,51.23308],[-3.72016,51.23275],[-3.72002,51.23268],[-3.715,51.23168],[-3.71272,51.23161],[-3.7118,51.23188],[-3.70807,51.23204],[-3.70393,51.23081],[-3.70073,51.23124],[-3.69845,51.23107],[-3.69458,51.22937],[-3.69106,51.22856],[-3.68138,51.22729],[-3.67419,51.22668],[-3.67166,51.22671],[-3.66713,51.22591],[-3.66515,51.22584],[-3.66431,51.22613],[-3.66346,51.22564],[-3.6619,51.22532],[-3.65862,51.22499],[-3.65704,51.22514],[-3.65616,51.22462],[-3.65503,51.22445],[-3.64959,51.22449],[-3.64664,51.22399],[-3.646,51.22411],[-3.6413,51.22291],[-3.63635,51.22284],[-3.63198,51.22361],[-3.63061,51.22299],[-3.62771,51.22026],[-3.62658,51.21993],[-3.62796,51.21947],[-3.62964,51.22172],[-3.63067,51.22242],[-3.63045,51.22134],[-3.62792,51.21912],[-3.62562,51.21894],[-3.62433,51.21756],[-3.62202,51.21667],[-3.61759,51.21684],[-3.6123,51.21873],[-3.60988,51.21828],[-3.60944,51.21735],[-3.60665,51.21729],[-3.60617,51.21797],[-3.60264,51.21911],[-3.60369,51.21908],[-3.60443,51.21937],[-3.60466,51.21881],[-3.60591,51.21852],[-3.60646,51.21871],[-3.60538,51.21933],[-3.60627,51.21916],[-3.60759,51.21961],[-3.6081,51.21896],[-3.61011,51.21943],[-3.61064,51.2187],[-3.61127,51.21919],[-3.61084,51.21959],[-3.60655,51.22028],[-3.6029,51.2203],[-3.59893,51.22082],[-3.59068,51.22326],[-3.58618,51.22552],[-3.58056,51.22937],[-3.57873,51.23101],[-3.57904,51.23188],[-3.57902,51.232],[-3.57871,51.23214],[-3.57717,51.23185],[-3.57497,51.23196],[-3.57346,51.23151],[-3.56996,51.23186],[-3.56781,51.2314],[-3.5635,51.23143],[-3.56101,51.23216],[-3.56006,51.2321],[-3.5592,51.23261],[-3.55736,51.23252],[-3.55555,51.23328],[-3.54841,51.23234],[-3.54301,51.23238],[-3.53362,51.23066],[-3.52838,51.22886],[-3.52078,51.22721],[-3.51785,51.22627],[-3.51291,51.22595],[-3.50817,51.22394],[-3.503,51.22299],[-3.49821,51.22401],[-3.49689,51.22397],[-3.49294,51.22257],[-3.48953,51.22034],[-3.48623,51.21984],[-3.48501,51.21951],[-3.48516,51.21936],[-3.48467,51.21906],[-3.48505,51.21908],[-3.48249,51.21673],[-3.48031,51.21529],[-3.48093,51.21534],[-3.47925,51.21462],[-3.47769,51.21329],[-3.4797,51.2138],[-3.47927,51.21289],[-3.48467,51.21449],[-3.48503,51.21382],[-3.4866,51.21331],[-3.48589,51.21202],[-3.48708,51.21174],[-3.48573,51.20995],[-3.48834,51.2108],[-3.48919,51.21001],[-3.48812,51.20898],[-3.49067,51.20872],[-3.49292,51.20933],[-3.49427,51.20894],[-3.49603,51.20903],[-3.49754,51.2097],[-3.49776,51.20952],[-3.49863,51.20971],[-3.49908,51.21004],[-3.49906,51.2113],[-3.49947,51.21189],[-3.50142,51.21093],[-3.50226,51.21186],[-3.50288,51.21081],[-3.50497,51.21037],[-3.50476,51.20913],[-3.50531,51.20789],[-3.50456,51.20467],[-3.5047,51.20085],[-3.50666,51.20044],[-3.50902,51.19845],[-3.5087,51.1979],[-3.50779,51.19776],[-3.50686,51.19872],[-3.50591,51.19898],[-3.50491,51.19797],[-3.5035,51.1973],[-3.49914,51.19682],[-3.49774,51.19789],[-3.49725,51.19964],[-3.49668,51.19955],[-3.49652,51.19823],[-3.49511,51.19643],[-3.49421,51.19656],[-3.4942,51.19689],[-3.49309,51.19695],[-3.49208,51.19654],[-3.49057,51.19653],[-3.49073,51.19549],[-3.48961,51.19462],[-3.4884,51.19453],[-3.48817,51.19336],[-3.4869,51.19444],[-3.48614,51.19366],[-3.48327,51.19364],[-3.48068,51.19306],[-3.47926,51.19324],[-3.47816,51.19303],[-3.47731,51.19353],[-3.47594,51.19271],[-3.47771,51.19119],[-3.476,51.1909],[-3.47475,51.19149],[-3.47371,51.19044],[-3.47311,51.19033],[-3.4724,51.19119],[-3.4713,51.19133],[-3.4703,51.19227],[-3.46751,51.19046],[-3.46292,51.1898],[-3.46207,51.18926],[-3.46072,51.18995],[-3.4572,51.19408],[-3.45251,51.19178],[-3.45041,51.19134],[-3.45035,51.18987],[-3.44969,51.18897],[-3.4468,51.18954],[-3.44448,51.18896],[-3.43671,51.18517],[-3.43268,51.18263],[-3.42908,51.18158],[-3.42886,51.17966],[-3.4268,51.17726],[-3.42719,51.17608],[-3.42884,51.17384],[-3.42657,51.17374],[-3.42251,51.17303],[-3.42307,51.17052],[-3.42273,51.16929],[-3.42542,51.16695],[-3.42027,51.16594],[-3.41738,51.16601],[-3.41351,51.16667],[-3.41194,51.16432],[-3.41087,51.16351],[-3.41069,51.16278],[-3.41127,51.16217],[-3.41094,51.16129],[-3.40993,51.16144],[-3.40977,51.16073],[-3.41033,51.15947],[-3.41021,51.15736],[-3.41346,51.15388],[-3.41066,51.15295],[-3.40889,51.15255],[-3.40815,51.15266],[-3.40781,51.15231],[-3.40733,51.1483],[-3.40793,51.14772],[-3.40806,51.1468],[-3.40627,51.14643],[-3.4057,51.14599],[-3.40475,51.1467],[-3.40082,51.14698],[-3.39846,51.14355],[-3.39394,51.1453],[-3.3883,51.1456],[-3.38504,51.14629],[-3.38356,51.14697],[-3.37934,51.14814],[-3.37797,51.14622],[-3.37744,51.14386],[-3.37651,51.14315],[-3.37461,51.14338],[-3.36839,51.14731],[-3.36716,51.14768],[-3.36491,51.14644],[-3.36439,51.14516],[-3.36205,51.14444],[-3.36121,51.14519],[-3.35746,51.14701],[-3.3533,51.14775],[-3.35018,51.14641],[-3.34892,51.14533],[-3.34413,51.14368],[-3.34289,51.14113],[-3.33585,51.13508],[-3.33057,51.13232],[-3.32693,51.13134],[-3.32604,51.13083],[-3.32634,51.12986],[-3.32541,51.12855],[-3.3242,51.12847],[-3.32364,51.12872],[-3.32171,51.12816],[-3.31988,51.12731],[-3.31646,51.12474],[-3.3142,51.12516],[-3.31239,51.12369],[-3.308,51.12186],[-3.30606,51.11907],[-3.30558,51.11541],[-3.30485,51.11419],[-3.30257,51.11244],[-3.30104,51.11042],[-3.29898,51.10492],[-3.30343,51.10489],[-3.31103,51.1036],[-3.31382,51.10185],[-3.31491,51.1001],[-3.31701,51.09824],[-3.32062,51.09682],[-3.32262,51.09655],[-3.32966,51.09717],[-3.33705,51.0971],[-3.33955,51.09759],[-3.34565,51.09808],[-3.35036,51.09921],[-3.35952,51.10062],[-3.36415,51.1008],[-3.36613,51.10115],[-3.37399,51.10131],[-3.3749,51.10089],[-3.38222,51.09999],[-3.39312,51.09933],[-3.39906,51.09811],[-3.40302,51.09691],[-3.40656,51.09278],[-3.40951,51.09001],[-3.41574,51.09102],[-3.4202,51.09061],[-3.42878,51.08788],[-3.43179,51.08657],[-3.43594,51.08543],[-3.43541,51.07929],[-3.43699,51.07625],[-3.43735,51.07272],[-3.43925,51.06958],[-3.44132,51.06885],[-3.43992,51.06776],[-3.43458,51.06639],[-3.43587,51.06384],[-3.43475,51.06343],[-3.43355,51.06208],[-3.43654,51.05916],[-3.4404,51.05333],[-3.43891,51.05231],[-3.43826,51.05109],[-3.44073,51.04992],[-3.44688,51.04825],[-3.47041,51.04599],[-3.47076,51.04529],[-3.47015,51.04383],[-3.47014,51.04129],[-3.46862,51.0405],[-3.46868,51.03935],[-3.47003,51.03784],[-3.47233,51.03651],[-3.47263,51.03489],[-3.4753,51.03189],[-3.477,51.03076],[-3.47833,51.03163],[-3.48244,51.03316],[-3.48224,51.03333],[-3.48332,51.03386],[-3.48389,51.03386],[-3.485,51.03374],[-3.48856,51.03246],[-3.49566,51.03104],[-3.50432,51.03015],[-3.50607,51.02951],[-3.50979,51.02704],[-3.5122,51.02613],[-3.51491,51.02556],[-3.51958,51.0254],[-3.52001,51.02592],[-3.52046,51.0259],[-3.52065,51.0246],[-3.52,51.02337],[-3.5208,51.02319],[-3.52184,51.02212],[-3.52365,51.02107],[-3.5266,51.0208],[-3.52787,51.0211],[-3.53032,51.02238],[-3.53312,51.02143],[-3.53502,51.02548],[-3.53843,51.0283],[-3.54038,51.03075],[-3.5441,51.03299],[-3.54965,51.03479],[-3.55237,51.0367],[-3.55279,51.03736],[-3.55255,51.03573],[-3.55798,51.03572],[-3.55862,51.0374],[-3.56523,51.03933],[-3.56723,51.04076],[-3.57129,51.0423],[-3.57231,51.04349],[-3.58184,51.04551],[-3.58575,51.04563],[-3.58971,51.04519],[-3.60012,51.0451],[-3.60611,51.04303],[-3.61687,51.04167],[-3.62869,51.04265],[-3.63422,51.04462],[-3.6411,51.04569],[-3.6452,51.04703],[-3.64914,51.04721],[-3.65146,51.04817],[-3.65466,51.04899],[-3.65939,51.04949],[-3.66286,51.0502],[-3.6665,51.05158],[-3.67044,51.05103],[-3.67406,51.05159],[-3.67445,51.05198],[-3.67597,51.05147],[-3.67905,51.05156],[-3.68438,51.05025],[-3.68874,51.05005],[-3.69103,51.04939],[-3.69209,51.04825],[-3.69344,51.04802],[-3.69389,51.04966],[-3.69479,51.04962],[-3.69527,51.04996],[-3.69609,51.04961],[-3.69699,51.04855],[-3.6996,51.04797],[-3.70064,51.05069],[-3.70851,51.05179],[-3.71032,51.0525],[-3.7129,51.05291],[-3.71773,51.05526],[-3.72031,51.058],[-3.72295,51.05876],[-3.72394,51.05867],[-3.72611,51.05758],[-3.72787,51.05641],[-3.72845,51.05541],[-3.73053,51.05496],[-3.73203,51.05513],[-3.73209,51.05638],[-3.73691,51.05801],[-3.74069,51.05884],[-3.74193,51.05848],[-3.74629,51.05838],[-3.75081,51.05913],[-3.75447,51.05898],[-3.76019,51.05975],[-3.76469,51.05966],[-3.76634,51.05981],[-3.76695,51.06018],[-3.76999,51.06037],[-3.77046,51.05915],[-3.77157,51.05912],[-3.7735,51.05951],[-3.77353,51.06417],[-3.77459,51.06567],[-3.77717,51.06366],[-3.7797,51.06282],[-3.78221,51.06119],[-3.78274,51.06185],[-3.78613,51.0637],[-3.78897,51.06463],[-3.78932,51.065],[-3.78926,51.06637],[-3.7911,51.06546],[-3.79215,51.06613],[-3.79537,51.06703],[-3.79643,51.06863],[-3.7981,51.06892],[-3.79965,51.06988],[-3.79987,51.07099],[-3.80069,51.07117],[-3.80257,51.0729],[-3.8027,51.07485],[-3.80752,51.07526],[-3.81083,51.07418],[-3.81293,51.07526],[-3.81385,51.07627],[-3.81282,51.07774],[-3.81346,51.08091],[-3.81691,51.087],[-3.81647,51.08707],[-3.81674,51.08828],[-3.81556,51.08961],[-3.81734,51.0919],[-3.81624,51.09297],[-3.82472,51.0935],[-3.82652,51.09404],[-3.82711,51.09485],[-3.82928,51.09497],[-3.83548,51.09666],[-3.83613,51.0981],[-3.83855,51.0997],[-3.84098,51.10047],[-3.85373,51.09901],[-3.8544,51.10053],[-3.85528,51.10067],[-3.85929,51.09852],[-3.86458,51.09708],[-3.86417,51.10076],[-3.86193,51.10292],[-3.86055,51.10568],[-3.86069,51.11169],[-3.8616,51.11536],[-3.86143,51.11745],[-3.86199,51.12061],[-3.8639,51.12242],[-3.86597,51.12364],[-3.86699,51.12481],[-3.86887,51.12569],[-3.87107,51.13091],[-3.8743,51.13248],[-3.87489,51.13459],[-3.87435,51.13594],[-3.8749,51.13677],[-3.874,51.13834],[-3.8765,51.1395],[-3.87724,51.13955],[-3.87751,51.14114],[-3.87958,51.14378],[-3.88407,51.14447],[-3.8862,51.14523],[-3.88948,51.14482],[-3.88885,51.14565],[-3.88667,51.14651],[-3.88794,51.14851],[-3.88979,51.14932],[-3.8918,51.15226],[-3.89394,51.15333],[-3.89524,51.15492],[-3.89527,51.15775],[-3.89816,51.15866],[-3.90343,51.15807],[-3.90906,51.15824],[-3.91235,51.15887],[-3.91941,51.15843],[-3.92063,51.15922],[-3.92309,51.1601],[-3.9244,51.16121],[-3.92447,51.16378],[-3.92305,51.16528],[-3.92372,51.16678],[-3.93167,51.16889],[-3.93733,51.17205],[-3.9398,51.17156],[-3.94326,51.16963],[-3.94995,51.16794],[-3.95367,51.16714],[-3.95935,51.16681],[-3.95964,51.16803],[-3.95914,51.16945],[-3.96331,51.17009],[-3.96968,51.17518],[-3.97116,51.17622],[-3.97258,51.17668],[-3.9734,51.17826],[-3.97337,51.18198],[-3.97475,51.18369],[-3.97624,51.18404],[-3.97553,51.18414],[-3.97565,51.18514],[-3.97356,51.18781],[-3.97582,51.1928],[-3.97818,51.19548],[-3.98057,51.19632],[-3.98335,51.19823],[-3.99233,51.20226],[-3.99556,51.20268],[-3.99832,51.20342],[-4.00097,51.20306],[-4.00437,51.20309],[-4.00614,51.20328],[-4.00852,51.20417],[-4.01158,51.20476],[-4.01618,51.20401],[-4.01961,51.20434],[-4.02143,51.20525],[-4.02571,51.2059],[-4.03197,51.20576],[-4.02977,51.20706],[-4.03289,51.20688],[-4.03512,51.20787],[-4.03746,51.20782],[-4.03839,51.20655],[-4.03875,51.20667],[-4.03875,51.20667],[-4.03809,51.20751],[-4.03971,51.20793],[-4.04007,51.20967],[-4.04129,51.20974],[-4.04141,51.21002],[-4.04065,51.21028],[-4.03868,51.21024],[-4.0372,51.2101],[-4.03653,51.20971],[-4.03599,51.21021],[-4.03544,51.2098],[-4.03504,51.21017],[-4.03364,51.20999],[-4.03183,51.21052],[-4.03081,51.21156],[-4.03237,51.21342],[-4.0324,51.21373],[-4.0321,51.21456],[-4.03131,51.2151],[-4.03129,51.21511],[-4.03126,51.21514],[-4.03066,51.21556],[-4.02976,51.21555],[-4.02851,51.21633],[-4.02837,51.21638],[-4.02551,51.21639],[-4.02435,51.21555],[-4.02376,51.21553],[-4.02213,51.21616],[-4.02184,51.21646],[-4.02212,51.21667],[-4.02211,51.21667],[-4.02161,51.21673],[-4.02108,51.2167],[-4.02066,51.21626],[-4.01979,51.21663],[-4.01722,51.21632],[-4.01454,51.21715],[-4.01318,51.21728],[-4.00863,51.21665],[-4.00603,51.21725],[-4.00598,51.2173],[-4.00496,51.2183],[-4.00399,51.21819],[-4.00317,51.21926],[-4.00192,51.21904],[-4.00182,51.21866],[-4.00088,51.21852],[-4.00004,51.21786],[-3.99887,51.21834],[-3.99798,51.21835],[-3.99708,51.21794],[-3.99684,51.2184],[-3.99603,51.21821],[-3.9961,51.2178],[-3.99558,51.21805],[-3.99512,51.21771],[-3.99387,51.21755],[-3.99294,51.21829],[-3.99158,51.21829],[-3.99148,51.21798],[-3.98867,51.21834],[-3.98818,51.21793],[-3.98759,51.21806],[-3.98776,51.21827],[-3.98718,51.21867],[-3.984,51.21852],[-3.98281,51.2182],[-3.98164,51.21874],[-3.98137,51.21922],[-3.98049,51.2194],[-3.9794,51.21903],[-3.97882,51.21919],[-3.97773,51.21897],[-3.97639,51.21967],[-3.97587,51.2205],[-3.97511,51.22036],[-3.97478,51.21981],[-3.97272,51.22002],[-3.97124,51.21933],[-3.97027,51.21932],[-3.96994,51.21985],[-3.9688,51.21927],[-3.96696,51.21943],[-3.96518,51.21928],[-3.96477,51.21954],[-3.96506,51.2197],[-3.96466,51.21973],[-3.96313,51.21917],[-3.96115,51.21933],[-3.96049,51.21909],[-3.9596,51.21926],[-3.95899,51.21981],[-3.95873,51.21971],[-3.95869,51.21972],[-3.95825,51.21912],[-3.95838,51.21962],[-3.95798,51.21971],[-3.95767,51.21928],[-3.95711,51.21989],[-3.95679,51.21953],[-3.95707,51.22006],[-3.95669,51.22031],[-3.95611,51.2201],[-3.95606,51.22049],[-3.95586,51.22051],[-3.95458,51.22055],[-3.95401,51.22013],[-3.95392,51.22075],[-3.95366,51.22055],[-3.95371,51.22077],[-3.95236,51.22089],[-3.95165,51.22065],[-3.95218,51.22102],[-3.95099,51.2208],[-3.95056,51.22104],[-3.9508,51.2212],[-3.95025,51.22099],[-3.94952,51.22146],[-3.94831,51.22142],[-3.94833,51.22174],[-3.94749,51.22172],[-3.94577,51.2229],[-3.94525,51.22357],[-3.94548,51.22413],[-3.94451,51.2244],[-3.94455,51.22502],[-3.94236,51.22503],[-3.94167,51.22571],[-3.94189,51.22603],[-3.94084,51.22712],[-3.94012,51.22718],[-3.93969,51.22795],[-3.94001,51.22799],[-3.93877,51.22878],[-3.93731,51.22887],[-3.93666,51.2287],[-3.93681,51.22847],[-3.93569,51.22842],[-3.93606,51.22851],[-3.93536,51.22884],[-3.93437,51.22871],[-3.93407,51.22918],[-3.93144,51.22975],[-3.93102,51.22979],[-3.92823,51.22954],[-3.92723,51.23032],[-3.92716,51.23099],[-3.92764,51.2311],[-3.92619,51.23181],[-3.92539,51.23141],[-3.92589,51.23177],[-3.92564,51.2319],[-3.9249,51.23124],[-3.92478,51.23144],[-3.9227,51.23102],[-3.92256,51.23071],[-3.92073,51.23048],[-3.92038,51.23012],[-3.91927,51.23031],[-3.91873,51.2299],[-3.91732,51.23049],[-3.91703,51.2305],[-3.91582,51.2303],[-3.91531,51.23037],[-3.91446,51.23043],[-3.91433,51.23027],[-3.91322,51.23045],[-3.91063,51.22961],[-3.9102,51.22979],[-3.90982,51.22943],[-3.90991,51.22982],[-3.90909,51.22974],[-3.90866,51.22922],[-3.90826,51.22916],[-3.90859,51.22964],[-3.90791,51.22966],[-3.90807,51.229],[-3.90704,51.22954],[-3.90704,51.229],[-3.90569,51.22874],[-3.90443,51.22909],[-3.90362,51.22896],[-3.90404,51.22959],[-3.90402,51.22962],[-3.9023,51.22902],[-3.90222,51.22857],[-3.90187,51.22867],[-3.90149,51.22831],[-3.90121,51.22634],[-3.89926,51.2257],[-3.89827,51.22568],[-3.89819,51.22604],[-3.8972,51.22588],[-3.89736,51.22536],[-3.89699,51.22564],[-3.89629,51.22529],[-3.89612,51.22568],[-3.89612,51.22446],[-3.8923,51.22408],[-3.89203,51.22377],[-3.89046,51.22434],[-3.8901,51.22484],[-3.88959,51.22459],[-3.88977,51.22478],[-3.88923,51.22472],[-3.88898,51.22517],[-3.88867,51.22493],[-3.88728,51.22544],[-3.8874,51.2257],[-3.88684,51.22534],[-3.88618,51.22563],[-3.8854,51.22517],[-3.88525,51.22554],[-3.88492,51.22528],[-3.88476,51.22577],[-3.88389,51.22555],[-3.8828,51.22664],[-3.88285,51.22743],[-3.8821,51.22749],[-3.88257,51.22798],[-3.8821,51.22804],[-3.88163,51.22771],[-3.88137,51.22798],[-3.88075,51.2288],[-3.88089,51.22927],[-3.88084,51.22933],[-3.87888,51.22856],[-3.87882,51.22886],[-3.87844,51.22884],[-3.87835,51.22806],[-3.87739,51.22765],[-3.87662,51.22785],[-3.87625,51.22737],[-3.87558,51.22772],[-3.87501,51.22758],[-3.87504,51.22809],[-3.87383,51.2275],[-3.87369,51.2271],[-3.87271,51.22705],[-3.87287,51.22743],[-3.87247,51.22709],[-3.87166,51.22784],[-3.8726,51.22937],[-3.87243,51.2301],[-3.8716,51.23009],[-3.87208,51.23057],[-3.87138,51.23034],[-3.87194,51.23125],[-3.8703,51.23122],[-3.87091,51.23149],[-3.87007,51.23156],[-3.86986,51.23154],[-3.86896,51.23107],[-3.86411,51.23148],[-3.86355,51.23119],[-3.86358,51.2316],[-3.86302,51.23106],[-3.86152,51.23077],[-3.86008,51.23111],[-3.85924,51.2323],[-3.85718,51.23289],[-3.85717,51.23328],[-3.85686,51.23305],[-3.85592,51.23325],[-3.85551,51.2337],[-3.85499,51.23369],[-3.85475,51.23429],[-3.8541,51.23421],[-3.85374,51.23457],[-3.84972,51.23487],[-3.8487,51.23466],[-3.84851,51.23492],[-3.84572,51.23523],[-3.8442,51.23503],[-3.8417,51.23533],[-3.83923,51.235],[-3.83619,51.23387],[-3.83487,51.23282],[-3.83267,51.2319],[-3.83071,51.23205],[-3.83122,51.23162],[-3.83112,51.23113],[-3.8309,51.23092],[-3.8309,51.23122],[-3.83055,51.23182],[-3.83082,51.23121],[-3.83082,51.23089],[-3.83007,51.23042],[-3.83047,51.23109],[-3.82989,51.23205],[-3.82747,51.23273],[-3.82518,51.23183],[-3.82196,51.23155],[-3.82107,51.23181],[-3.81889,51.23172],[-3.8169,51.2314],[-3.81698,51.23161],[-3.816,51.2312],[-3.8145,51.23108],[-3.81343,51.23115],[-3.81228,51.23194],[-3.81046,51.23164],[-3.81031,51.2319],[-3.81005,51.23171],[-3.80857,51.23179],[-3.80666,51.23233],[-3.80112,51.23572],[-3.80096,51.23627],[-3.79955,51.23675],[-3.79821,51.23796],[-3.7984,51.23842],[-3.79753,51.2384],[-3.79531,51.2404],[-3.79501,51.24099],[-3.79579,51.24181],[-3.79519,51.24179],[-3.79465,51.24207],[-3.79498,51.24226],[-3.79467,51.24246],[-3.79352,51.24271],[-3.79226,51.24398],[-3.79073,51.24406],[-3.78969,51.24477],[-3.78935,51.2446],[-3.78949,51.24493],[-3.78845,51.24547],[-3.78873,51.24586],[-3.78809,51.24568],[-3.78828,51.24608],[-3.78786,51.24592],[-3.78707,51.24629],[-3.78703,51.24629],[-3.78673,51.24607],[-3.78548,51.24641]]]}},{"type":"Feature","properties":{"name":"Northumberland","kind":"national_park"},"geometry":{"type":"Polygon","coordinates":[[[-2.1544,55.56822],[-2.15186,55.56712],[-2.14911,55.56738],[-2.14745,55.56689],[-2.14169,55.56724],[-2.13821,55.56628],[-2.13613,55.56646],[-2.13543,55.56558],[-2.12718,55.56742],[-2.12401,55.56761],[-2.12223,55.56709],[-2.11576,55.56805],[-2.109,55.56831],[-2.10362,55.56635],[-2.09889,55.5657],[-2.09404,55.56439],[-2.09024,55.56407],[-2.0703,55.56098],[-2.06928,55.5598],[-2.06957,55.55833],[-2.06576,55.55795],[-2.05794,55.55406],[-2.05905,55.55292],[-2.05312,55.55285],[-2.04796,55.55117],[-2.04594,55.5501],[-2.0443,55.5499],[-2.04261,55.54925],[-2.0422,55.54874],[-2.04307,55.54728],[-2.04258,55.54576],[-2.04411,55.54395],[-2.04497,55.54162],[-2.04099,55.54132],[-2.0399,55.54058],[-2.03975,55.53958],[-2.0389,55.53945],[-2.03841,55.53848],[-2.03978,55.53567],[-2.03839,55.53478],[-2.03861,55.53293],[-2.04105,55.53199],[-2.04114,55.53127],[-2.03618,55.53076],[-2.03542,55.53021],[-2.0319,55.52966],[-2.02788,55.53],[-2.02596,55.53072],[-2.02104,55.52951],[-2.01982,55.52739],[-2.02099,55.52627],[-2.02075,55.5257],[-2.02162,55.52564],[-2.02277,55.52416],[-2.02323,55.52303],[-2.02287,55.52283],[-2.02481,55.52175],[-2.0262,55.52141],[-2.03021,55.52131],[-2.03249,55.52095],[-2.03565,55.52013],[-2.03833,55.51863],[-2.04077,55.51856],[-2.03924,55.51828],[-2.03606,55.51831],[-2.03414,55.51908],[-2.03117,55.5193],[-2.02916,55.51993],[-2.02762,55.51986],[-2.02686,55.51964],[-2.02637,55.51884],[-2.02494,55.51813],[-2.02488,55.51645],[-2.02379,55.51473],[-2.02109,55.51389],[-2.01858,55.51347],[-2.01723,55.51354],[-2.01746,55.51307],[-2.01665,55.51215],[-2.01751,55.51177],[-2.01709,55.51156],[-2.01726,55.51122],[-2.01552,55.51093],[-2.0145,55.50991],[-2.01566,55.50913],[-2.0156,55.5085],[-2.01695,55.50832],[-2.01944,55.50721],[-2.02013,55.50729],[-2.02091,55.50612],[-2.02032,55.50601],[-2.02036,55.50519],[-2.02376,55.50428],[-2.02449,55.50325],[-2.02428,55.50255],[-2.02512,55.50248],[-2.02436,55.50204],[-2.02316,55.50244],[-2.02208,55.50175],[-2.01884,55.50132],[-2.01809,55.50018],[-2.0169,55.4998],[-2.01555,55.50035],[-2.01156,55.49629],[-2.01111,55.4938],[-2.00989,55.49157],[-2.00875,55.49179],[-2.00776,55.49163],[-2.00679,55.49223],[-2.00501,55.49264],[-2.00339,55.49265],[-2.00281,55.49228],[-2.00126,55.49239],[-2.00066,55.49214],[-2.00038,55.49296],[-1.99904,55.4937],[-1.99648,55.49055],[-1.97446,55.47126],[-1.97691,55.46822],[-1.97512,55.46484],[-1.97531,55.46262],[-1.97384,55.45536],[-1.97476,55.45118],[-1.97316,55.44806],[-1.97102,55.44637],[-1.97057,55.44545],[-1.9706,55.4425],[-1.97419,55.44198],[-1.97394,55.44109],[-1.97444,55.44042],[-1.96732,55.44106],[-1.96551,55.44034],[-1.96412,55.43807],[-1.96454,55.43507],[-1.96969,55.43122],[-1.97029,55.43026],[-1.96936,55.42807],[-1.96793,55.42741],[-1.96775,55.42646],[-1.96872,55.4256],[-1.97082,55.42488],[-1.97111,55.42406],[-1.97243,55.4234],[-1.97407,55.42179],[-1.97588,55.42086],[-1.97799,55.41747],[-1.98085,55.41651],[-1.98103,55.41584],[-1.98478,55.41344],[-1.98547,55.41183],[-1.99062,55.40949],[-1.99081,55.40887],[-1.99273,55.40756],[-1.9926,55.4061],[-1.99565,55.40612],[-1.99593,55.40487],[-1.99778,55.40449],[-1.99889,55.40608],[-1.99972,55.4061],[-2.00432,55.40454],[-2.00927,55.40359],[-2.01166,55.4036],[-2.01158,55.40341],[-2.01964,55.40092],[-2.01603,55.39772],[-2.02081,55.39569],[-2.01722,55.39256],[-2.01761,55.39224],[-2.01678,55.39133],[-2.01822,55.39048],[-2.01845,55.38985],[-2.01565,55.38968],[-2.01161,55.39],[-2.01695,55.38303],[-2.01764,55.37967],[-2.02028,55.37923],[-2.02048,55.37793],[-2.02215,55.37638],[-2.02508,55.37492],[-2.02729,55.37426],[-2.03306,55.37071],[-2.0344,55.37042],[-2.0383,55.3704],[-2.04047,55.37113],[-2.04698,55.3707],[-2.05018,55.37088],[-2.05817,55.36914],[-2.06383,55.36847],[-2.06395,55.3679],[-2.07254,55.36734],[-2.08103,55.36625],[-2.08499,55.36538],[-2.08751,55.36418],[-2.09575,55.36214],[-2.09632,55.36168],[-2.10732,55.35832],[-2.11097,55.3586],[-2.11466,55.3599],[-2.11717,55.3601],[-2.11783,55.3595],[-2.11725,55.35915],[-2.11708,55.3583],[-2.11418,55.35694],[-2.11438,55.35433],[-2.11511,55.35345],[-2.11722,55.35215],[-2.11852,55.35184],[-2.11945,55.34949],[-2.12183,55.34838],[-2.12319,55.34843],[-2.12441,55.34764],[-2.12557,55.34549],[-2.12465,55.34477],[-2.11872,55.34368],[-2.11617,55.34097],[-2.11376,55.33758],[-2.11234,55.33776],[-2.11251,55.3388],[-2.11209,55.33926],[-2.10771,55.33937],[-2.10351,55.33743],[-2.09497,55.33473],[-2.09145,55.33329],[-2.08157,55.33118],[-2.07472,55.33078],[-2.07301,55.32841],[-2.07032,55.32679],[-2.07056,55.32594],[-2.07159,55.32547],[-2.0714,55.32472],[-2.06968,55.32406],[-2.06801,55.32456],[-2.06783,55.32345],[-2.0688,55.32139],[-2.06861,55.32048],[-2.06751,55.31953],[-2.06456,55.31885],[-2.06471,55.31703],[-2.0631,55.3169],[-2.06148,55.31546],[-2.0624,55.31495],[-2.06225,55.31432],[-2.05899,55.31334],[-2.05569,55.31141],[-2.05373,55.31086],[-2.05241,55.30987],[-2.05242,55.30833],[-2.05158,55.30758],[-2.04851,55.30743],[-2.04692,55.3067],[-2.04702,55.30623],[-2.0487,55.30538],[-2.04898,55.30483],[-2.04914,55.30363],[-2.0483,55.30272],[-2.04983,55.3001],[-2.04963,55.29939],[-2.04882,55.29881],[-2.05017,55.29554],[-2.04989,55.29496],[-2.04804,55.29388],[-2.04529,55.29401],[-2.04287,55.29573],[-2.04132,55.29615],[-2.03998,55.29587],[-2.03909,55.2953],[-2.03929,55.29489],[-2.0411,55.29422],[-2.03972,55.29308],[-2.03485,55.29568],[-2.03137,55.29613],[-2.03303,55.29375],[-2.02954,55.29311],[-2.02787,55.29207],[-2.02694,55.29078],[-2.02368,55.29034],[-2.0212,55.29103],[-2.01207,55.29508],[-2.00707,55.29631],[-2.00393,55.29749],[-2.00227,55.29851],[-2.00152,55.29982],[-1.99869,55.29937],[-1.99225,55.30091],[-1.99089,55.30097],[-1.98743,55.30269],[-1.98453,55.3036],[-1.9838,55.3048],[-1.98294,55.30527],[-1.98064,55.30568],[-1.97699,55.30528],[-1.97174,55.306],[-1.96922,55.30591],[-1.96643,55.3071],[-1.96372,55.30664],[-1.95937,55.30472],[-1.95609,55.30468],[-1.94928,55.30377],[-1.94818,55.30327],[-1.94786,55.30232],[-1.94449,55.30086],[-1.94511,55.29958],[-1.94346,55.29633],[-1.94203,55.29533],[-1.93986,55.29449],[-1.93676,55.29234],[-1.93568,55.29067],[-1.93588,55.28946],[-1.92771,55.28977],[-1.91864,55.29295],[-1.91618,55.29171],[-1.91545,55.29103],[-1.91565,55.29069],[-1.91414,55.2906],[-1.912,55.29099],[-1.90903,55.29214],[-1.89529,55.2935],[-1.89712,55.28586],[-1.89983,55.28324],[-1.90415,55.27583],[-1.90764,55.27364],[-1.89896,55.26338],[-1.90595,55.26028],[-1.9075,55.25893],[-1.90807,55.25748],[-1.90972,55.2578],[-1.90974,55.25682],[-1.91179,55.25559],[-1.91334,55.25612],[-1.91407,55.25588],[-1.91543,55.25747],[-1.91736,55.25738],[-1.91803,55.25796],[-1.91829,55.25725],[-1.91966,55.25709],[-1.92016,55.25747],[-1.92142,55.25729],[-1.92215,55.25661],[-1.92471,55.25665],[-1.92578,55.25639],[-1.92614,55.25674],[-1.92666,55.2566],[-1.9276,55.25689],[-1.92889,55.25823],[-1.93015,55.25833],[-1.93132,55.25879],[-1.93189,55.25864],[-1.93212,55.25908],[-1.9356,55.25912],[-1.93677,55.25933],[-1.93787,55.26004],[-1.93908,55.25991],[-1.94284,55.26058],[-1.94359,55.26024],[-1.94655,55.26127],[-1.94909,55.26137],[-1.95184,55.26093],[-1.95419,55.26114],[-1.95522,55.26073],[-1.95812,55.26062],[-1.95919,55.26086],[-1.95932,55.26197],[-1.95984,55.2619],[-1.96148,55.26273],[-1.96378,55.25954],[-1.96629,55.25726],[-1.96675,55.25455],[-1.9681,55.25112],[-1.97019,55.24924],[-1.97127,55.24951],[-1.97298,55.24928],[-1.97525,55.25032],[-1.977,55.25064],[-1.9782,55.25049],[-1.97919,55.25115],[-1.98015,55.25096],[-1.98253,55.25162],[-1.98562,55.25163],[-1.98565,55.25128],[-1.98804,55.2509],[-1.98884,55.25048],[-1.99033,55.25095],[-1.99072,55.25062],[-1.99141,55.25068],[-1.9924,55.25118],[-1.99558,55.24939],[-2.01114,55.24205],[-2.01826,55.24112],[-2.02091,55.24108],[-2.02574,55.24171],[-2.0281,55.2429],[-2.03295,55.24291],[-2.03446,55.23874],[-2.03377,55.2387],[-2.03329,55.23805],[-2.03267,55.23814],[-2.03149,55.23759],[-2.03009,55.23745],[-2.028,55.2379],[-2.02576,55.2374],[-2.02287,55.23462],[-2.02473,55.22329],[-2.06041,55.21148],[-2.08862,55.21897],[-2.09669,55.22061],[-2.09888,55.22045],[-2.10151,55.22099],[-2.10711,55.22115],[-2.10727,55.22155],[-2.11309,55.22162],[-2.11542,55.22201],[-2.11454,55.2234],[-2.11274,55.22434],[-2.11233,55.22793],[-2.11521,55.22737],[-2.11579,55.22564],[-2.11866,55.22554],[-2.11757,55.22679],[-2.11714,55.22991],[-2.11797,55.23006],[-2.12093,55.22971],[-2.12173,55.23025],[-2.12164,55.23128],[-2.12402,55.23332],[-2.12241,55.234],[-2.12252,55.23526],[-2.12048,55.23596],[-2.11962,55.23738],[-2.11807,55.236],[-2.11644,55.23613],[-2.11851,55.24002],[-2.14252,55.24941],[-2.14572,55.24937],[-2.14606,55.25009],[-2.1457,55.25207],[-2.1471,55.25292],[-2.1476,55.25388],[-2.14922,55.25453],[-2.161,55.25094],[-2.16285,55.24982],[-2.16724,55.24444],[-2.16865,55.24408],[-2.17051,55.24412],[-2.17157,55.24336],[-2.17229,55.24344],[-2.17254,55.24281],[-2.17755,55.24253],[-2.17834,55.24187],[-2.17984,55.24156],[-2.18067,55.24094],[-2.18117,55.24174],[-2.1849,55.23954],[-2.18754,55.24328],[-2.18956,55.24298],[-2.19255,55.24332],[-2.1927,55.24278],[-2.19445,55.24299],[-2.19414,55.2436],[-2.19044,55.24402],[-2.19052,55.24437],[-2.18552,55.24511],[-2.18569,55.24594],[-2.18378,55.24674],[-2.18213,55.24612],[-2.18181,55.24662],[-2.18291,55.24772],[-2.18254,55.24792],[-2.18272,55.24864],[-2.18019,55.24983],[-2.1793,55.25118],[-2.17974,55.25203],[-2.18086,55.25279],[-2.18879,55.25482],[-2.18918,55.2542],[-2.19887,55.25086],[-2.20465,55.24991],[-2.20911,55.24994],[-2.21408,55.25164],[-2.21843,55.25177],[-2.21978,55.25097],[-2.22045,55.25155],[-2.22083,55.25139],[-2.22524,55.24617],[-2.22555,55.24531],[-2.22512,55.24431],[-2.21358,55.23296],[-2.21028,55.22643],[-2.20315,55.22236],[-2.20186,55.22123],[-2.1963,55.21563],[-2.19169,55.209],[-2.18556,55.20174],[-2.18039,55.19692],[-2.1757,55.18407],[-2.18652,55.18521],[-2.19341,55.18409],[-2.19239,55.1834],[-2.18958,55.17989],[-2.19054,55.17974],[-2.1899,55.1796],[-2.18908,55.17641],[-2.18711,55.17425],[-2.18688,55.17308],[-2.18762,55.17301],[-2.18764,55.17216],[-2.18873,55.17195],[-2.19228,55.17031],[-2.19474,55.16977],[-2.19547,55.16874],[-2.20017,55.16475],[-2.20392,55.16261],[-2.21134,55.15623],[-2.2259,55.15349],[-2.22792,55.15245],[-2.22938,55.1528],[-2.2308,55.15261],[-2.23318,55.15348],[-2.23395,55.15582],[-2.23457,55.15634],[-2.2342,55.15728],[-2.23627,55.1596],[-2.23728,55.15973],[-2.23909,55.16112],[-2.24601,55.16321],[-2.24757,55.16433],[-2.25103,55.16407],[-2.24985,55.16251],[-2.25144,55.16132],[-2.25105,55.16043],[-2.25175,55.15998],[-2.2517,55.15957],[-2.25075,55.15849],[-2.25142,55.15748],[-2.25025,55.15657],[-2.25035,55.15579],[-2.24759,55.15363],[-2.24703,55.15175],[-2.24707,55.15071],[-2.24878,55.14967],[-2.24976,55.15089],[-2.25071,55.15126],[-2.25073,55.15165],[-2.25158,55.15181],[-2.25148,55.15217],[-2.25223,55.15231],[-2.25208,55.15257],[-2.25298,55.15321],[-2.25287,55.15525],[-2.25414,55.15636],[-2.2588,55.15837],[-2.25934,55.15901],[-2.26136,55.15942],[-2.26414,55.16139],[-2.26445,55.16147],[-2.26234,55.15911],[-2.26959,55.15971],[-2.26985,55.15769],[-2.27319,55.15355],[-2.27292,55.15149],[-2.27394,55.15137],[-2.27496,55.15165],[-2.27549,55.14978],[-2.27521,55.14852],[-2.27638,55.14843],[-2.27413,55.14753],[-2.27651,55.14682],[-2.27662,55.14635],[-2.27346,55.14578],[-2.26595,55.14319],[-2.26202,55.14293],[-2.26186,55.14047],[-2.2583,55.13657],[-2.25671,55.13564],[-2.25044,55.13348],[-2.24788,55.13229],[-2.25112,55.12989],[-2.25093,55.12962],[-2.25331,55.12683],[-2.25593,55.12562],[-2.25689,55.12416],[-2.26564,55.12556],[-2.26634,55.12473],[-2.26671,55.12315],[-2.2678,55.12188],[-2.26976,55.12108],[-2.26931,55.11898],[-2.27028,55.11552],[-2.26783,55.11462],[-2.2695,55.11345],[-2.26808,55.11311],[-2.26732,55.11231],[-2.27315,55.10709],[-2.2779,55.10032],[-2.28079,55.0996],[-2.28734,55.10091],[-2.29092,55.10048],[-2.29111,55.10015],[-2.29056,55.0996],[-2.28899,55.09872],[-2.28845,55.09579],[-2.28724,55.09471],[-2.28766,55.09464],[-2.28766,55.09327],[-2.2892,55.09272],[-2.28807,55.0923],[-2.28821,55.09179],[-2.29134,55.08954],[-2.29332,55.0894],[-2.29434,55.08884],[-2.29575,55.08881],[-2.29726,55.0882],[-2.297,55.08782],[-2.29763,55.08646],[-2.29733,55.085],[-2.29824,55.08243],[-2.29798,55.08043],[-2.2988,55.07869],[-2.30159,55.0773],[-2.30395,55.07677],[-2.30862,55.07488],[-2.31232,55.0706],[-2.28735,55.0698],[-2.27247,55.07013],[-2.26067,55.06979],[-2.25259,55.07038],[-2.24715,55.0701],[-2.24486,55.07027],[-2.24463,55.06749],[-2.24509,55.06599],[-2.24364,55.06552],[-2.242,55.06374],[-2.23884,55.05641],[-2.23853,55.05471],[-2.23912,55.05397],[-2.23762,55.0534],[-2.2385,55.05309],[-2.23701,55.05248],[-2.23548,55.0493],[-2.23171,55.04395],[-2.23101,55.04391],[-2.23104,55.04324],[-2.2299,55.04342],[-2.22912,55.04409],[-2.22831,55.04397],[-2.22688,55.04437],[-2.22604,55.04379],[-2.22454,55.04379],[-2.22352,55.04457],[-2.22004,55.04143],[-2.2168,55.04304],[-2.21571,55.04437],[-2.21149,55.04395],[-2.20576,55.04385],[-2.19253,55.045],[-2.19087,55.04311],[-2.18639,55.04443],[-2.18432,55.04444],[-2.18314,55.04415],[-2.18205,55.04418],[-2.18205,55.04445],[-2.18042,55.04443],[-2.17868,55.04396],[-2.17829,55.0435],[-2.17613,55.04334],[-2.17356,55.03909],[-2.17232,55.03564],[-2.17109,55.03398],[-2.16031,55.03178],[-2.16039,55.03035],[-2.1657,55.02946],[-2.17485,55.03098],[-2.17411,55.02756],[-2.21424,55.02997],[-2.24228,55.02568],[-2.26948,55.02395],[-2.26948,55.02167],[-2.26864,55.01812],[-2.27665,55.01655],[-2.27397,55.01503],[-2.2699,55.01135],[-2.2675,55.00674],[-2.2769,55.00606],[-2.29231,55.00398],[-2.32742,54.9974],[-2.33289,54.9969],[-2.3416,54.99674],[-2.34801,54.99537],[-2.35144,54.99532],[-2.35448,54.99433],[-2.35679,54.99265],[-2.35825,54.99228],[-2.35953,54.99242],[-2.35781,54.99102],[-2.36064,54.99035],[-2.36197,54.9905],[-2.36248,54.99028],[-2.36408,54.99169],[-2.38806,54.98972],[-2.38902,54.98939],[-2.40004,54.98841],[-2.40896,54.98815],[-2.41647,54.98836],[-2.42474,54.98949],[-2.43271,54.98851],[-2.43234,54.98749],[-2.4442,54.98751],[-2.49951,54.98019],[-2.5156,54.98115],[-2.52843,54.98269],[-2.52894,54.98356],[-2.52978,54.9898],[-2.53289,54.98895],[-2.53382,54.98819],[-2.53452,54.9899],[-2.5343,54.9914],[-2.53568,54.99239],[-2.5368,54.99531],[-2.54511,54.99856],[-2.54829,54.99853],[-2.54937,54.99778],[-2.55095,54.9973],[-2.55125,54.99755],[-2.55215,54.99749],[-2.55592,55.00044],[-2.56378,55.00441],[-2.56148,55.009],[-2.56535,55.01022],[-2.56719,55.00879],[-2.56875,55.00837],[-2.56856,55.00731],[-2.56967,55.00657],[-2.57026,55.00644],[-2.57083,55.00705],[-2.57262,55.00633],[-2.57345,55.00648],[-2.57363,55.00702],[-2.57189,55.00855],[-2.57401,55.00966],[-2.57481,55.01121],[-2.57178,55.01419],[-2.57325,55.01592],[-2.57305,55.01627],[-2.57132,55.01706],[-2.56788,55.01722],[-2.56826,55.01827],[-2.56531,55.02007],[-2.56025,55.02046],[-2.55861,55.02092],[-2.55754,55.02028],[-2.55801,55.01981],[-2.55689,55.01967],[-2.55596,55.01982],[-2.55463,55.02092],[-2.55238,55.02109],[-2.55023,55.02234],[-2.54651,55.02367],[-2.54589,55.02438],[-2.54631,55.02552],[-2.54537,55.02641],[-2.54406,55.0269],[-2.54077,55.02732],[-2.53963,55.02886],[-2.53409,55.02823],[-2.53327,55.02863],[-2.533,55.02987],[-2.53208,55.03035],[-2.52932,55.02902],[-2.5276,55.02906],[-2.52711,55.02963],[-2.52766,55.03226],[-2.52691,55.03292],[-2.52582,55.03235],[-2.52453,55.03294],[-2.52151,55.03254],[-2.51921,55.03278],[-2.51791,55.0331],[-2.51752,55.03352],[-2.51626,55.03342],[-2.51572,55.03365],[-2.51652,55.03456],[-2.51608,55.03465],[-2.51235,55.03384],[-2.51173,55.03461],[-2.51075,55.03489],[-2.51102,55.03588],[-2.51001,55.03635],[-2.50907,55.03629],[-2.50851,55.03591],[-2.50919,55.03455],[-2.50796,55.034],[-2.50636,55.03383],[-2.50544,55.03331],[-2.50446,55.0332],[-2.5037,55.03358],[-2.50375,55.03416],[-2.50577,55.03486],[-2.50633,55.03571],[-2.50539,55.03683],[-2.50254,55.0371],[-2.49748,55.03686],[-2.49358,55.03714],[-2.48417,55.03957],[-2.48255,55.04055],[-2.48268,55.04338],[-2.48502,55.0452],[-2.48822,55.04627],[-2.48728,55.04715],[-2.48754,55.04781],[-2.49441,55.05072],[-2.493,55.05223],[-2.49098,55.05327],[-2.49074,55.05378],[-2.49121,55.05421],[-2.49086,55.05452],[-2.49201,55.05494],[-2.49229,55.05418],[-2.49451,55.05308],[-2.49547,55.05363],[-2.49525,55.0546],[-2.49745,55.05638],[-2.49784,55.05659],[-2.4997,55.05612],[-2.50081,55.05664],[-2.50207,55.05781],[-2.50191,55.05986],[-2.50273,55.06079],[-2.50231,55.06127],[-2.50067,55.06115],[-2.49995,55.06202],[-2.50115,55.06243],[-2.50354,55.06208],[-2.504,55.06249],[-2.5036,55.06305],[-2.50085,55.06425],[-2.49806,55.06463],[-2.49764,55.06561],[-2.49381,55.06594],[-2.49221,55.06815],[-2.49334,55.06918],[-2.49338,55.07094],[-2.49411,55.07168],[-2.49635,55.07225],[-2.49951,55.07364],[-2.5011,55.07466],[-2.50111,55.07536],[-2.49941,55.07678],[-2.49699,55.07745],[-2.49626,55.08038],[-2.49468,55.08184],[-2.49355,55.08218],[-2.49105,55.08224],[-2.49041,55.08097],[-2.48954,55.08072],[-2.48651,55.08112],[-2.48613,55.08149],[-2.48651,55.08314],[-2.48817,55.08358],[-2.49004,55.08351],[-2.49087,55.08381],[-2.49088,55.08401],[-2.48968,55.08411],[-2.49071,55.08587],[-2.49183,55.0863],[-2.49312,55.08617],[-2.49524,55.08645],[-2.49512,55.08769],[-2.49552,55.08757],[-2.49571,55.08665],[-2.49837,55.08732],[-2.50054,55.0901],[-2.50281,55.09133],[-2.50265,55.09256],[-2.50082,55.09333],[-2.50023,55.0948],[-2.49937,55.09522],[-2.50015,55.09598],[-2.50018,55.09724],[-2.49833,55.09952],[-2.49857,55.10079],[-2.49794,55.10258],[-2.49704,55.10329],[-2.4954,55.10601],[-2.49507,55.10813],[-2.49365,55.1094],[-2.49185,55.11265],[-2.49019,55.11416],[-2.49208,55.11554],[-2.49033,55.11532],[-2.48712,55.11609],[-2.48356,55.11641],[-2.48276,55.11601],[-2.4772,55.11546],[-2.47448,55.11596],[-2.47338,55.11645],[-2.47293,55.11617],[-2.4734,55.11556],[-2.47098,55.11583],[-2.46977,55.11566],[-2.46809,55.11629],[-2.46496,55.11556],[-2.46368,55.11617],[-2.46098,55.11651],[-2.46032,55.11633],[-2.46067,55.11578],[-2.45985,55.11565],[-2.45884,55.11586],[-2.45824,55.11641],[-2.45587,55.11654],[-2.45534,55.11625],[-2.45231,55.11692],[-2.45058,55.117],[-2.44738,55.11831],[-2.44673,55.11835],[-2.44695,55.11774],[-2.44577,55.11768],[-2.44474,55.11814],[-2.44451,55.11871],[-2.44389,55.11863],[-2.44393,55.11817],[-2.44315,55.11786],[-2.44266,55.11821],[-2.44293,55.11885],[-2.44224,55.11909],[-2.44098,55.11884],[-2.43982,55.11932],[-2.43629,55.11882],[-2.43582,55.11921],[-2.43702,55.11938],[-2.43751,55.11994],[-2.43616,55.1203],[-2.4349,55.12015],[-2.43395,55.1205],[-2.43399,55.1213],[-2.4349,55.12159],[-2.4331,55.12346],[-2.43343,55.1245],[-2.43276,55.1249],[-2.43159,55.12454],[-2.42752,55.12418],[-2.42307,55.12434],[-2.42048,55.12328],[-2.41496,55.12423],[-2.41356,55.12341],[-2.41238,55.12391],[-2.41158,55.1236],[-2.41168,55.12297],[-2.41089,55.12281],[-2.40873,55.12281],[-2.4077,55.12311],[-2.407,55.12415],[-2.40516,55.12536],[-2.40007,55.12461],[-2.39888,55.12576],[-2.39551,55.12729],[-2.39312,55.12981],[-2.39423,55.13047],[-2.3956,55.13233],[-2.39533,55.1333],[-2.39405,55.13349],[-2.39324,55.13274],[-2.39214,55.13256],[-2.39072,55.13357],[-2.38883,55.13377],[-2.38792,55.13414],[-2.3875,55.13612],[-2.3896,55.13698],[-2.38967,55.13741],[-2.38802,55.13706],[-2.38676,55.13744],[-2.38451,55.14041],[-2.38249,55.14134],[-2.38244,55.14239],[-2.37893,55.14275],[-2.37851,55.14347],[-2.37679,55.14408],[-2.37502,55.14375],[-2.37349,55.14395],[-2.37121,55.14588],[-2.36688,55.14704],[-2.36475,55.14725],[-2.36267,55.14888],[-2.36255,55.15071],[-2.36146,55.15136],[-2.36217,55.15226],[-2.3639,55.15274],[-2.363,55.15537],[-2.37256,55.15607],[-2.37619,55.15771],[-2.37613,55.15828],[-2.39017,55.15586],[-2.39286,55.15242],[-2.40176,55.15383],[-2.40331,55.15983],[-2.40551,55.15977],[-2.40573,55.16045],[-2.40466,55.16238],[-2.40539,55.16355],[-2.40194,55.16417],[-2.40184,55.1645],[-2.39998,55.16457],[-2.39986,55.16544],[-2.40352,55.16503],[-2.40439,55.16543],[-2.40634,55.16552],[-2.41158,55.16497],[-2.42,55.16629],[-2.42319,55.16583],[-2.42532,55.16512],[-2.4254,55.16558],[-2.42713,55.16541],[-2.42834,55.16513],[-2.42882,55.16449],[-2.42714,55.16381],[-2.42756,55.16208],[-2.42885,55.16167],[-2.43033,55.16172],[-2.43186,55.16205],[-2.43263,55.16261],[-2.43352,55.16222],[-2.43607,55.16205],[-2.43727,55.1615],[-2.43854,55.16188],[-2.44,55.16062],[-2.44266,55.15985],[-2.444,55.15987],[-2.44474,55.16021],[-2.44402,55.16114],[-2.43973,55.16445],[-2.43206,55.16743],[-2.42925,55.16671],[-2.4286,55.16752],[-2.42847,55.16893],[-2.43862,55.17257],[-2.44486,55.16687],[-2.446,55.16738],[-2.43945,55.17282],[-2.43903,55.1736],[-2.43789,55.17386],[-2.4362,55.17633],[-2.43525,55.17675],[-2.43193,55.17517],[-2.42999,55.17616],[-2.4317,55.17859],[-2.43523,55.18011],[-2.43617,55.18082],[-2.43931,55.18163],[-2.43978,55.18222],[-2.44298,55.1824],[-2.44542,55.18196],[-2.44402,55.18045],[-2.44469,55.17966],[-2.44643,55.18075],[-2.44865,55.1806],[-2.44877,55.18018],[-2.44944,55.18023],[-2.44974,55.17865],[-2.45053,55.17901],[-2.45227,55.17899],[-2.45238,55.17785],[-2.45365,55.17745],[-2.45643,55.177],[-2.4625,55.17651],[-2.46277,55.17669],[-2.46386,55.17604],[-2.46455,55.17617],[-2.46705,55.17891],[-2.4688,55.18016],[-2.46698,55.18312],[-2.46117,55.18529],[-2.45794,55.18509],[-2.45711,55.18531],[-2.45486,55.18499],[-2.45346,55.18438],[-2.45272,55.18369],[-2.45232,55.18114],[-2.45184,55.18075],[-2.45052,55.18079],[-2.44327,55.18292],[-2.43899,55.18286],[-2.43777,55.18232],[-2.43501,55.18194],[-2.42839,55.17634],[-2.42205,55.17366],[-2.4197,55.17345],[-2.41485,55.17943],[-2.4167,55.18071],[-2.41165,55.18366],[-2.40859,55.18623],[-2.40808,55.18849],[-2.40521,55.19449],[-2.38754,55.19315],[-2.3861,55.19565],[-2.38302,55.19722],[-2.37678,55.19838],[-2.3661,55.19845],[-2.36037,55.20043],[-2.3598,55.20105],[-2.35989,55.20198],[-2.36054,55.20269],[-2.36008,55.2038],[-2.36139,55.20493],[-2.36079,55.20563],[-2.35946,55.20607],[-2.35939,55.20675],[-2.35822,55.20718],[-2.35894,55.20776],[-2.35739,55.20949],[-2.35655,55.20988],[-2.35534,55.20961],[-2.35339,55.21059],[-2.35336,55.21169],[-2.3505,55.21333],[-2.35099,55.21389],[-2.34916,55.21447],[-2.34828,55.21525],[-2.34801,55.21578],[-2.34873,55.21713],[-2.34814,55.21818],[-2.34846,55.21989],[-2.34757,55.22002],[-2.34716,55.22062],[-2.34572,55.22088],[-2.34467,55.22211],[-2.34534,55.22329],[-2.34375,55.2238],[-2.34496,55.22395],[-2.34578,55.2245],[-2.34598,55.22506],[-2.34514,55.2252],[-2.34517,55.22587],[-2.34624,55.22588],[-2.34619,55.22678],[-2.34781,55.22753],[-2.34943,55.2295],[-2.31918,55.23498],[-2.33068,55.25768],[-2.3251,55.2573],[-2.32258,55.25748],[-2.32146,55.2581],[-2.32149,55.25854],[-2.3192,55.25948],[-2.31955,55.26107],[-2.31909,55.26214],[-2.32104,55.26509],[-2.32254,55.26623],[-2.32903,55.27403],[-2.32873,55.27516],[-2.32932,55.27658],[-2.33154,55.27825],[-2.33357,55.27911],[-2.33644,55.28179],[-2.33727,55.2846],[-2.33739,55.2877],[-2.34086,55.29261],[-2.34024,55.29689],[-2.3414,55.29786],[-2.34343,55.30092],[-2.34322,55.30384],[-2.34665,55.30692],[-2.35217,55.30909],[-2.36628,55.31683],[-2.37933,55.32111],[-2.38963,55.32213],[-2.39762,55.32348],[-2.40708,55.32372],[-2.41622,55.32516],[-2.41941,55.32669],[-2.4242,55.3284],[-2.42896,55.32913],[-2.43741,55.33168],[-2.44394,55.33479],[-2.45357,55.33804],[-2.4583,55.33814],[-2.46006,55.33859],[-2.46242,55.34018],[-2.46473,55.34357],[-2.46479,55.34464],[-2.46403,55.34624],[-2.46432,55.34713],[-2.46552,55.34774],[-2.47095,55.34854],[-2.47268,55.34913],[-2.4749,55.35145],[-2.47681,55.35238],[-2.47736,55.35439],[-2.4736,55.35475],[-2.46751,55.35281],[-2.46328,55.35366],[-2.46109,55.35325],[-2.45753,55.35437],[-2.45658,55.35525],[-2.45142,55.35663],[-2.44462,55.35916],[-2.44352,55.35928],[-2.4403,55.35918],[-2.43919,55.35944],[-2.43644,55.35818],[-2.42922,55.35655],[-2.42706,55.35785],[-2.42403,55.35864],[-2.4215,55.35869],[-2.4198,55.35906],[-2.41493,55.35889],[-2.41241,55.35783],[-2.41127,55.35807],[-2.40837,55.35734],[-2.40238,55.35455],[-2.40064,55.35306],[-2.39948,55.35054],[-2.40006,55.34869],[-2.39924,55.34819],[-2.39281,55.34742],[-2.39066,55.34789],[-2.38388,55.34843],[-2.38077,55.34921],[-2.37892,55.34916],[-2.37899,55.35057],[-2.37472,55.35398],[-2.3729,55.35502],[-2.36975,55.35578],[-2.36545,55.35765],[-2.36415,55.35879],[-2.36097,55.35922],[-2.35851,55.35997],[-2.35494,55.36254],[-2.35137,55.36319],[-2.3477,55.36449],[-2.34505,55.36457],[-2.34206,55.36522],[-2.34008,55.36609],[-2.33991,55.36659],[-2.33889,55.36713],[-2.33753,55.36718],[-2.33839,55.36775],[-2.33898,55.36883],[-2.34308,55.37056],[-2.34626,55.37309],[-2.33707,55.37679],[-2.3365,55.37793],[-2.33223,55.3801],[-2.3305,55.38048],[-2.33006,55.38118],[-2.33066,55.38118],[-2.33472,55.38307],[-2.33492,55.38554],[-2.33585,55.38612],[-2.33584,55.38729],[-2.335,55.38869],[-2.33553,55.39256],[-2.34193,55.39632],[-2.34347,55.39745],[-2.34499,55.39928],[-2.3432,55.40035],[-2.342,55.40035],[-2.34029,55.40126],[-2.33777,55.40116],[-2.3364,55.40191],[-2.33401,55.40208],[-2.33335,55.4026],[-2.33308,55.40442],[-2.33565,55.40819],[-2.33386,55.40876],[-2.33239,55.40991],[-2.33078,55.40969],[-2.32789,55.40804],[-2.32257,55.4076],[-2.32071,55.40818],[-2.31956,55.40754],[-2.31613,55.40737],[-2.3133,55.4068],[-2.31261,55.40987],[-2.31014,55.41017],[-2.30906,55.41072],[-2.3068,55.41123],[-2.30461,55.41257],[-2.302,55.41361],[-2.2963,55.41468],[-2.29551,55.41534],[-2.29492,55.41726],[-2.29383,55.41849],[-2.29455,55.42045],[-2.284,55.42282],[-2.282,55.42482],[-2.2801,55.42584],[-2.27792,55.42641],[-2.27392,55.426],[-2.27193,55.4286],[-2.27065,55.42958],[-2.26822,55.43001],[-2.2643,55.42872],[-2.26223,55.42858],[-2.2623,55.42932],[-2.26146,55.42987],[-2.26058,55.43292],[-2.25845,55.43219],[-2.25625,55.43223],[-2.25362,55.43185],[-2.24258,55.43211],[-2.23657,55.43094],[-2.23405,55.42931],[-2.23123,55.42842],[-2.23009,55.43062],[-2.22821,55.43035],[-2.22332,55.43133],[-2.2231,55.43223],[-2.22106,55.43321],[-2.20562,55.43752],[-2.20376,55.43863],[-2.20189,55.4406],[-2.19864,55.44198],[-2.19482,55.44462],[-2.19333,55.44728],[-2.19353,55.44985],[-2.19232,55.45251],[-2.19026,55.45412],[-2.18844,55.4564],[-2.18976,55.46088],[-2.1883,55.46199],[-2.18429,55.46407],[-2.16655,55.46747],[-2.16554,55.46838],[-2.16646,55.46878],[-2.16856,55.46906],[-2.17379,55.47229],[-2.18897,55.47388],[-2.19581,55.47534],[-2.20039,55.47499],[-2.20148,55.47539],[-2.20344,55.47864],[-2.20636,55.48131],[-2.20614,55.48279],[-2.20229,55.48817],[-2.20284,55.48972],[-2.20531,55.49149],[-2.20702,55.49405],[-2.20883,55.49467],[-2.20867,55.49557],[-2.212,55.49945],[-2.2171,55.50293],[-2.21942,55.50569],[-2.22057,55.50632],[-2.22658,55.50709],[-2.22804,55.50801],[-2.22901,55.50988],[-2.22759,55.51421],[-2.22669,55.51939],[-2.22427,55.52279],[-2.22754,55.5284],[-2.23316,55.5296],[-2.23368,55.53307],[-2.23376,55.54074],[-2.23291,55.54179],[-2.23317,55.54315],[-2.23249,55.54353],[-2.23219,55.54482],[-2.23398,55.54645],[-2.23516,55.54832],[-2.24084,55.5527],[-2.24058,55.5558],[-2.24413,55.55684],[-2.24787,55.55671],[-2.25135,55.56013],[-2.25316,55.56141],[-2.25523,55.56187],[-2.25544,55.56222],[-2.25398,55.56355],[-2.25233,55.56434],[-2.25113,55.56425],[-2.24908,55.5661],[-2.24569,55.57019],[-2.24575,55.57167],[-2.24246,55.57635],[-2.24166,55.57686],[-2.24369,55.57818],[-2.24418,55.58084],[-2.2436,55.58257],[-2.24166,55.58416],[-2.23891,55.58495],[-2.23326,55.58528],[-2.22083,55.58821],[-2.21711,55.58881],[-2.20756,55.59148],[-2.20011,55.59118],[-2.19483,55.5906],[-2.1916,55.58921],[-2.18598,55.58833],[-2.18375,55.58706],[-2.1811,55.58646],[-2.1799,55.58559],[-2.17686,55.58477],[-2.17341,55.58274],[-2.17034,55.58189],[-2.16601,55.58014],[-2.16495,55.57906],[-2.16174,55.57749],[-2.15979,55.57586],[-2.15781,55.5728],[-2.1555,55.57083],[-2.1544,55.56822]]]}},{"type":"Feature","properties":{"name":"North York Moors","kind":"national_park"},"geometry":{"type":"MultiPolygon","coordinates":[[[[-0.78792,54.55962],[-0.78792,54.55959],[-0.78791,54.55962],[-0.78761,54.55914],[-0.78796,54.55906],[-0.78811,54.55937],[-0.78815,54.55946],[-0.78835,54.55986],[-0.78838,54.55986],[-0.78851,54.56013],[-0.78842,54.56016],[-0.7882,54.56006],[-0.78792,54.55962]]],[[[-0.84903,54.57078],[-0.84682,54.57027],[-0.84488,54.57036],[-0.84236,54.56969],[-0.84213,54.56963],[-0.84103,54.5686],[-0.8347,54.56736],[-0.834,54.56679],[-0.82981,54.56582],[-0.82617,54.56286],[-0.82415,54.56191],[-0.81794,54.56117],[-0.81208,54.55948],[-0.81025,54.55937],[-0.80893,54.5586],[-0.80621,54.55895],[-0.80379,54.55865],[-0.80237,54.55906],[-0.80195,54.55879],[-0.80051,54.55972],[-0.79945,54.55984],[-0.79687,54.55894],[-0.79284,54.56061],[-0.79174,54.56074],[-0.7911,54.56031],[-0.78906,54.56073],[-0.78863,54.56079],[-0.78868,54.56076],[-0.7897,54.56045],[-0.79107,54.5603],[-0.79068,54.55963],[-0.79282,54.55956],[-0.79338,54.55912],[-0.79394,54.55869],[-0.79425,54.55844],[-0.79397,54.55859],[-0.79221,54.55947],[-0.78973,54.55859],[-0.78784,54.55899],[-0.78762,54.55872],[-0.78563,54.55877],[-0.78375,54.55933],[-0.78157,54.55799],[-0.77897,54.55713],[-0.77625,54.55695],[-0.77555,54.55773],[-0.77449,54.55739],[-0.77539,54.55474],[-0.77425,54.55326],[-0.77261,54.55229],[-0.77164,54.55203],[-0.76959,54.5521],[-0.76784,54.55125],[-0.76691,54.54981],[-0.76519,54.54862],[-0.76526,54.54834],[-0.76584,54.54869],[-0.76587,54.54833],[-0.76605,54.54812],[-0.76763,54.54768],[-0.76723,54.5463],[-0.76487,54.54517],[-0.76187,54.54373],[-0.76031,54.5435],[-0.75824,54.54385],[-0.75448,54.54335],[-0.75367,54.54301],[-0.75331,54.54239],[-0.75108,54.54197],[-0.74973,54.54009],[-0.74922,54.53792],[-0.74782,54.53711],[-0.747,54.53615],[-0.74696,54.5356],[-0.74785,54.53494],[-0.74802,54.53426],[-0.7495,54.53346],[-0.7496,54.53301],[-0.7488,54.53136],[-0.74458,54.52858],[-0.7419,54.52785],[-0.73793,54.5275],[-0.73459,54.5275],[-0.73071,54.52811],[-0.72872,54.52979],[-0.72658,54.53057],[-0.72183,54.53023],[-0.71997,54.5304],[-0.71839,54.53091],[-0.71632,54.53223],[-0.71637,54.53431],[-0.71577,54.53433],[-0.7146,54.53356],[-0.71302,54.53369],[-0.70994,54.53179],[-0.70825,54.53167],[-0.70575,54.53043],[-0.70506,54.52965],[-0.70531,54.52871],[-0.70384,54.52662],[-0.70238,54.52597],[-0.70048,54.52594],[-0.6998,54.52555],[-0.69746,54.52323],[-0.69742,54.52268],[-0.6947,54.52169],[-0.69389,54.52058],[-0.69229,54.5202],[-0.68861,54.52098],[-0.68781,54.52046],[-0.68235,54.51973],[-0.68106,54.51794],[-0.67838,54.51615],[-0.67849,54.51475],[-0.67751,54.51404],[-0.67777,54.51372],[-0.6768,54.5137],[-0.67657,54.51358],[-0.6766,54.51353],[-0.67647,54.51352],[-0.67579,54.51315],[-0.67468,54.51307],[-0.6746,54.51305],[-0.67421,54.51291],[-0.67313,54.51284],[-0.67263,54.51251],[-0.67268,54.51095],[-0.67396,54.51018],[-0.67431,54.50717],[-0.67471,54.50656],[-0.67753,54.50657],[-0.677,54.50586],[-0.67711,54.5044],[-0.68031,54.50518],[-0.68063,54.50505],[-0.67902,54.504],[-0.67856,54.50301],[-0.67621,54.50206],[-0.67279,54.49993],[-0.67237,54.49915],[-0.67303,54.49815],[-0.66917,54.49457],[-0.66628,54.49713],[-0.66409,54.49651],[-0.66257,54.4956],[-0.66228,54.4933],[-0.66339,54.49254],[-0.66222,54.49222],[-0.66098,54.49239],[-0.6604,54.49209],[-0.65743,54.49182],[-0.65601,54.49219],[-0.65465,54.49206],[-0.64899,54.49067],[-0.64815,54.49146],[-0.64552,54.49114],[-0.64401,54.49131],[-0.6453,54.48922],[-0.65007,54.48489],[-0.65053,54.48255],[-0.64836,54.48094],[-0.65076,54.47925],[-0.65507,54.47842],[-0.65955,54.47715],[-0.65863,54.47468],[-0.65917,54.47477],[-0.65993,54.47209],[-0.6608,54.4722],[-0.66134,54.47142],[-0.66204,54.47151],[-0.66326,54.47028],[-0.66519,54.47077],[-0.6666,54.4694],[-0.66979,54.46765],[-0.6635,54.46343],[-0.66457,54.46139],[-0.66829,54.46069],[-0.66864,54.46038],[-0.66835,54.45898],[-0.67053,54.45852],[-0.67184,54.45785],[-0.67049,54.45692],[-0.67012,54.45497],[-0.67041,54.45436],[-0.6714,54.45406],[-0.67357,54.4542],[-0.67426,54.45502],[-0.67568,54.45427],[-0.67465,54.4523],[-0.67527,54.45143],[-0.67517,54.45067],[-0.67321,54.44775],[-0.66903,54.44842],[-0.66589,54.44976],[-0.66575,54.45047],[-0.6593,54.45225],[-0.65609,54.45223],[-0.65532,54.45246],[-0.6568,54.4532],[-0.65546,54.45516],[-0.65754,54.45569],[-0.65965,54.45741],[-0.6592,54.45827],[-0.65778,54.45827],[-0.65738,54.45879],[-0.65937,54.45884],[-0.66128,54.45941],[-0.66043,54.46028],[-0.66132,54.46059],[-0.66047,54.46134],[-0.65171,54.46236],[-0.64946,54.46353],[-0.64713,54.46389],[-0.64023,54.46621],[-0.63595,54.46635],[-0.63402,54.46834],[-0.63297,54.46891],[-0.63248,54.46896],[-0.63361,54.46824],[-0.63218,54.4689],[-0.62822,54.46916],[-0.62818,54.46898],[-0.62552,54.46955],[-0.62547,54.46938],[-0.62547,54.46956],[-0.62315,54.47062],[-0.62243,54.47137],[-0.62074,54.47111],[-0.62053,54.47107],[-0.62053,54.47083],[-0.62063,54.47041],[-0.62015,54.47002],[-0.61815,54.46973],[-0.61617,54.46886],[-0.6134,54.46844],[-0.61238,54.46735],[-0.61099,54.46691],[-0.61092,54.46656],[-0.60948,54.46645],[-0.60802,54.46545],[-0.60729,54.46552],[-0.60539,54.46492],[-0.60417,54.46494],[-0.60136,54.46431],[-0.60026,54.46325],[-0.60031,54.46482],[-0.59916,54.46724],[-0.5994,54.46781],[-0.59622,54.47096],[-0.59808,54.47188],[-0.59845,54.47283],[-0.59822,54.47395],[-0.59949,54.4766],[-0.59929,54.47703],[-0.60106,54.47902],[-0.5951,54.4814],[-0.59438,54.48434],[-0.59442,54.48658],[-0.59334,54.48784],[-0.59333,54.48784],[-0.59326,54.48781],[-0.59283,54.48766],[-0.59161,54.48794],[-0.58859,54.48928],[-0.58844,54.48899],[-0.58955,54.4886],[-0.58963,54.48829],[-0.58885,54.48669],[-0.58814,54.48569],[-0.58512,54.48387],[-0.58385,54.48335],[-0.5802,54.48306],[-0.57985,54.48334],[-0.57884,54.48334],[-0.57748,54.48261],[-0.57261,54.48116],[-0.57077,54.47988],[-0.56896,54.47977],[-0.56874,54.47889],[-0.56629,54.47769],[-0.56401,54.47594],[-0.56203,54.47298],[-0.56143,54.47106],[-0.55957,54.46989],[-0.55937,54.46796],[-0.55745,54.46678],[-0.55687,54.46504],[-0.55483,54.46471],[-0.55366,54.46356],[-0.55014,54.462],[-0.54973,54.46122],[-0.5473,54.4613],[-0.54543,54.46052],[-0.54481,54.45983],[-0.54251,54.45942],[-0.54029,54.458],[-0.53872,54.45591],[-0.53715,54.45472],[-0.53399,54.45372],[-0.53466,54.45289],[-0.5333,54.45134],[-0.53095,54.45023],[-0.52874,54.45016],[-0.52624,54.44946],[-0.5257,54.44843],[-0.52397,54.44816],[-0.52145,54.44692],[-0.52083,54.44619],[-0.52159,54.44544],[-0.52118,54.44403],[-0.52219,54.44123],[-0.52358,54.43996],[-0.52636,54.43842],[-0.53134,54.43661],[-0.53176,54.43609],[-0.53151,54.43474],[-0.5327,54.43353],[-0.53169,54.43197],[-0.53224,54.43183],[-0.53236,54.43127],[-0.53191,54.43041],[-0.53227,54.43024],[-0.53229,54.42861],[-0.53135,54.42709],[-0.53088,54.42499],[-0.52916,54.42352],[-0.52972,54.42288],[-0.52888,54.42269],[-0.52529,54.41836],[-0.52291,54.41622],[-0.51783,54.41422],[-0.5134,54.41157],[-0.50798,54.4099],[-0.5042,54.40762],[-0.50021,54.40683],[-0.49442,54.40674],[-0.49295,54.40759],[-0.49156,54.40793],[-0.49089,54.4076],[-0.49014,54.40646],[-0.48688,54.40506],[-0.48454,54.40286],[-0.48223,54.40172],[-0.47865,54.39903],[-0.47773,54.39874],[-0.47667,54.39916],[-0.47524,54.39888],[-0.47376,54.39782],[-0.47169,54.397],[-0.46877,54.39324],[-0.46322,54.38855],[-0.46167,54.38589],[-0.46156,54.38569],[-0.4611,54.38489],[-0.45772,54.38144],[-0.45461,54.37596],[-0.44981,54.37242],[-0.44705,54.3674],[-0.44733,54.36546],[-0.44593,54.36361],[-0.44583,54.36212],[-0.44623,54.36057],[-0.44685,54.36014],[-0.44677,54.3594],[-0.44676,54.35935],[-0.44626,54.35848],[-0.44473,54.35762],[-0.43993,54.35698],[-0.43919,54.35663],[-0.43604,54.35275],[-0.43326,54.35054],[-0.43281,54.3489],[-0.43134,54.34682],[-0.43097,54.34509],[-0.43278,54.34068],[-0.43263,54.34009],[-0.43114,54.33991],[-0.42855,54.34021],[-0.42737,54.33984],[-0.4255,54.33991],[-0.42582,54.33975],[-0.42336,54.33906],[-0.42163,54.33609],[-0.421,54.33353],[-0.42045,54.33328],[-0.42075,54.3328],[-0.41926,54.33225],[-0.41935,54.33215],[-0.42493,54.33094],[-0.43194,54.32874],[-0.43249,54.3291],[-0.43485,54.3286],[-0.44113,54.32649],[-0.443,54.32834],[-0.44518,54.33269],[-0.44574,54.33283],[-0.4433,54.33876],[-0.44687,54.33804],[-0.4501,54.33807],[-0.45648,54.34067],[-0.45946,54.3405],[-0.46129,54.33872],[-0.47447,54.33305],[-0.4738,54.33205],[-0.47482,54.33151],[-0.47397,54.33122],[-0.47329,54.33023],[-0.47339,54.32885],[-0.47066,54.32595],[-0.46607,54.31863],[-0.47055,54.31497],[-0.46261,54.29792],[-0.46086,54.29831],[-0.45672,54.29841],[-0.45195,54.29766],[-0.45106,54.2962],[-0.44936,54.2957],[-0.44766,54.29412],[-0.45133,54.28939],[-0.45179,54.28557],[-0.45055,54.285],[-0.44954,54.28374],[-0.45137,54.28217],[-0.4526,54.28017],[-0.45286,54.27762],[-0.45572,54.27685],[-0.46234,54.27306],[-0.4688,54.26615],[-0.47137,54.26413],[-0.47501,54.25971],[-0.47613,54.25925],[-0.47694,54.25844],[-0.47926,54.25408],[-0.47919,54.25089],[-0.48072,54.24871],[-0.48172,54.24826],[-0.48631,54.24764],[-0.49018,54.24652],[-0.49864,54.24202],[-0.50258,54.24058],[-0.50583,54.23982],[-0.5236,54.23798],[-0.53227,54.23523],[-0.53314,54.23594],[-0.53765,54.2379],[-0.54257,54.24222],[-0.54127,54.24296],[-0.54623,54.24626],[-0.54713,54.24619],[-0.55418,54.25166],[-0.55697,54.25245],[-0.56083,54.25567],[-0.56359,54.25933],[-0.57121,54.26171],[-0.57661,54.26441],[-0.57777,54.26586],[-0.57888,54.26958],[-0.5867,54.26857],[-0.58836,54.27108],[-0.5944,54.26891],[-0.59638,54.26857],[-0.61217,54.27108],[-0.62505,54.27226],[-0.62773,54.27516],[-0.6278,54.27629],[-0.63246,54.27657],[-0.63301,54.27638],[-0.63333,54.27542],[-0.65164,54.25974],[-0.65446,54.25609],[-0.65597,54.2562],[-0.67126,54.25016],[-0.67618,54.24916],[-0.67846,54.24899],[-0.68153,54.24923],[-0.69466,54.24442],[-0.69766,54.24399],[-0.70331,54.24441],[-0.70443,54.24421],[-0.70852,54.23978],[-0.70865,54.23739],[-0.70344,54.22855],[-0.70302,54.2267],[-0.70898,54.22662],[-0.71361,54.22697],[-0.75113,54.23285],[-0.74879,54.24137],[-0.74898,54.2418],[-0.74969,54.24202],[-0.74968,54.24243],[-0.74788,54.24479],[-0.74515,54.24587],[-0.74222,54.24771],[-0.74008,54.24816],[-0.7374,54.24935],[-0.73571,54.25049],[-0.73266,54.25157],[-0.73099,54.25288],[-0.72945,54.2534],[-0.73378,54.25522],[-0.73922,54.26187],[-0.7355,54.26399],[-0.7366,54.26444],[-0.73783,54.26431],[-0.73762,54.26402],[-0.7382,54.2641],[-0.73843,54.26381],[-0.73877,54.26412],[-0.73984,54.26403],[-0.73958,54.26351],[-0.74047,54.26384],[-0.74094,54.26344],[-0.74153,54.26358],[-0.74165,54.26322],[-0.74315,54.26331],[-0.74342,54.26309],[-0.74292,54.26297],[-0.74438,54.26254],[-0.74502,54.26246],[-0.74492,54.26288],[-0.74598,54.26267],[-0.7456,54.26223],[-0.75152,54.26034],[-0.75211,54.26056],[-0.75301,54.26029],[-0.75294,54.25988],[-0.7543,54.26005],[-0.75471,54.2599],[-0.75459,54.25954],[-0.75547,54.26],[-0.75639,54.25979],[-0.75778,54.26001],[-0.75792,54.25961],[-0.75834,54.26016],[-0.75895,54.2599],[-0.75944,54.26023],[-0.75981,54.26002],[-0.7606,54.26055],[-0.76141,54.26009],[-0.76281,54.26021],[-0.76579,54.25975],[-0.76695,54.25907],[-0.76727,54.25823],[-0.7667,54.25761],[-0.76706,54.25708],[-0.76785,54.25687],[-0.76824,54.25704],[-0.76886,54.25665],[-0.76967,54.25693],[-0.76872,54.25826],[-0.76957,54.25978],[-0.76918,54.26195],[-0.76425,54.2639],[-0.76006,54.27565],[-0.75494,54.28531],[-0.75015,54.28968],[-0.75106,54.29357],[-0.7505,54.29898],[-0.75108,54.30032],[-0.75318,54.30282],[-0.75315,54.30528],[-0.75418,54.30657],[-0.75886,54.30646],[-0.77288,54.30931],[-0.7724,54.30441],[-0.77453,54.29862],[-0.79455,54.2941],[-0.80236,54.29366],[-0.8144,54.29473],[-0.83448,54.29707],[-0.83533,54.29641],[-0.83528,54.2957],[-0.83647,54.29527],[-0.83804,54.29389],[-0.84175,54.29251],[-0.84158,54.29158],[-0.84088,54.291],[-0.84145,54.28953],[-0.84345,54.28811],[-0.84326,54.28675],[-0.84508,54.2837],[-0.84481,54.28289],[-0.84744,54.28163],[-0.84905,54.28128],[-0.85003,54.28038],[-0.85323,54.27919],[-0.85298,54.27759],[-0.85343,54.27573],[-0.85402,54.27485],[-0.85567,54.27368],[-0.85599,54.27156],[-0.85682,54.27042],[-0.85636,54.26907],[-0.85747,54.26866],[-0.85624,54.26742],[-0.85526,54.26515],[-0.85599,54.26492],[-0.8559,54.26461],[-0.85795,54.26409],[-0.85848,54.262],[-0.85991,54.26267],[-0.86206,54.26265],[-0.86371,54.26114],[-0.86855,54.26082],[-0.87091,54.26038],[-0.87685,54.26104],[-0.88243,54.26275],[-0.88603,54.2635],[-0.89138,54.26403],[-0.89431,54.2637],[-0.89413,54.26426],[-0.89486,54.26479],[-0.89599,54.26859],[-0.90101,54.27433],[-0.90293,54.27507],[-0.90942,54.27332],[-0.90777,54.27458],[-0.90864,54.27602],[-0.91168,54.27702],[-0.91256,54.27785],[-0.91367,54.27777],[-0.91334,54.27825],[-0.91413,54.27852],[-0.91591,54.28004],[-0.91707,54.27998],[-0.91881,54.27902],[-0.91923,54.27958],[-0.92226,54.28102],[-0.92323,54.28106],[-0.92417,54.2841],[-0.92607,54.28579],[-0.92571,54.28684],[-0.92788,54.28876],[-0.93281,54.29087],[-0.93854,54.29406],[-0.9391,54.29412],[-0.94319,54.29278],[-0.94549,54.29557],[-0.94721,54.29699],[-0.95009,54.29923],[-0.95352,54.30103],[-0.95814,54.29913],[-0.96156,54.29648],[-0.96364,54.29546],[-0.9639,54.29507],[-0.96331,54.29439],[-0.96709,54.29135],[-0.96772,54.28974],[-0.97541,54.28716],[-0.976,54.28663],[-0.97718,54.28364],[-0.97761,54.27867],[-0.97498,54.27732],[-0.97558,54.27644],[-0.97494,54.27569],[-0.97184,54.27464],[-0.96974,54.27278],[-0.973,54.27392],[-0.97528,54.27378],[-0.97439,54.27169],[-0.97536,54.27088],[-0.97538,54.27188],[-0.98165,54.27242],[-0.98562,54.27411],[-0.98727,54.27659],[-0.99138,54.28009],[-0.99301,54.28001],[-0.9942,54.28085],[-0.99294,54.28202],[-0.99385,54.28303],[-0.99816,54.28196],[-1.00255,54.28868],[-1.00863,54.28739],[-1.01144,54.28636],[-1.01752,54.28497],[-1.01878,54.28298],[-1.01863,54.28473],[-1.02733,54.28374],[-1.03086,54.28579],[-1.03438,54.28561],[-1.03081,54.2765],[-1.02845,54.27385],[-1.02433,54.27131],[-1.02273,54.26884],[-1.02274,54.26651],[-1.02358,54.26461],[-1.02681,54.26225],[-1.02568,54.25914],[-1.02588,54.25543],[-1.02669,54.25273],[-1.0265,54.25049],[-1.03051,54.24917],[-1.03595,54.24873],[-1.04465,54.24723],[-1.04856,54.24707],[-1.05615,54.24756],[-1.05864,54.24737],[-1.06184,54.24664],[-1.05934,54.24429],[-1.05693,54.23793],[-1.05732,54.23582],[-1.05861,54.23393],[-1.05959,54.22922],[-1.06065,54.22755],[-1.06031,54.22628],[-1.06215,54.22467],[-1.06147,54.22297],[-1.06281,54.21864],[-1.0609,54.21465],[-1.06125,54.21249],[-1.05304,54.20785],[-1.04435,54.20591],[-1.04153,54.20492],[-1.04171,54.20447],[-1.04482,54.20398],[-1.0508,54.20233],[-1.05606,54.20301],[-1.06112,54.20257],[-1.07062,54.20314],[-1.09053,54.20249],[-1.09599,54.20288],[-1.09818,54.20251],[-1.10044,54.20165],[-1.11296,54.20072],[-1.11862,54.20153],[-1.12326,54.20021],[-1.12773,54.19755],[-1.13399,54.19663],[-1.13829,54.19741],[-1.13933,54.19829],[-1.14155,54.19727],[-1.14227,54.1963],[-1.14315,54.196],[-1.14953,54.19686],[-1.15557,54.19646],[-1.15683,54.19477],[-1.16104,54.19111],[-1.16168,54.1893],[-1.16745,54.18897],[-1.1737,54.18801],[-1.18925,54.183],[-1.18949,54.18386],[-1.18811,54.1846],[-1.18707,54.18698],[-1.19141,54.18528],[-1.19125,54.18811],[-1.19429,54.18707],[-1.19231,54.1915],[-1.1935,54.19171],[-1.19524,54.19298],[-1.19661,54.19341],[-1.19838,54.19481],[-1.20288,54.19731],[-1.20406,54.19852],[-1.20653,54.20007],[-1.2088,54.20315],[-1.21014,54.20408],[-1.2126,54.20722],[-1.21378,54.20805],[-1.21447,54.20984],[-1.21636,54.21063],[-1.21845,54.21052],[-1.22069,54.21088],[-1.2222,54.21155],[-1.22461,54.21174],[-1.22768,54.21275],[-1.22992,54.21432],[-1.23854,54.21866],[-1.23775,54.22074],[-1.23682,54.22095],[-1.23606,54.22199],[-1.23555,54.22461],[-1.23485,54.22507],[-1.23506,54.22682],[-1.2347,54.22755],[-1.2336,54.22758],[-1.23302,54.2281],[-1.23056,54.22894],[-1.22423,54.22948],[-1.22514,54.23018],[-1.22735,54.23079],[-1.229,54.23413],[-1.23154,54.23357],[-1.23172,54.23588],[-1.23307,54.23692],[-1.2345,54.23722],[-1.23699,54.2442],[-1.23711,54.24617],[-1.24064,54.24692],[-1.24358,54.24847],[-1.24655,54.24854],[-1.24714,54.24969],[-1.24777,54.25004],[-1.24805,54.25216],[-1.24669,54.25415],[-1.24715,54.25537],[-1.24995,54.25755],[-1.25053,54.25845],[-1.24707,54.25851],[-1.24697,54.26221],[-1.25015,54.26599],[-1.25053,54.2681],[-1.25149,54.26915],[-1.25173,54.27061],[-1.2534,54.27196],[-1.25335,54.27244],[-1.25583,54.27171],[-1.25678,54.27073],[-1.2584,54.2699],[-1.2622,54.26867],[-1.26536,54.26836],[-1.26668,54.26775],[-1.2692,54.26857],[-1.27048,54.26936],[-1.27134,54.27066],[-1.27358,54.27243],[-1.27721,54.27373],[-1.28024,54.27345],[-1.28162,54.27365],[-1.28213,54.27458],[-1.28188,54.27584],[-1.28299,54.2783],[-1.28018,54.27955],[-1.28112,54.28189],[-1.28085,54.28319],[-1.28163,54.28569],[-1.2816,54.28928],[-1.28307,54.29488],[-1.2828,54.29783],[-1.28084,54.30007],[-1.28198,54.30065],[-1.28222,54.30191],[-1.2848,54.30163],[-1.28583,54.30174],[-1.28568,54.30229],[-1.28676,54.30246],[-1.28955,54.30267],[-1.29301,54.30238],[-1.29617,54.30269],[-1.29644,54.30371],[-1.29604,54.30523],[-1.29748,54.30834],[-1.29611,54.30865],[-1.29497,54.30941],[-1.29125,54.31011],[-1.28936,54.30992],[-1.28591,54.31012],[-1.28152,54.31162],[-1.27836,54.31211],[-1.27819,54.31245],[-1.27969,54.31497],[-1.28127,54.31694],[-1.28049,54.31917],[-1.28353,54.31928],[-1.28415,54.32031],[-1.28642,54.32181],[-1.28935,54.32359],[-1.29201,54.32464],[-1.29301,54.32458],[-1.29442,54.32504],[-1.29712,54.3253],[-1.29943,54.32475],[-1.30154,54.32461],[-1.30413,54.32534],[-1.30718,54.32523],[-1.31045,54.32456],[-1.31185,54.3257],[-1.31176,54.32631],[-1.31081,54.3269],[-1.30922,54.32714],[-1.30715,54.32851],[-1.30659,54.32928],[-1.30705,54.32992],[-1.30677,54.33242],[-1.30763,54.33269],[-1.30903,54.33251],[-1.31278,54.33485],[-1.31419,54.33521],[-1.31705,54.33433],[-1.31969,54.33508],[-1.3233,54.33527],[-1.32467,54.33567],[-1.32511,54.33594],[-1.32428,54.33679],[-1.32518,54.33792],[-1.3248,54.33904],[-1.32521,54.34123],[-1.32675,54.34121],[-1.32882,54.34271],[-1.32968,54.34396],[-1.32966,54.34505],[-1.33019,54.34544],[-1.32759,54.35052],[-1.32006,54.35026],[-1.31891,54.34992],[-1.31728,54.35014],[-1.31292,54.34995],[-1.31149,54.35026],[-1.30897,54.3523],[-1.30542,54.35844],[-1.30321,54.3602],[-1.30299,54.36155],[-1.30132,54.36236],[-1.29964,54.36269],[-1.30161,54.3632],[-1.30255,54.36295],[-1.30384,54.36308],[-1.30636,54.36254],[-1.30676,54.36356],[-1.30736,54.36367],[-1.30947,54.36323],[-1.31049,54.3623],[-1.31267,54.36313],[-1.31437,54.36333],[-1.31526,54.36314],[-1.31624,54.36501],[-1.31725,54.3653],[-1.31832,54.36514],[-1.31925,54.36582],[-1.32119,54.36513],[-1.32356,54.36529],[-1.32147,54.36673],[-1.32079,54.36774],[-1.32078,54.38029],[-1.32042,54.38191],[-1.31871,54.38458],[-1.31657,54.3895],[-1.31531,54.39036],[-1.31261,54.39357],[-1.31206,54.39668],[-1.30633,54.40147],[-1.30365,54.40261],[-1.29913,54.40341],[-1.29382,54.40636],[-1.28954,54.40772],[-1.28735,54.40949],[-1.28254,54.41094],[-1.27021,54.41368],[-1.26723,54.41457],[-1.26149,54.41693],[-1.25706,54.41936],[-1.25388,54.42161],[-1.25102,54.4242],[-1.24713,54.42866],[-1.24247,54.43259],[-1.23905,54.43378],[-1.23391,54.43626],[-1.22605,54.4386],[-1.22399,54.43963],[-1.22295,54.43874],[-1.22189,54.43855],[-1.21807,54.43904],[-1.21634,54.43882],[-1.21539,54.43902],[-1.21022,54.43305],[-1.20538,54.43442],[-1.20316,54.43221],[-1.20199,54.43023],[-1.19933,54.43028],[-1.19778,54.43071],[-1.19677,54.42927],[-1.19526,54.42899],[-1.19512,54.42834],[-1.19611,54.42742],[-1.19095,54.4281],[-1.19074,54.42773],[-1.18893,54.42811],[-1.18858,54.42845],[-1.18147,54.4294],[-1.17687,54.42952],[-1.1742,54.43039],[-1.17175,54.4307],[-1.16779,54.43042],[-1.16533,54.4298],[-1.16001,54.43006],[-1.15704,54.42968],[-1.157,54.42944],[-1.15261,54.43009],[-1.1449,54.43074],[-1.1441,54.42998],[-1.13086,54.43083],[-1.1285,54.43193],[-1.1217,54.43177],[-1.12041,54.4307],[-1.11673,54.42914],[-1.10992,54.42756],[-1.10939,54.42834],[-1.10983,54.42934],[-1.10961,54.43162],[-1.11121,54.43369],[-1.10725,54.43669],[-1.10572,54.43735],[-1.10576,54.43982],[-1.10396,54.44146],[-1.10479,54.44404],[-1.10792,54.44519],[-1.11006,54.44646],[-1.10858,54.44713],[-1.11139,54.45092],[-1.11097,54.45264],[-1.1113,54.45365],[-1.11061,54.45399],[-1.11118,54.45476],[-1.10229,54.45433],[-1.09782,54.45494],[-1.09511,54.4562],[-1.08967,54.46028],[-1.08896,54.46114],[-1.08887,54.46206],[-1.09005,54.46331],[-1.09408,54.46472],[-1.09654,54.46607],[-1.09988,54.46909],[-1.10495,54.47642],[-1.10684,54.48206],[-1.10811,54.48401],[-1.11282,54.48778],[-1.12408,54.49575],[-1.12611,54.49812],[-1.1287,54.50298],[-1.12293,54.50546],[-1.12078,54.50789],[-1.11918,54.51116],[-1.11163,54.51851],[-1.10717,54.52095],[-1.10645,54.52253],[-1.10642,54.52404],[-1.10548,54.52494],[-1.10133,54.52744],[-1.09992,54.52896],[-1.09603,54.52867],[-1.09291,54.52802],[-1.08683,54.52495],[-1.08445,54.52441],[-1.08119,54.52432],[-1.06505,54.52584],[-1.06239,54.52537],[-1.05504,54.52248],[-1.05266,54.52221],[-1.0493,54.52271],[-1.04359,54.52423],[-1.04135,54.52528],[-1.03517,54.52543],[-1.03003,54.52615],[-1.0274,54.52618],[-1.02231,54.5275],[-1.02041,54.52844],[-1.0202,54.5289],[-1.02147,54.53051],[-1.02074,54.5315],[-1.02319,54.53297],[-1.02318,54.53343],[-1.01994,54.53381],[-1.00947,54.5339],[-1.00865,54.53304],[-1.00518,54.53274],[-1.00066,54.531],[-0.99429,54.52381],[-0.99294,54.52394],[-0.99032,54.52697],[-0.98956,54.52741],[-0.98874,54.52739],[-0.98753,54.52574],[-0.9864,54.52493],[-0.97875,54.52316],[-0.97441,54.52174],[-0.96436,54.5177],[-0.95071,54.51339],[-0.94911,54.51227],[-0.94952,54.51131],[-0.94624,54.50921],[-0.93439,54.50714],[-0.93632,54.51191],[-0.93644,54.51564],[-0.93259,54.51611],[-0.92647,54.51565],[-0.92183,54.51487],[-0.9207,54.514],[-0.92029,54.5146],[-0.9204,54.51581],[-0.91934,54.51736],[-0.91551,54.52012],[-0.91435,54.51857],[-0.91155,54.51879],[-0.911,54.51886],[-0.9116,54.52026],[-0.90685,54.52046],[-0.896,54.52202],[-0.90022,54.52887],[-0.89121,54.52807],[-0.88886,54.52968],[-0.88845,54.53208],[-0.88454,54.53276],[-0.88348,54.53278],[-0.87727,54.53141],[-0.87607,54.53138],[-0.87039,54.53251],[-0.86884,54.53351],[-0.85976,54.53137],[-0.85677,54.53708],[-0.85757,54.53877],[-0.86197,54.54424],[-0.86052,54.54591],[-0.86074,54.54669],[-0.85947,54.54835],[-0.86168,54.55071],[-0.86067,54.55201],[-0.8598,54.55215],[-0.85948,54.55367],[-0.85891,54.55364],[-0.85643,54.56139],[-0.85414,54.56524],[-0.85167,54.56847],[-0.84903,54.57078]]]]}},{"type":"Feature","properties":{"name":"Peak District","kind":"national_park"},"geometry":{"type":"Polygon","coordinates":[[[-1.88006,53.59712],[-1.87729,53.59353],[-1.86943,53.59418],[-1.86758,53.59178],[-1.86113,53.58752],[-1.85866,53.58492],[-1.85273,53.58658],[-1.85229,53.58594],[-1.85348,53.58495],[-1.85191,53.58481],[-1.85011,53.58395],[-1.85039,53.58129],[-1.84989,53.58021],[-1.84859,53.57913],[-1.84828,53.57604],[-1.84658,53.57307],[-1.84707,53.56944],[-1.84587,53.56685],[-1.8425,53.56667],[-1.8411,53.56601],[-1.83433,53.56431],[-1.83353,53.56358],[-1.83188,53.56311],[-1.83198,53.56257],[-1.83397,53.56242],[-1.83461,53.56093],[-1.83418,53.55962],[-1.83529,53.55968],[-1.83592,53.5584],[-1.83545,53.55817],[-1.83588,53.55679],[-1.83707,53.55611],[-1.83587,53.55464],[-1.83769,53.55028],[-1.83677,53.55032],[-1.83446,53.54946],[-1.83496,53.54861],[-1.83655,53.54765],[-1.83401,53.54776],[-1.83179,53.54843],[-1.83124,53.5483],[-1.83047,53.54735],[-1.82842,53.54751],[-1.82392,53.54654],[-1.82325,53.54758],[-1.82043,53.54921],[-1.8206,53.54836],[-1.81419,53.54368],[-1.8053,53.5414],[-1.80412,53.53661],[-1.7999,53.53454],[-1.79745,53.53391],[-1.7947,53.53419],[-1.79173,53.5354],[-1.79035,53.53551],[-1.78865,53.53559],[-1.78554,53.53483],[-1.77712,53.53554],[-1.77598,53.53535],[-1.77396,53.53196],[-1.77004,53.52964],[-1.76678,53.52622],[-1.76738,53.52439],[-1.7688,53.52331],[-1.76919,53.52041],[-1.76661,53.51927],[-1.76348,53.5184],[-1.76072,53.51795],[-1.75533,53.51787],[-1.74278,53.51965],[-1.73555,53.51927],[-1.73063,53.51938],[-1.72,53.52103],[-1.71193,53.52158],[-1.70761,53.52244],[-1.70382,53.51004],[-1.6923,53.50187],[-1.689,53.50097],[-1.68281,53.50067],[-1.68224,53.50003],[-1.68141,53.50015],[-1.67826,53.49736],[-1.6762,53.4972],[-1.67388,53.49481],[-1.67356,53.49287],[-1.67211,53.49144],[-1.66983,53.49004],[-1.66945,53.48909],[-1.66869,53.48865],[-1.66712,53.4884],[-1.66319,53.48683],[-1.65966,53.48603],[-1.65244,53.48301],[-1.64902,53.48259],[-1.64374,53.47821],[-1.6418,53.47614],[-1.64039,53.47556],[-1.63841,53.4764],[-1.6349,53.47699],[-1.63203,53.47322],[-1.62743,53.47092],[-1.62456,53.47046],[-1.62282,53.47084],[-1.62085,53.47073],[-1.61852,53.46969],[-1.61246,53.46883],[-1.60653,53.46741],[-1.59622,53.46703],[-1.59424,53.46669],[-1.59331,53.46692],[-1.5955,53.46516],[-1.59528,53.46403],[-1.59669,53.46311],[-1.59907,53.46265],[-1.60242,53.46265],[-1.59934,53.46157],[-1.59464,53.46129],[-1.59259,53.46063],[-1.59016,53.46027],[-1.59154,53.4599],[-1.59111,53.459],[-1.587,53.45886],[-1.58567,53.45808],[-1.58533,53.45729],[-1.58271,53.45713],[-1.58012,53.45561],[-1.57709,53.45443],[-1.57236,53.45446],[-1.56902,53.45231],[-1.56471,53.45142],[-1.56501,53.45077],[-1.56615,53.45024],[-1.57014,53.4499],[-1.57338,53.44793],[-1.57409,53.44674],[-1.58084,53.44353],[-1.58494,53.44072],[-1.58092,53.4395],[-1.57807,53.43755],[-1.57215,53.43486],[-1.57374,53.43399],[-1.56935,53.42463],[-1.56983,53.42464],[-1.56997,53.42312],[-1.5709,53.42278],[-1.57122,53.42122],[-1.57083,53.42078],[-1.57218,53.42035],[-1.57288,53.41961],[-1.57232,53.4188],[-1.57191,53.41631],[-1.57294,53.41537],[-1.57209,53.41393],[-1.57089,53.41299],[-1.57256,53.41325],[-1.57321,53.41309],[-1.57518,53.41097],[-1.576,53.41075],[-1.57967,53.41122],[-1.58367,53.41085],[-1.58196,53.4106],[-1.58404,53.40957],[-1.58202,53.40769],[-1.58586,53.40654],[-1.58981,53.40473],[-1.59301,53.40403],[-1.59476,53.40165],[-1.5972,53.39998],[-1.59795,53.39989],[-1.59644,53.39869],[-1.59589,53.39766],[-1.59306,53.39546],[-1.59193,53.39509],[-1.59256,53.39437],[-1.59124,53.39211],[-1.59085,53.38874],[-1.59146,53.38719],[-1.59039,53.38704],[-1.59098,53.3845],[-1.58471,53.38386],[-1.58013,53.38448],[-1.57724,53.38533],[-1.5752,53.38314],[-1.56928,53.38462],[-1.56326,53.38545],[-1.565,53.38412],[-1.56355,53.38201],[-1.56562,53.38152],[-1.56778,53.37958],[-1.57009,53.37879],[-1.57613,53.37821],[-1.58636,53.37871],[-1.58557,53.37599],[-1.58594,53.3752],[-1.58688,53.37509],[-1.58665,53.37345],[-1.58776,53.37331],[-1.59036,53.37204],[-1.5901,53.37168],[-1.59157,53.371],[-1.5947,53.37051],[-1.59534,53.36922],[-1.59418,53.36924],[-1.59341,53.36643],[-1.59098,53.36648],[-1.58475,53.36596],[-1.58411,53.36508],[-1.5833,53.36472],[-1.58571,53.36385],[-1.58508,53.36121],[-1.58607,53.35802],[-1.58554,53.35745],[-1.58425,53.35712],[-1.57997,53.35715],[-1.57806,53.35672],[-1.57384,53.35432],[-1.57404,53.35307],[-1.56911,53.35169],[-1.5653,53.34952],[-1.56445,53.34957],[-1.56541,53.34767],[-1.56322,53.34544],[-1.56281,53.34407],[-1.56409,53.34098],[-1.56394,53.33898],[-1.56714,53.33724],[-1.56812,53.33609],[-1.56694,53.33376],[-1.56807,53.33205],[-1.57038,53.33002],[-1.55796,53.32911],[-1.55527,53.32544],[-1.55331,53.32563],[-1.55337,53.32493],[-1.5554,53.32261],[-1.55414,53.32088],[-1.55407,53.31843],[-1.55731,53.31831],[-1.55861,53.31731],[-1.56184,53.31607],[-1.56093,53.31557],[-1.5602,53.3137],[-1.55848,53.31371],[-1.55577,53.31157],[-1.5568,53.31132],[-1.55912,53.30973],[-1.55975,53.3082],[-1.56182,53.30663],[-1.56173,53.30642],[-1.55794,53.30576],[-1.55843,53.30538],[-1.55833,53.30473],[-1.55704,53.30246],[-1.55763,53.30165],[-1.55727,53.29976],[-1.56042,53.29813],[-1.55557,53.29881],[-1.55251,53.29717],[-1.54874,53.29612],[-1.54603,53.29557],[-1.54163,53.29582],[-1.54021,53.29547],[-1.54249,53.29333],[-1.54358,53.2905],[-1.5435,53.28828],[-1.54457,53.28796],[-1.54196,53.28694],[-1.54186,53.28615],[-1.54052,53.28535],[-1.53772,53.28458],[-1.53657,53.28455],[-1.53496,53.28294],[-1.53504,53.28207],[-1.53604,53.28086],[-1.53887,53.28111],[-1.53971,53.2807],[-1.54161,53.28083],[-1.54549,53.27783],[-1.5474,53.27711],[-1.54929,53.27436],[-1.54846,53.27343],[-1.54853,53.27289],[-1.55347,53.26769],[-1.54447,53.26778],[-1.54619,53.264],[-1.54358,53.25249],[-1.54555,53.25014],[-1.54413,53.24655],[-1.54051,53.24355],[-1.53658,53.2394],[-1.53632,53.23749],[-1.53957,53.23835],[-1.54387,53.23823],[-1.5437,53.23635],[-1.54504,53.22567],[-1.53483,53.22508],[-1.53557,53.22347],[-1.53547,53.22271],[-1.53956,53.22092],[-1.536,53.21602],[-1.53903,53.21484],[-1.5385,53.21395],[-1.5425,53.21187],[-1.54026,53.21073],[-1.53751,53.21154],[-1.53525,53.2111],[-1.53397,53.21006],[-1.53353,53.20916],[-1.53179,53.2079],[-1.52884,53.20748],[-1.52609,53.20752],[-1.52434,53.20647],[-1.52138,53.20647],[-1.51945,53.20618],[-1.51887,53.20579],[-1.51727,53.20606],[-1.51684,53.20367],[-1.5156,53.20255],[-1.51749,53.20122],[-1.51773,53.20067],[-1.52991,53.20108],[-1.54828,53.19991],[-1.5528,53.19633],[-1.5687,53.195],[-1.58172,53.19158],[-1.58431,53.19184],[-1.58835,53.19163],[-1.59095,53.19294],[-1.59804,53.19454],[-1.59892,53.1942],[-1.60034,53.19498],[-1.60187,53.19485],[-1.6042,53.19581],[-1.60692,53.19627],[-1.60724,53.19663],[-1.60952,53.19682],[-1.61077,53.19627],[-1.61095,53.19591],[-1.61045,53.19548],[-1.61145,53.19465],[-1.61396,53.19413],[-1.6163,53.19289],[-1.61707,53.19107],[-1.61827,53.19058],[-1.61837,53.19023],[-1.61393,53.18819],[-1.61253,53.1869],[-1.61284,53.18256],[-1.61384,53.18071],[-1.61316,53.17934],[-1.61137,53.17831],[-1.6104,53.17705],[-1.61353,53.17513],[-1.61355,53.17236],[-1.6148,53.17168],[-1.61353,53.1717],[-1.61361,53.17004],[-1.6127,53.16861],[-1.61267,53.1679],[-1.61327,53.16768],[-1.6132,53.1656],[-1.61458,53.16542],[-1.61375,53.16457],[-1.61593,53.16413],[-1.61847,53.16548],[-1.61962,53.16525],[-1.61949,53.16453],[-1.62222,53.16325],[-1.62196,53.16255],[-1.62077,53.16225],[-1.62118,53.16196],[-1.62047,53.16101],[-1.62075,53.15981],[-1.6224,53.15904],[-1.62222,53.15786],[-1.62452,53.15699],[-1.62444,53.15648],[-1.62348,53.15589],[-1.6235,53.15526],[-1.62297,53.15487],[-1.62016,53.15376],[-1.61755,53.1536],[-1.61496,53.15384],[-1.61452,53.15363],[-1.60815,53.15411],[-1.60639,53.15196],[-1.60447,53.15084],[-1.60302,53.1485],[-1.60156,53.14874],[-1.59996,53.14856],[-1.59527,53.14637],[-1.59032,53.14495],[-1.58717,53.14459],[-1.58364,53.14374],[-1.58206,53.14081],[-1.58319,53.14026],[-1.5832,53.13987],[-1.58183,53.13989],[-1.57904,53.13606],[-1.57923,53.13502],[-1.58022,53.13461],[-1.58333,53.1345],[-1.58346,53.13164],[-1.58629,53.13152],[-1.58829,53.13218],[-1.59216,53.13222],[-1.59594,53.13316],[-1.60104,53.13373],[-1.60586,53.13281],[-1.60475,53.13264],[-1.59816,53.12959],[-1.60316,53.12747],[-1.60021,53.12524],[-1.59783,53.12426],[-1.59758,53.12325],[-1.59316,53.12131],[-1.59423,53.12026],[-1.59518,53.12045],[-1.59511,53.11982],[-1.59319,53.11911],[-1.59215,53.11797],[-1.59148,53.11538],[-1.59149,53.11456],[-1.59207,53.11408],[-1.58164,53.11421],[-1.58046,53.11406],[-1.57837,53.11299],[-1.57923,53.11274],[-1.58321,53.11282],[-1.58514,53.11252],[-1.59229,53.10996],[-1.59447,53.1096],[-1.59597,53.1086],[-1.59724,53.1082],[-1.59841,53.10623],[-1.59893,53.10599],[-1.60337,53.10618],[-1.60411,53.10565],[-1.60843,53.10449],[-1.61061,53.10487],[-1.61656,53.10394],[-1.62101,53.10484],[-1.62481,53.10682],[-1.63128,53.10719],[-1.6328,53.10751],[-1.63513,53.10929],[-1.63607,53.11095],[-1.6359,53.11424],[-1.63758,53.11539],[-1.64038,53.11503],[-1.64746,53.1132],[-1.65106,53.11271],[-1.65521,53.11113],[-1.65767,53.11131],[-1.65753,53.11045],[-1.65902,53.10666],[-1.66575,53.10276],[-1.66994,53.10568],[-1.6732,53.10407],[-1.67401,53.10497],[-1.67756,53.10477],[-1.6794,53.10518],[-1.68018,53.10396],[-1.68244,53.10295],[-1.68086,53.09834],[-1.68198,53.09761],[-1.68206,53.09615],[-1.68354,53.09648],[-1.68376,53.09357],[-1.68506,53.09143],[-1.68507,53.0895],[-1.68575,53.08841],[-1.68558,53.08724],[-1.68757,53.08546],[-1.6905,53.08497],[-1.69157,53.08264],[-1.69682,53.07929],[-1.70313,53.07129],[-1.70333,53.07069],[-1.70171,53.06835],[-1.70174,53.06719],[-1.70304,53.06686],[-1.70324,53.06596],[-1.7042,53.06563],[-1.70461,53.06508],[-1.70748,53.06426],[-1.70806,53.06332],[-1.70759,53.06138],[-1.70659,53.06076],[-1.706,53.0594],[-1.70693,53.05878],[-1.70765,53.05538],[-1.70833,53.0546],[-1.70916,53.05465],[-1.71094,53.05393],[-1.71229,53.0522],[-1.71286,53.05231],[-1.71305,53.05173],[-1.71363,53.05191],[-1.71426,53.05161],[-1.71297,53.05061],[-1.71288,53.04961],[-1.71325,53.0491],[-1.71495,53.04856],[-1.71723,53.04618],[-1.71703,53.04518],[-1.716,53.04454],[-1.71844,53.04423],[-1.71742,53.04229],[-1.72042,53.04149],[-1.72349,53.03999],[-1.72254,53.03723],[-1.72404,53.03517],[-1.72713,53.0364],[-1.72982,53.03625],[-1.7308,53.03658],[-1.73219,53.0366],[-1.73504,53.03538],[-1.73555,53.03542],[-1.73571,53.03512],[-1.73786,53.0349],[-1.73801,53.03466],[-1.73847,53.0354],[-1.73915,53.03558],[-1.73811,53.03643],[-1.73823,53.03709],[-1.74302,53.03788],[-1.74381,53.03772],[-1.74565,53.03848],[-1.74769,53.03833],[-1.74857,53.03795],[-1.7548,53.03776],[-1.75547,53.03718],[-1.75638,53.03734],[-1.75632,53.03676],[-1.75779,53.03638],[-1.75885,53.03687],[-1.75999,53.03884],[-1.76598,53.04108],[-1.76746,53.04347],[-1.76835,53.04408],[-1.77217,53.04426],[-1.77438,53.04346],[-1.77882,53.04306],[-1.77966,53.04361],[-1.77897,53.04486],[-1.78008,53.04472],[-1.78103,53.04596],[-1.78464,53.04496],[-1.79014,53.04289],[-1.79068,53.04183],[-1.78989,53.04105],[-1.79091,53.03832],[-1.79471,53.03932],[-1.79405,53.03856],[-1.79371,53.03651],[-1.79659,53.03829],[-1.79876,53.03848],[-1.80332,53.0383],[-1.80616,53.03551],[-1.80868,53.03386],[-1.84302,53.03702],[-1.84425,53.03744],[-1.84586,53.03931],[-1.85115,53.04189],[-1.85519,53.04563],[-1.85842,53.04744],[-1.86183,53.04725],[-1.86918,53.049],[-1.87411,53.04898],[-1.87863,53.04964],[-1.88089,53.05091],[-1.8827,53.05139],[-1.88361,53.0534],[-1.88368,53.05482],[-1.8859,53.05525],[-1.88933,53.05762],[-1.89001,53.05824],[-1.89071,53.06024],[-1.89412,53.06059],[-1.89677,53.06155],[-1.89752,53.0622],[-1.89835,53.06211],[-1.90219,53.06283],[-1.90512,53.06364],[-1.907,53.0648],[-1.90748,53.06661],[-1.91332,53.07111],[-1.91683,53.07302],[-1.93522,53.07893],[-1.93925,53.08274],[-1.94734,53.08773],[-1.95144,53.08967],[-1.95701,53.0948],[-1.95881,53.09708],[-1.96038,53.09836],[-1.96327,53.10365],[-1.96576,53.10968],[-1.96255,53.12198],[-1.95876,53.12795],[-1.95949,53.13267],[-1.95914,53.13302],[-1.96283,53.13483],[-1.96632,53.13254],[-1.97144,53.13497],[-1.97687,53.13574],[-1.97628,53.13813],[-1.97816,53.14015],[-1.9788,53.14197],[-1.97939,53.14208],[-1.9795,53.14267],[-1.98014,53.14293],[-1.98108,53.14296],[-1.98186,53.14221],[-1.98305,53.14285],[-1.98432,53.14271],[-1.98421,53.14217],[-1.98519,53.14141],[-1.98437,53.1409],[-1.98819,53.1356],[-1.99988,53.13858],[-2.00251,53.14134],[-2.00353,53.14185],[-2.0109,53.14161],[-2.01385,53.14253],[-2.01616,53.1441],[-2.01967,53.14475],[-2.02364,53.14472],[-2.02545,53.14421],[-2.02764,53.1441],[-2.03114,53.14442],[-2.03255,53.14522],[-2.03391,53.14521],[-2.03719,53.145],[-2.04058,53.14384],[-2.04247,53.14368],[-2.04893,53.14529],[-2.05073,53.14649],[-2.05115,53.14921],[-2.05411,53.15005],[-2.05817,53.15328],[-2.05902,53.15863],[-2.05851,53.16232],[-2.05998,53.16241],[-2.05979,53.16484],[-2.06097,53.16699],[-2.06253,53.16671],[-2.06246,53.16761],[-2.06332,53.16867],[-2.06364,53.16999],[-2.06553,53.17089],[-2.06632,53.17058],[-2.06757,53.17116],[-2.06987,53.17132],[-2.07114,53.17197],[-2.07554,53.17126],[-2.07814,53.17041],[-2.07987,53.17106],[-2.08122,53.17103],[-2.0821,53.17094],[-2.08301,53.17012],[-2.08561,53.17026],[-2.08713,53.16981],[-2.08921,53.17079],[-2.09073,53.17232],[-2.09279,53.17295],[-2.09341,53.17258],[-2.09504,53.17242],[-2.09586,53.17113],[-2.09732,53.17132],[-2.0964,53.17233],[-2.09738,53.17352],[-2.0976,53.17491],[-2.09859,53.17594],[-2.09771,53.17762],[-2.09944,53.17844],[-2.1001,53.17942],[-2.10099,53.18423],[-2.10163,53.18566],[-2.10233,53.1856],[-2.10244,53.18665],[-2.10297,53.18706],[-2.10298,53.1889],[-2.10187,53.19033],[-2.10403,53.1912],[-2.10657,53.191],[-2.108,53.19136],[-2.10627,53.19302],[-2.10437,53.19359],[-2.10253,53.19621],[-2.1012,53.19628],[-2.10049,53.19664],[-2.09386,53.20186],[-2.09523,53.20199],[-2.09243,53.20418],[-2.08778,53.2018],[-2.0824,53.20329],[-2.0809,53.20523],[-2.07923,53.20853],[-2.07831,53.20889],[-2.07773,53.208],[-2.07579,53.20766],[-2.07365,53.20678],[-2.07018,53.20684],[-2.07004,53.20793],[-2.06746,53.20776],[-2.06743,53.20876],[-2.06597,53.20876],[-2.06592,53.20942],[-2.06516,53.20933],[-2.06464,53.20989],[-2.06306,53.20897],[-2.06237,53.20937],[-2.06326,53.21024],[-2.0625,53.2112],[-2.06264,53.21171],[-2.0619,53.21201],[-2.05855,53.21064],[-2.05813,53.21137],[-2.06045,53.21236],[-2.05984,53.21315],[-2.05769,53.21263],[-2.05565,53.21279],[-2.05657,53.21427],[-2.0561,53.21482],[-2.05696,53.21555],[-2.05747,53.21683],[-2.05687,53.21701],[-2.05719,53.21789],[-2.05659,53.21832],[-2.05667,53.21872],[-2.05331,53.22207],[-2.05019,53.22301],[-2.04801,53.22478],[-2.04771,53.22549],[-2.04764,53.2262],[-2.04905,53.22818],[-2.04944,53.23052],[-2.05369,53.23297],[-2.05496,53.23544],[-2.05893,53.23931],[-2.06129,53.24105],[-2.06524,53.24305],[-2.07038,53.24441],[-2.0746,53.24743],[-2.075,53.24892],[-2.07472,53.25012],[-2.07405,53.25066],[-2.07149,53.25159],[-2.0697,53.25193],[-2.07008,53.25251],[-2.07191,53.25349],[-2.07215,53.25434],[-2.06992,53.25811],[-2.0682,53.25923],[-2.06722,53.26067],[-2.06913,53.26124],[-2.07157,53.26436],[-2.07913,53.26586],[-2.08042,53.26669],[-2.08065,53.26966],[-2.08158,53.27255],[-2.08124,53.27369],[-2.08186,53.27485],[-2.08016,53.27871],[-2.07946,53.27918],[-2.07757,53.27913],[-2.07666,53.27947],[-2.07306,53.28262],[-2.07124,53.28589],[-2.07663,53.28803],[-2.07828,53.28936],[-2.07857,53.29146],[-2.07958,53.29366],[-2.0792,53.29526],[-2.08189,53.29544],[-2.08214,53.29632],[-2.08333,53.29695],[-2.08403,53.29781],[-2.08407,53.29868],[-2.08349,53.29929],[-2.08394,53.30243],[-2.08454,53.30161],[-2.08546,53.30167],[-2.08667,53.3034],[-2.08838,53.30764],[-2.09184,53.30999],[-2.09377,53.31227],[-2.09428,53.31257],[-2.09597,53.31256],[-2.09495,53.31333],[-2.09334,53.31316],[-2.09077,53.31108],[-2.08809,53.31011],[-2.0857,53.30976],[-2.08435,53.31006],[-2.08373,53.31162],[-2.08198,53.31323],[-2.078,53.31448],[-2.07546,53.31415],[-2.07571,53.3146],[-2.0749,53.31803],[-2.07252,53.31994],[-2.07603,53.32149],[-2.07909,53.32135],[-2.08101,53.32206],[-2.08582,53.32267],[-2.08533,53.32445],[-2.08287,53.32506],[-2.08204,53.32564],[-2.08071,53.32731],[-2.07922,53.32815],[-2.07861,53.32983],[-2.07694,53.32982],[-2.07557,53.33076],[-2.07605,53.33146],[-2.07543,53.3332],[-2.07104,53.339],[-2.07001,53.34093],[-2.06551,53.33937],[-2.06247,53.33783],[-2.06,53.33801],[-2.06106,53.3412],[-2.06104,53.34411],[-2.06148,53.34444],[-2.06315,53.3443],[-2.06321,53.34545],[-2.06,53.34547],[-2.05913,53.34283],[-2.05784,53.34265],[-2.05776,53.34663],[-2.05904,53.34723],[-2.05902,53.34791],[-2.05749,53.34906],[-2.05668,53.35109],[-2.05732,53.35376],[-2.05544,53.3552],[-2.05425,53.35469],[-2.05436,53.35432],[-2.05175,53.35371],[-2.05171,53.3533],[-2.05024,53.35308],[-2.05014,53.3525],[-2.04935,53.35253],[-2.04843,53.35213],[-2.04803,53.35122],[-2.0485,53.35018],[-2.04753,53.34911],[-2.04661,53.34911],[-2.04596,53.34953],[-2.04383,53.34988],[-2.04211,53.34961],[-2.0413,53.34901],[-2.03772,53.34882],[-2.03716,53.34832],[-2.03612,53.34838],[-2.0353,53.34803],[-2.03333,53.34647],[-2.03351,53.34575],[-2.03266,53.34463],[-2.03269,53.34229],[-2.03186,53.34076],[-2.03376,53.33918],[-2.03432,53.33791],[-2.03607,53.33682],[-2.03613,53.33581],[-2.02951,53.33447],[-2.02837,53.33398],[-2.02224,53.33387],[-2.01686,53.33277],[-2.01233,53.33222],[-2.00925,53.33138],[-2.01086,53.32977],[-2.01177,53.32765],[-2.01117,53.32667],[-2.01158,53.326],[-2.01115,53.32587],[-2.01086,53.32473],[-2.0099,53.3244],[-2.01079,53.32411],[-2.01023,53.32287],[-2.00906,53.32303],[-2.00793,53.32226],[-2.00623,53.32172],[-2.00437,53.32143],[-2.00368,53.32166],[-2.00152,53.31897],[-1.99907,53.31759],[-1.99677,53.31708],[-1.99365,53.31756],[-1.99276,53.31692],[-1.99187,53.31684],[-1.99103,53.31635],[-1.99012,53.31547],[-1.98927,53.31604],[-1.98815,53.31504],[-1.98764,53.3131],[-1.98249,53.31048],[-1.97866,53.31038],[-1.97742,53.309],[-1.97693,53.3061],[-1.97558,53.30334],[-1.97534,53.30079],[-1.9739,53.30093],[-1.97135,53.30051],[-1.97059,53.30074],[-1.96937,53.30213],[-1.97042,53.30245],[-1.97124,53.30347],[-1.96744,53.30416],[-1.96837,53.30641],[-1.97007,53.30663],[-1.97114,53.30722],[-1.97355,53.31067],[-1.97033,53.31179],[-1.96839,53.31117],[-1.96395,53.31143],[-1.9583,53.31008],[-1.95295,53.30814],[-1.95273,53.30657],[-1.95219,53.30604],[-1.95087,53.3061],[-1.94848,53.30679],[-1.9466,53.30624],[-1.94487,53.30656],[-1.94335,53.30647],[-1.9433,53.30553],[-1.94237,53.30472],[-1.93967,53.30416],[-1.93896,53.30316],[-1.93665,53.30148],[-1.93513,53.30088],[-1.93441,53.30096],[-1.93165,53.30031],[-1.92857,53.30106],[-1.92825,53.30161],[-1.92892,53.3038],[-1.92649,53.30379],[-1.92227,53.30469],[-1.91172,53.30402],[-1.90515,53.30425],[-1.89979,53.30184],[-1.9025,53.29655],[-1.90517,53.29427],[-1.90509,53.29378],[-1.90679,53.293],[-1.90752,53.29002],[-1.91083,53.28466],[-1.91184,53.2847],[-1.91491,53.28588],[-1.91862,53.28598],[-1.92233,53.28568],[-1.92653,53.28459],[-1.93137,53.2827],[-1.93481,53.28027],[-1.93583,53.27853],[-1.93654,53.27811],[-1.93791,53.27785],[-1.94041,53.278],[-1.94203,53.27767],[-1.94298,53.27703],[-1.94321,53.27608],[-1.94375,53.27572],[-1.94697,53.27638],[-1.94842,53.27619],[-1.94947,53.27545],[-1.95025,53.27331],[-1.95193,53.27357],[-1.95067,53.27257],[-1.95092,53.27134],[-1.94895,53.26994],[-1.94825,53.26859],[-1.9467,53.26708],[-1.9466,53.26641],[-1.9477,53.26442],[-1.95035,53.26343],[-1.95178,53.26182],[-1.95345,53.26106],[-1.95438,53.26109],[-1.95541,53.26155],[-1.95639,53.26109],[-1.95677,53.25685],[-1.95887,53.25385],[-1.95778,53.25177],[-1.95772,53.25069],[-1.95355,53.25073],[-1.9513,53.24711],[-1.94904,53.24808],[-1.94923,53.24723],[-1.94855,53.24662],[-1.94459,53.24564],[-1.94307,53.24455],[-1.94284,53.2432],[-1.94386,53.243],[-1.94311,53.24158],[-1.94419,53.24058],[-1.94449,53.23748],[-1.94434,53.23592],[-1.94338,53.23422],[-1.94352,53.23214],[-1.94442,53.23019],[-1.94644,53.22829],[-1.94369,53.22846],[-1.94209,53.22795],[-1.94108,53.22725],[-1.93833,53.22642],[-1.93583,53.22446],[-1.9303,53.22132],[-1.92916,53.22116],[-1.9275,53.22161],[-1.92649,53.22154],[-1.92492,53.2206],[-1.92335,53.21872],[-1.91765,53.21831],[-1.91082,53.22105],[-1.91081,53.22169],[-1.9101,53.2215],[-1.91057,53.22102],[-1.90704,53.21999],[-1.90062,53.21979],[-1.89689,53.22005],[-1.88951,53.21865],[-1.88789,53.21978],[-1.8862,53.21764],[-1.88343,53.2172],[-1.88245,53.21639],[-1.881,53.21599],[-1.87927,53.21607],[-1.87635,53.21701],[-1.87292,53.21588],[-1.86285,53.20529],[-1.85563,53.20298],[-1.85334,53.20271],[-1.84769,53.19906],[-1.84139,53.19716],[-1.84228,53.19472],[-1.83157,53.19762],[-1.83167,53.2015],[-1.83229,53.20151],[-1.83229,53.20301],[-1.83151,53.20299],[-1.83147,53.20428],[-1.82768,53.20402],[-1.82752,53.20457],[-1.82795,53.20466],[-1.82799,53.20551],[-1.83193,53.20567],[-1.83133,53.21067],[-1.83612,53.21277],[-1.85084,53.21749],[-1.85323,53.21665],[-1.86027,53.22211],[-1.86514,53.22381],[-1.86929,53.22429],[-1.87191,53.22522],[-1.88784,53.23544],[-1.87982,53.23783],[-1.87905,53.23878],[-1.87878,53.24086],[-1.87719,53.24369],[-1.87803,53.24534],[-1.87785,53.24588],[-1.87716,53.24594],[-1.87681,53.24551],[-1.8759,53.24613],[-1.87215,53.24664],[-1.87117,53.24724],[-1.87142,53.24897],[-1.87266,53.24946],[-1.8748,53.24965],[-1.87465,53.25129],[-1.87241,53.25449],[-1.87456,53.25705],[-1.87568,53.25774],[-1.87566,53.2582],[-1.86424,53.25743],[-1.86251,53.25749],[-1.86099,53.25791],[-1.85991,53.25565],[-1.8544,53.25144],[-1.8546,53.24924],[-1.85422,53.24915],[-1.8508,53.24939],[-1.84663,53.24898],[-1.84594,53.24969],[-1.84463,53.24993],[-1.84436,53.25042],[-1.84271,53.25067],[-1.841,53.25014],[-1.84065,53.24965],[-1.83713,53.24933],[-1.83458,53.25015],[-1.83308,53.25161],[-1.83167,53.25146],[-1.83137,53.25203],[-1.83047,53.25238],[-1.83193,53.2525],[-1.83077,53.25293],[-1.83064,53.25362],[-1.83119,53.25445],[-1.83384,53.25604],[-1.834,53.25729],[-1.83625,53.2569],[-1.83791,53.25793],[-1.84019,53.25876],[-1.84275,53.26097],[-1.84429,53.26308],[-1.84466,53.26674],[-1.84559,53.26688],[-1.84505,53.26841],[-1.84573,53.26885],[-1.84584,53.26944],[-1.84504,53.2697],[-1.84457,53.27075],[-1.84426,53.27299],[-1.84494,53.27362],[-1.8441,53.27411],[-1.84465,53.27454],[-1.84223,53.27564],[-1.84366,53.27651],[-1.84593,53.27877],[-1.85299,53.28354],[-1.8557,53.28455],[-1.85285,53.2888],[-1.85233,53.29166],[-1.85289,53.29328],[-1.85357,53.29335],[-1.85518,53.29558],[-1.85755,53.29673],[-1.85979,53.29664],[-1.8603,53.29761],[-1.85584,53.30037],[-1.85344,53.30285],[-1.85851,53.30315],[-1.85711,53.30455],[-1.85637,53.30597],[-1.85982,53.3063],[-1.85942,53.30923],[-1.86096,53.30929],[-1.86131,53.31026],[-1.86043,53.3102],[-1.86016,53.31102],[-1.86285,53.31124],[-1.86615,53.31208],[-1.86694,53.31124],[-1.86772,53.31141],[-1.86794,53.30951],[-1.86989,53.30727],[-1.87243,53.30809],[-1.87534,53.30518],[-1.87629,53.30638],[-1.87994,53.30519],[-1.88407,53.30695],[-1.88615,53.31041],[-1.88594,53.31201],[-1.89018,53.31299],[-1.89247,53.3147],[-1.8932,53.31809],[-1.89584,53.32076],[-1.89555,53.32267],[-1.8963,53.32305],[-1.89711,53.32461],[-1.89903,53.32624],[-1.89622,53.32823],[-1.89837,53.32996],[-1.89948,53.3315],[-1.89944,53.33263],[-1.89984,53.33302],[-1.9023,53.33286],[-1.90269,53.33339],[-1.90447,53.33429],[-1.90526,53.33525],[-1.90698,53.33577],[-1.91392,53.3356],[-1.91345,53.338],[-1.91471,53.33852],[-1.91559,53.34105],[-1.91643,53.34139],[-1.91969,53.34127],[-1.922,53.34299],[-1.9239,53.34335],[-1.92553,53.34414],[-1.93015,53.3447],[-1.93014,53.34529],[-1.93251,53.34625],[-1.93431,53.34634],[-1.93455,53.34706],[-1.9351,53.34591],[-1.93883,53.34269],[-1.93972,53.34149],[-1.94117,53.34123],[-1.94742,53.34134],[-1.94792,53.34162],[-1.94773,53.3423],[-1.94831,53.34325],[-1.94931,53.34404],[-1.95143,53.34444],[-1.95364,53.34444],[-1.95594,53.345],[-1.95689,53.34624],[-1.95974,53.34737],[-1.96147,53.34768],[-1.96384,53.35081],[-1.96485,53.35127],[-1.96788,53.35481],[-1.9693,53.35718],[-1.96911,53.35784],[-1.96974,53.3594],[-1.96891,53.36121],[-1.9686,53.36522],[-1.96893,53.36611],[-1.96822,53.36611],[-1.96673,53.36695],[-1.95891,53.37238],[-1.95733,53.37247],[-1.95629,53.37301],[-1.95415,53.37106],[-1.95236,53.36997],[-1.94806,53.36939],[-1.94694,53.36987],[-1.94688,53.36963],[-1.9438,53.37022],[-1.94042,53.36852],[-1.93937,53.36975],[-1.93798,53.36958],[-1.93698,53.37086],[-1.93981,53.37293],[-1.93926,53.37412],[-1.93831,53.37434],[-1.93613,53.37375],[-1.93583,53.37455],[-1.93485,53.37484],[-1.9332,53.37441],[-1.92608,53.37369],[-1.92422,53.37471],[-1.92351,53.3749],[-1.92255,53.37467],[-1.92336,53.37542],[-1.92544,53.37548],[-1.92597,53.37602],[-1.92502,53.37713],[-1.92509,53.37771],[-1.92556,53.37801],[-1.92689,53.37804],[-1.92822,53.37915],[-1.92775,53.37966],[-1.93177,53.38117],[-1.93077,53.3821],[-1.94033,53.3811],[-1.94104,53.38126],[-1.943,53.38057],[-1.94455,53.3825],[-1.94513,53.38246],[-1.94552,53.38147],[-1.94846,53.38167],[-1.95545,53.38308],[-1.95632,53.38385],[-1.95828,53.38418],[-1.96156,53.38346],[-1.96388,53.38385],[-1.96557,53.38372],[-1.97056,53.38215],[-1.97218,53.38645],[-1.97392,53.38697],[-1.97475,53.3868],[-1.97772,53.38722],[-1.98076,53.38694],[-1.98191,53.38711],[-1.98233,53.38751],[-1.98313,53.38982],[-1.983,53.39098],[-1.98214,53.39216],[-1.98213,53.39381],[-1.98137,53.39488],[-1.97973,53.39594],[-1.98068,53.39633],[-1.98197,53.3963],[-1.98494,53.39695],[-1.98513,53.39745],[-1.98473,53.39793],[-1.98623,53.39872],[-1.99502,53.4008],[-1.99872,53.40135],[-1.9969,53.40421],[-1.99627,53.40456],[-1.99478,53.40863],[-1.99401,53.40915],[-1.99333,53.4119],[-1.99401,53.41321],[-1.99234,53.41522],[-1.98789,53.41504],[-1.98744,53.41656],[-1.98784,53.41871],[-1.98631,53.41982],[-1.98549,53.42001],[-1.98447,53.42101],[-1.98176,53.42179],[-1.97929,53.42337],[-1.97672,53.42595],[-1.97708,53.42701],[-1.97881,53.42834],[-1.981,53.42907],[-1.98036,53.43134],[-1.98056,53.43286],[-1.983,53.4351],[-1.98277,53.43524],[-1.97494,53.43494],[-1.97289,53.43542],[-1.97145,53.43488],[-1.97032,53.43541],[-1.96529,53.43199],[-1.95902,53.42976],[-1.95531,53.42905],[-1.95084,53.42869],[-1.94451,53.42903],[-1.94129,53.42959],[-1.93691,53.43089],[-1.93126,53.4338],[-1.92894,53.43572],[-1.92707,53.43808],[-1.92558,53.4425],[-1.92576,53.44499],[-1.92687,53.4478],[-1.92866,53.45022],[-1.93085,53.45221],[-1.93399,53.45414],[-1.93696,53.45544],[-1.94348,53.45714],[-1.94261,53.45938],[-1.94221,53.46228],[-1.94122,53.46339],[-1.93984,53.4672],[-1.94153,53.46745],[-1.94507,53.46706],[-1.94835,53.46712],[-1.95477,53.46459],[-1.95628,53.46446],[-1.96499,53.46849],[-1.96914,53.4696],[-1.97033,53.4693],[-1.97058,53.46946],[-1.97072,53.46979],[-1.9684,53.47132],[-1.9678,53.47254],[-1.97136,53.47397],[-1.97595,53.47774],[-1.97598,53.47894],[-1.97737,53.47875],[-1.97798,53.47942],[-1.9775,53.48064],[-1.97794,53.48272],[-1.97763,53.48514],[-1.97431,53.48837],[-1.97371,53.49006],[-1.97217,53.49161],[-1.97208,53.49282],[-1.97124,53.4937],[-1.97081,53.49516],[-1.97148,53.49748],[-1.97252,53.49906],[-1.97198,53.5003],[-1.97272,53.50251],[-1.97131,53.50458],[-1.96743,53.50666],[-1.96704,53.50727],[-1.96339,53.50983],[-1.96691,53.51042],[-1.97313,53.51245],[-1.9776,53.51435],[-1.98697,53.51674],[-1.98982,53.51897],[-1.99696,53.52206],[-1.99884,53.52825],[-1.99845,53.52858],[-1.99714,53.5288],[-1.99214,53.52855],[-1.9863,53.52742],[-1.98013,53.52735],[-1.9821,53.53067],[-1.98189,53.53094],[-1.98052,53.53099],[-1.97744,53.53179],[-1.97487,53.5332],[-1.97127,53.53455],[-1.97066,53.53507],[-1.97034,53.53624],[-1.96769,53.53765],[-1.96782,53.53785],[-1.97123,53.53787],[-1.97126,53.53719],[-1.97281,53.53591],[-1.97615,53.53482],[-1.97984,53.53674],[-1.98114,53.53674],[-1.98198,53.5371],[-1.98208,53.53834],[-1.98167,53.53892],[-1.98224,53.53988],[-1.98369,53.54029],[-1.98977,53.54011],[-1.99309,53.54148],[-1.99395,53.54609],[-1.9936,53.54715],[-1.99129,53.55048],[-1.9889,53.55215],[-1.98896,53.55271],[-1.9878,53.55287],[-1.98325,53.55768],[-1.98635,53.55871],[-1.98466,53.56293],[-1.98326,53.56391],[-1.98215,53.5656],[-1.97701,53.56898],[-1.97843,53.56941],[-1.97937,53.56933],[-1.97767,53.57203],[-1.9799,53.57361],[-1.98122,53.57549],[-1.9818,53.57817],[-1.98348,53.57947],[-1.98045,53.57936],[-1.97736,53.581],[-1.96806,53.58385],[-1.96041,53.58775],[-1.95939,53.58727],[-1.94519,53.58756],[-1.94538,53.58738],[-1.94316,53.58727],[-1.93877,53.58791],[-1.93628,53.58753],[-1.93468,53.58787],[-1.93422,53.58861],[-1.93145,53.59027],[-1.93143,53.59146],[-1.92725,53.59189],[-1.92525,53.59153],[-1.92295,53.59172],[-1.91965,53.59412],[-1.91159,53.59553],[-1.90842,53.59653],[-1.90595,53.59621],[-1.90513,53.59492],[-1.89691,53.59651],[-1.89657,53.5951],[-1.88961,53.5973],[-1.88689,53.59571],[-1.88517,53.59688],[-1.88284,53.59786],[-1.88006,53.59712]]]}},{"type":"Feature","properties":{"name":"The Broads","kind":"national_park"},"geometry":{"type":"MultiPolygon","coordinates":[[[[1.51612,52.46396],[1.51645,52.46331],[1.51464,52.46347],[1.51612,52.46396]]],[[[1.68273,52.47618],[1.68216,52.47476],[1.68311,52.47612],[1.68399,52.47564],[1.68368,52.47445],[1.68429,52.47558],[1.68654,52.47442],[1.68915,52.47356],[1.68833,52.47309],[1.68777,52.47326],[1.68692,52.47354],[1.68565,52.47353],[1.682,52.47438],[1.68138,52.47483],[1.68182,52.47651],[1.68273,52.47618]]],[[[1.71143,52.47536],[1.71094,52.475],[1.71042,52.47507],[1.70998,52.47541],[1.71006,52.47625],[1.71125,52.47754],[1.71265,52.47747],[1.71118,52.47655],[1.71143,52.47536]]],[[[1.6812,52.47433],[1.6856,52.47344],[1.68659,52.47344],[1.68807,52.47298],[1.68854,52.47293],[1.68863,52.47286],[1.68913,52.47245],[1.68904,52.47136],[1.69066,52.47029],[1.68919,52.47145],[1.68928,52.47247],[1.68863,52.47309],[1.68858,52.47314],[1.6889,52.4733],[1.68944,52.47357],[1.69074,52.4733],[1.6935,52.47371],[1.69528,52.47359],[1.69762,52.47302],[1.69985,52.47159],[1.7012,52.47153],[1.70156,52.471],[1.7031,52.47089],[1.70311,52.47098],[1.70312,52.47121],[1.70359,52.47098],[1.70328,52.47159],[1.70362,52.47105],[1.70398,52.47116],[1.70358,52.47164],[1.70398,52.47166],[1.70405,52.47118],[1.70444,52.47119],[1.70425,52.47175],[1.70555,52.47114],[1.70634,52.47124],[1.70574,52.47201],[1.70656,52.47208],[1.70572,52.47221],[1.70583,52.47331],[1.70542,52.47326],[1.70517,52.47375],[1.70747,52.47461],[1.70972,52.47413],[1.71053,52.47498],[1.70943,52.47206],[1.70791,52.46985],[1.66952,52.46042],[1.65176,52.45532],[1.6462,52.45487],[1.64319,52.45501],[1.62657,52.45748],[1.60396,52.46137],[1.60288,52.45952],[1.59979,52.46005],[1.59862,52.45983],[1.59642,52.45857],[1.5873,52.46132],[1.57471,52.46409],[1.57307,52.46326],[1.57011,52.4632],[1.56666,52.46406],[1.56646,52.46377],[1.5639,52.46451],[1.56364,52.46137],[1.56266,52.45944],[1.56215,52.45946],[1.56111,52.4587],[1.55997,52.45628],[1.55616,52.45504],[1.55606,52.45423],[1.55294,52.45374],[1.5488,52.45412],[1.54453,52.45345],[1.54118,52.45331],[1.53634,52.45133],[1.5334,52.45075],[1.53033,52.45072],[1.53042,52.45174],[1.52771,52.45199],[1.52359,52.45298],[1.52305,52.45202],[1.52246,52.45211],[1.52183,52.45094],[1.51826,52.45194],[1.51521,52.454],[1.50708,52.45548],[1.50404,52.45637],[1.50163,52.45662],[1.49692,52.45605],[1.49473,52.45612],[1.48777,52.45768],[1.48504,52.45787],[1.47905,52.45723],[1.4758,52.45732],[1.46468,52.45589],[1.46096,52.45583],[1.4604,52.45612],[1.45748,52.45469],[1.45772,52.4545],[1.45735,52.4543],[1.45706,52.45448],[1.4549,52.45384],[1.45074,52.45373],[1.45068,52.45325],[1.44916,52.45321],[1.44814,52.45377],[1.44544,52.45426],[1.4453,52.45459],[1.44488,52.45426],[1.44337,52.45438],[1.44341,52.4548],[1.44289,52.4551],[1.44166,52.45524],[1.44108,52.45491],[1.44089,52.45537],[1.44033,52.45521],[1.43998,52.45562],[1.44075,52.45612],[1.44052,52.45628],[1.43824,52.45729],[1.43769,52.45726],[1.43533,52.45954],[1.43454,52.4593],[1.43378,52.45988],[1.43343,52.45967],[1.43318,52.4599],[1.42831,52.45745],[1.42201,52.45489],[1.4175,52.45485],[1.41629,52.45401],[1.41615,52.4535],[1.415,52.45302],[1.41371,52.45338],[1.41085,52.45306],[1.40862,52.4553],[1.40801,52.45701],[1.40808,52.45789],[1.40861,52.4583],[1.40871,52.46079],[1.40954,52.4626],[1.4097,52.46551],[1.41308,52.46871],[1.42083,52.47198],[1.42431,52.47188],[1.4319,52.46953],[1.4317,52.46892],[1.43484,52.46634],[1.4388,52.46412],[1.4417,52.4643],[1.4419,52.46327],[1.45083,52.46502],[1.45779,52.46681],[1.46081,52.46786],[1.4691,52.47215],[1.47098,52.47267],[1.47397,52.47288],[1.47372,52.47346],[1.47727,52.47409],[1.48266,52.47442],[1.48822,52.47414],[1.51356,52.47072],[1.51454,52.47285],[1.51635,52.47246],[1.51665,52.47199],[1.51787,52.47153],[1.5181,52.4719],[1.52095,52.4719],[1.5212,52.47221],[1.52331,52.47248],[1.52624,52.47213],[1.52635,52.47247],[1.5294,52.47229],[1.52974,52.47263],[1.53089,52.4722],[1.5323,52.47071],[1.53284,52.46897],[1.53609,52.46867],[1.53794,52.469],[1.53801,52.46855],[1.54121,52.46841],[1.54353,52.46937],[1.545,52.46957],[1.54692,52.46956],[1.54693,52.46924],[1.54763,52.4692],[1.54752,52.46949],[1.54904,52.46961],[1.54991,52.46949],[1.55013,52.46902],[1.55123,52.46918],[1.55092,52.47152],[1.55035,52.47177],[1.55075,52.47362],[1.55165,52.47422],[1.55397,52.47447],[1.55392,52.47559],[1.55442,52.47624],[1.56068,52.47658],[1.56655,52.47736],[1.5666,52.47826],[1.57037,52.47855],[1.57074,52.47679],[1.5727,52.47746],[1.57277,52.47796],[1.57412,52.47775],[1.5797,52.48039],[1.58105,52.48041],[1.5854,52.48155],[1.58872,52.48158],[1.59278,52.48057],[1.59473,52.48172],[1.59507,52.48142],[1.59931,52.48073],[1.59953,52.48123],[1.6018,52.48078],[1.60161,52.48146],[1.60687,52.48266],[1.6073,52.48141],[1.60803,52.48131],[1.60905,52.47948],[1.61055,52.47872],[1.61217,52.47711],[1.616,52.4745],[1.61934,52.47341],[1.62527,52.47276],[1.62773,52.47356],[1.62895,52.47341],[1.63409,52.47372],[1.63411,52.47437],[1.63786,52.47525],[1.63801,52.47612],[1.63996,52.47611],[1.64184,52.47646],[1.64545,52.47788],[1.64712,52.47745],[1.6485,52.47494],[1.64804,52.47376],[1.64772,52.47382],[1.64803,52.47374],[1.64802,52.47371],[1.64819,52.4737],[1.64855,52.47361],[1.64909,52.47187],[1.64694,52.47221],[1.6445,52.4715],[1.64363,52.47272],[1.64326,52.47264],[1.64435,52.47144],[1.64289,52.4688],[1.64159,52.46818],[1.63817,52.46779],[1.63632,52.46707],[1.63507,52.46582],[1.635,52.46357],[1.63384,52.46297],[1.62731,52.46254],[1.61891,52.46334],[1.61645,52.46387],[1.61421,52.46517],[1.61126,52.46618],[1.60735,52.46673],[1.60618,52.46737],[1.60536,52.46836],[1.60465,52.47139],[1.60404,52.47184],[1.60214,52.47207],[1.60216,52.47229],[1.60134,52.4722],[1.60127,52.47219],[1.60085,52.47232],[1.59838,52.47305],[1.59775,52.47343],[1.59763,52.4735],[1.5975,52.47369],[1.5964,52.47524],[1.5873,52.47892],[1.58487,52.47853],[1.58308,52.47713],[1.58008,52.4802],[1.58297,52.47704],[1.5762,52.47678],[1.57495,52.47648],[1.5739,52.47738],[1.57495,52.47642],[1.57377,52.47545],[1.57231,52.47516],[1.5695,52.47534],[1.56752,52.47454],[1.56689,52.47331],[1.56534,52.47209],[1.56601,52.46975],[1.56557,52.46852],[1.5621,52.46656],[1.56141,52.46546],[1.55961,52.46569],[1.55938,52.46542],[1.56157,52.46529],[1.56169,52.4647],[1.5613,52.46493],[1.56111,52.46464],[1.56184,52.46458],[1.5621,52.46416],[1.56245,52.46183],[1.56063,52.45975],[1.55838,52.45802],[1.55714,52.45785],[1.55453,52.45927],[1.55109,52.45929],[1.54929,52.45895],[1.54806,52.4599],[1.54794,52.46112],[1.54745,52.46145],[1.5455,52.46179],[1.54412,52.46315],[1.54309,52.46282],[1.54234,52.46187],[1.54129,52.46199],[1.53858,52.46329],[1.53835,52.46437],[1.5363,52.46551],[1.53588,52.46672],[1.53564,52.46647],[1.53363,52.46716],[1.53198,52.46774],[1.53197,52.46775],[1.53182,52.46779],[1.52977,52.4685],[1.52835,52.46841],[1.52827,52.46841],[1.5281,52.4684],[1.52532,52.46822],[1.5241,52.46765],[1.52218,52.46576],[1.51925,52.46629],[1.51736,52.47009],[1.5176,52.47028],[1.51737,52.47089],[1.51575,52.47159],[1.51565,52.4713],[1.51712,52.47087],[1.51736,52.47046],[1.51668,52.47069],[1.517,52.47048],[1.51611,52.47053],[1.51558,52.4712],[1.51581,52.47058],[1.51408,52.47149],[1.51579,52.47047],[1.51718,52.47037],[1.51888,52.46627],[1.52319,52.46526],[1.52326,52.46402],[1.52134,52.46198],[1.51902,52.4621],[1.51842,52.46278],[1.51735,52.46314],[1.51702,52.46325],[1.51692,52.46345],[1.5167,52.46392],[1.51603,52.4641],[1.51266,52.46309],[1.51208,52.46291],[1.51198,52.4629],[1.5088,52.46267],[1.508,52.46184],[1.507,52.46252],[1.50186,52.46336],[1.50149,52.46407],[1.49961,52.46437],[1.49788,52.46527],[1.4984,52.46601],[1.49813,52.46641],[1.49716,52.46639],[1.49638,52.46578],[1.49524,52.46602],[1.49514,52.46642],[1.49646,52.46741],[1.49614,52.46777],[1.49439,52.46778],[1.49317,52.46835],[1.49037,52.46893],[1.48831,52.46861],[1.48335,52.47188],[1.48213,52.47184],[1.48163,52.47182],[1.48161,52.47184],[1.48118,52.47244],[1.48122,52.47189],[1.48062,52.47186],[1.48038,52.47185],[1.48004,52.47186],[1.47995,52.47186],[1.47998,52.47184],[1.48032,52.47164],[1.47974,52.47127],[1.48333,52.47172],[1.4881,52.46852],[1.49039,52.46878],[1.49413,52.46767],[1.4961,52.4676],[1.49593,52.46704],[1.49484,52.4664],[1.49511,52.46593],[1.49638,52.46564],[1.4979,52.46632],[1.49811,52.46597],[1.49742,52.46533],[1.4994,52.46424],[1.50127,52.46394],[1.50169,52.46323],[1.50689,52.46236],[1.50792,52.46171],[1.50841,52.46177],[1.50903,52.46255],[1.51049,52.46248],[1.51449,52.4633],[1.51686,52.46288],[1.51907,52.46182],[1.52169,52.46167],[1.52363,52.4641],[1.52381,52.46509],[1.52279,52.46581],[1.52415,52.46729],[1.52578,52.46801],[1.52922,52.46832],[1.53195,52.46747],[1.53358,52.46696],[1.5319,52.46687],[1.53165,52.46686],[1.53132,52.4666],[1.53128,52.46474],[1.53172,52.46461],[1.53348,52.4641],[1.53173,52.46468],[1.53144,52.46478],[1.53145,52.46517],[1.53163,52.46662],[1.53189,52.46665],[1.53371,52.46687],[1.53548,52.46626],[1.53565,52.46551],[1.53784,52.46431],[1.53835,52.46314],[1.53967,52.46234],[1.54107,52.46193],[1.54144,52.46182],[1.54207,52.46163],[1.54274,52.46183],[1.54353,52.46273],[1.54416,52.4628],[1.54525,52.46162],[1.54747,52.46114],[1.54778,52.45948],[1.54873,52.45889],[1.5497,52.45864],[1.5511,52.45903],[1.55288,52.45904],[1.55516,52.45882],[1.55726,52.45744],[1.55841,52.4577],[1.55963,52.45733],[1.55876,52.45786],[1.55942,52.45828],[1.55981,52.45819],[1.55952,52.45837],[1.56307,52.46139],[1.5631,52.46258],[1.56234,52.46431],[1.56339,52.4644],[1.56237,52.46439],[1.56214,52.46499],[1.56647,52.46403],[1.56437,52.46496],[1.56212,52.46548],[1.56304,52.46678],[1.56621,52.46859],[1.56651,52.46998],[1.5658,52.47199],[1.56678,52.47296],[1.56709,52.47327],[1.56831,52.47447],[1.56968,52.4749],[1.57253,52.47486],[1.57449,52.47525],[1.57613,52.47648],[1.5824,52.47659],[1.58384,52.47701],[1.58601,52.47844],[1.58771,52.4783],[1.58785,52.47797],[1.58825,52.4781],[1.59139,52.47704],[1.59389,52.47563],[1.59589,52.4752],[1.59746,52.47323],[1.59853,52.47269],[1.60042,52.47204],[1.6038,52.47145],[1.60502,52.4681],[1.60673,52.46647],[1.61114,52.46588],[1.61404,52.46482],[1.61683,52.46332],[1.62692,52.46221],[1.6347,52.46278],[1.63551,52.46354],[1.6355,52.46547],[1.63624,52.46657],[1.63884,52.46752],[1.6413,52.46777],[1.64267,52.46821],[1.6436,52.46888],[1.64461,52.47094],[1.64658,52.47178],[1.64865,52.47161],[1.65062,52.4708],[1.65286,52.46846],[1.65262,52.46834],[1.65381,52.46791],[1.6552,52.46768],[1.65876,52.46818],[1.65982,52.46879],[1.66115,52.47044],[1.66265,52.47395],[1.66377,52.4748],[1.6709,52.47605],[1.6718,52.4779],[1.67101,52.48087],[1.67134,52.48191],[1.67228,52.4827],[1.6745,52.48328],[1.6763,52.48419],[1.67721,52.4869],[1.68148,52.48934],[1.68135,52.48721],[1.68236,52.48277],[1.6812,52.47433]]],[[[1.62476,52.53187],[1.62643,52.52997],[1.63084,52.52812],[1.63126,52.52825],[1.63317,52.52656],[1.63642,52.52792],[1.64252,52.52317],[1.64602,52.52294],[1.65244,52.52007],[1.65413,52.51968],[1.6535,52.5182],[1.65162,52.51664],[1.65191,52.51551],[1.65022,52.51529],[1.64921,52.51484],[1.64953,52.51431],[1.65034,52.51431],[1.65045,52.51393],[1.65136,52.5141],[1.65164,52.51368],[1.65079,52.51287],[1.65229,52.51122],[1.65141,52.51105],[1.65155,52.51046],[1.65598,52.50879],[1.66409,52.50769],[1.66842,52.50626],[1.66845,52.50722],[1.67142,52.50694],[1.67674,52.50592],[1.68004,52.50487],[1.68217,52.50462],[1.68938,52.50548],[1.69148,52.50527],[1.69441,52.50542],[1.69614,52.50509],[1.69681,52.50536],[1.69918,52.50526],[1.70107,52.50564],[1.70278,52.50441],[1.70403,52.50311],[1.70256,52.5001],[1.70258,52.49763],[1.70236,52.49741],[1.70054,52.49763],[1.70042,52.4971],[1.69818,52.4972],[1.69708,52.49697],[1.6968,52.49615],[1.69558,52.496],[1.69441,52.49538],[1.69454,52.49175],[1.69522,52.49021],[1.69742,52.48751],[1.69528,52.48402],[1.69619,52.48365],[1.69568,52.48193],[1.69401,52.48112],[1.69468,52.4788],[1.69435,52.47803],[1.695,52.47732],[1.6989,52.47686],[1.69976,52.47647],[1.69964,52.47499],[1.70023,52.47484],[1.70361,52.4764],[1.70494,52.4764],[1.70499,52.47782],[1.70981,52.4776],[1.7089,52.47653],[1.70643,52.47604],[1.70539,52.47555],[1.70353,52.47541],[1.70271,52.47471],[1.70212,52.47474],[1.70182,52.47458],[1.70225,52.47455],[1.70054,52.47403],[1.69871,52.47428],[1.69903,52.4746],[1.69846,52.47487],[1.69888,52.47502],[1.69842,52.47509],[1.69856,52.47545],[1.69795,52.47557],[1.69808,52.47525],[1.6977,52.4755],[1.69721,52.47539],[1.69698,52.47558],[1.69738,52.47574],[1.69668,52.47576],[1.69665,52.47598],[1.69571,52.47565],[1.69558,52.47586],[1.69552,52.47556],[1.69444,52.47573],[1.69434,52.47522],[1.69301,52.47487],[1.69235,52.47547],[1.69277,52.47482],[1.69172,52.47581],[1.69266,52.47472],[1.69198,52.47496],[1.69172,52.47454],[1.69245,52.4741],[1.69173,52.47448],[1.69214,52.47395],[1.69182,52.47412],[1.69202,52.47392],[1.69085,52.4738],[1.69068,52.47404],[1.69065,52.47378],[1.68916,52.47407],[1.68929,52.47427],[1.68908,52.47409],[1.68916,52.4744],[1.68883,52.4742],[1.688,52.47437],[1.6877,52.4745],[1.68212,52.477],[1.68288,52.48305],[1.68183,52.48834],[1.68272,52.49143],[1.6833,52.49158],[1.68277,52.49183],[1.68276,52.49509],[1.68305,52.49512],[1.6836,52.49516],[1.68268,52.49535],[1.68089,52.49664],[1.67619,52.49786],[1.67553,52.49889],[1.6749,52.50177],[1.6739,52.50314],[1.67411,52.50342],[1.67375,52.50329],[1.67184,52.50412],[1.67071,52.50421],[1.66808,52.50373],[1.66805,52.5044],[1.66786,52.50374],[1.66674,52.50319],[1.6591,52.50119],[1.65591,52.50114],[1.65405,52.50176],[1.65231,52.50439],[1.65271,52.50459],[1.65224,52.50446],[1.64707,52.50712],[1.64539,52.50878],[1.64555,52.51004],[1.6474,52.51277],[1.64799,52.51279],[1.64747,52.51292],[1.64764,52.51354],[1.65073,52.51368],[1.64919,52.51385],[1.64857,52.51466],[1.64761,52.51453],[1.64801,52.51379],[1.6476,52.51371],[1.64698,52.51506],[1.64573,52.51592],[1.63971,52.51713],[1.63123,52.52073],[1.62878,52.52301],[1.62891,52.52613],[1.62863,52.52721],[1.63104,52.52815],[1.62862,52.52732],[1.62817,52.52802],[1.62957,52.52858],[1.6281,52.52811],[1.62769,52.52848],[1.62862,52.52887],[1.62758,52.52857],[1.62321,52.53106],[1.62476,52.53187]]],[[[1.57751,52.55656],[1.57739,52.55627],[1.57758,52.55652],[1.57878,52.55604],[1.59255,52.5482],[1.60159,52.54302],[1.62711,52.52841],[1.62826,52.5266],[1.62826,52.52304],[1.62907,52.5219],[1.63095,52.52053],[1.6383,52.51725],[1.63801,52.51682],[1.63865,52.51713],[1.64056,52.51657],[1.64,52.5161],[1.64077,52.51651],[1.64601,52.51537],[1.64659,52.51457],[1.64607,52.51443],[1.64666,52.51447],[1.64649,52.51423],[1.6469,52.51412],[1.6469,52.51313],[1.64492,52.50996],[1.64493,52.50854],[1.64683,52.50679],[1.65016,52.50525],[1.64994,52.50496],[1.65053,52.50513],[1.65167,52.50444],[1.65294,52.50224],[1.6541,52.50126],[1.6565,52.50075],[1.65908,52.50083],[1.66358,52.50176],[1.66951,52.50363],[1.67104,52.5038],[1.67255,52.50343],[1.67425,52.50186],[1.67557,52.49775],[1.67652,52.49719],[1.68056,52.49633],[1.68201,52.49533],[1.68222,52.49333],[1.68153,52.49283],[1.68206,52.49272],[1.68196,52.49073],[1.68072,52.48944],[1.67715,52.48747],[1.67566,52.48424],[1.67412,52.4835],[1.67394,52.48342],[1.67379,52.48339],[1.67235,52.48318],[1.67195,52.48348],[1.67223,52.48311],[1.67171,52.48289],[1.67172,52.48329],[1.67054,52.48302],[1.67031,52.48282],[1.6709,52.48257],[1.67154,52.48276],[1.671,52.48241],[1.67029,52.4827],[1.66969,52.48212],[1.6703,52.48199],[1.67068,52.48236],[1.67066,52.4817],[1.66885,52.48193],[1.67048,52.48148],[1.67134,52.47827],[1.67104,52.47706],[1.6697,52.47622],[1.66372,52.47517],[1.6627,52.47474],[1.66134,52.47297],[1.66065,52.47059],[1.65872,52.46859],[1.65555,52.46809],[1.65357,52.46849],[1.65182,52.47045],[1.64925,52.47197],[1.64867,52.47365],[1.64851,52.47368],[1.64877,52.47367],[1.64991,52.47407],[1.65003,52.47444],[1.65101,52.47458],[1.651,52.4749],[1.6524,52.4751],[1.65261,52.47551],[1.6561,52.47611],[1.65688,52.47855],[1.65954,52.47856],[1.66278,52.47912],[1.66817,52.48245],[1.66011,52.48427],[1.65518,52.48597],[1.64964,52.48867],[1.6464,52.4892],[1.63721,52.49174],[1.63973,52.49396],[1.63982,52.49485],[1.63706,52.49585],[1.63147,52.49681],[1.62935,52.49752],[1.62751,52.49858],[1.62604,52.50027],[1.62575,52.50382],[1.62395,52.50539],[1.62149,52.50446],[1.62045,52.50335],[1.61907,52.50345],[1.61884,52.50292],[1.61667,52.5039],[1.61726,52.50445],[1.61887,52.50476],[1.61907,52.5052],[1.61662,52.50703],[1.61413,52.50637],[1.61225,52.5079],[1.61345,52.50991],[1.61245,52.51074],[1.60975,52.51172],[1.60917,52.51159],[1.6084,52.5129],[1.60391,52.5162],[1.60342,52.51696],[1.602,52.51721],[1.60003,52.51855],[1.59864,52.51799],[1.5973,52.51867],[1.5979,52.51906],[1.59724,52.51978],[1.59617,52.51917],[1.59382,52.52174],[1.59023,52.52406],[1.58939,52.52634],[1.58953,52.52812],[1.58883,52.5299],[1.58878,52.53224],[1.59023,52.53514],[1.58628,52.53771],[1.58686,52.53823],[1.58385,52.53804],[1.58252,52.53698],[1.57985,52.53655],[1.57759,52.53699],[1.57741,52.5365],[1.57507,52.5373],[1.57527,52.53801],[1.5733,52.5379],[1.57365,52.53726],[1.57317,52.53683],[1.57242,52.53683],[1.57239,52.53645],[1.5712,52.53634],[1.57149,52.53565],[1.56816,52.53479],[1.56796,52.5337],[1.56446,52.53259],[1.56365,52.53143],[1.56157,52.53146],[1.5614,52.53172],[1.55872,52.53119],[1.55853,52.53168],[1.55748,52.53226],[1.55819,52.53308],[1.56299,52.53468],[1.56439,52.53624],[1.56414,52.53694],[1.55881,52.53992],[1.55186,52.54132],[1.54253,52.54575],[1.53899,52.54782],[1.53552,52.54892],[1.53338,52.54632],[1.53172,52.54214],[1.52966,52.54119],[1.52746,52.5413],[1.52772,52.5404],[1.52653,52.53763],[1.5301,52.53594],[1.52918,52.53588],[1.5292,52.53543],[1.52509,52.53496],[1.51926,52.5356],[1.51666,52.53559],[1.51616,52.53475],[1.51641,52.5333],[1.51402,52.53216],[1.5102,52.53523],[1.50935,52.5354],[1.50848,52.53478],[1.50778,52.53496],[1.50892,52.53667],[1.50815,52.53752],[1.50599,52.53799],[1.50344,52.53787],[1.50302,52.53838],[1.50175,52.53792],[1.50219,52.53746],[1.50125,52.53645],[1.50148,52.53621],[1.50057,52.53556],[1.50248,52.53528],[1.50239,52.53508],[1.50151,52.5352],[1.50136,52.53485],[1.50018,52.53506],[1.49973,52.5341],[1.49406,52.53395],[1.49196,52.53505],[1.49078,52.53631],[1.48997,52.53666],[1.48898,52.53505],[1.48597,52.53493],[1.48212,52.53538],[1.48306,52.53574],[1.48305,52.53601],[1.48137,52.53633],[1.48157,52.5373],[1.4806,52.5373],[1.48069,52.53763],[1.48204,52.53751],[1.48234,52.53775],[1.48231,52.53743],[1.48275,52.53735],[1.48352,52.53821],[1.4873,52.53874],[1.48698,52.53807],[1.48784,52.53875],[1.49105,52.53808],[1.49336,52.53856],[1.49877,52.53905],[1.50674,52.54142],[1.51135,52.54082],[1.51413,52.54086],[1.51473,52.54097],[1.51515,52.5417],[1.51647,52.54209],[1.51689,52.54248],[1.51914,52.54183],[1.52019,52.54272],[1.52329,52.54335],[1.52409,52.54381],[1.52513,52.54532],[1.52697,52.54802],[1.52718,52.54889],[1.52992,52.5495],[1.53067,52.55002],[1.53093,52.55107],[1.53041,52.55203],[1.53088,52.55248],[1.53322,52.553],[1.53507,52.55197],[1.53626,52.55177],[1.53807,52.55291],[1.53881,52.55282],[1.54081,52.55258],[1.54117,52.55276],[1.54139,52.5534],[1.54015,52.55423],[1.54069,52.55527],[1.5436,52.55506],[1.54554,52.55544],[1.55453,52.55934],[1.55634,52.55913],[1.5595,52.55733],[1.56104,52.55702],[1.5625,52.55707],[1.56635,52.55863],[1.56893,52.559],[1.57419,52.55828],[1.57751,52.55656]]],[[[1.64513,52.58775],[1.64566,52.58576],[1.64631,52.58539],[1.64765,52.58161],[1.64954,52.57948],[1.64949,52.57819],[1.64859,52.5768],[1.64731,52.57582],[1.64529,52.57507],[1.6427,52.57472],[1.63992,52.57522],[1.63836,52.57514],[1.63691,52.57445],[1.63668,52.57434],[1.63455,52.57332],[1.63294,52.57111],[1.63282,52.56953],[1.63218,52.56951],[1.6329,52.56932],[1.63414,52.56378],[1.63378,52.56221],[1.63277,52.56085],[1.62937,52.55866],[1.62727,52.55671],[1.62652,52.55685],[1.62716,52.55659],[1.62626,52.55569],[1.62593,52.55578],[1.62625,52.55559],[1.6256,52.55473],[1.62381,52.55334],[1.61973,52.5518],[1.61438,52.55197],[1.61001,52.55098],[1.60749,52.54867],[1.60617,52.54634],[1.60529,52.54323],[1.60554,52.5429],[1.60626,52.54194],[1.60786,52.54093],[1.61011,52.54025],[1.61295,52.53999],[1.61861,52.54059],[1.61858,52.5402],[1.61885,52.5406],[1.62058,52.53984],[1.61983,52.53986],[1.61997,52.53961],[1.621,52.53954],[1.62131,52.53722],[1.61975,52.53385],[1.62052,52.53262],[1.61777,52.53412],[1.61959,52.53346],[1.61972,52.53478],[1.61877,52.53548],[1.61738,52.53455],[1.61758,52.53423],[1.61648,52.53471],[1.60204,52.54301],[1.58296,52.55395],[1.58036,52.55545],[1.58056,52.55536],[1.58247,52.55451],[1.58238,52.556],[1.58199,52.55633],[1.58206,52.5548],[1.58145,52.55611],[1.5802,52.55557],[1.58016,52.55555],[1.57982,52.55579],[1.57923,52.5562],[1.58485,52.55787],[1.58903,52.55744],[1.59229,52.55776],[1.59481,52.55938],[1.5967,52.56323],[1.5979,52.5643],[1.59854,52.56412],[1.59815,52.56449],[1.60084,52.56655],[1.6017,52.56715],[1.60237,52.56685],[1.60186,52.56725],[1.60304,52.56777],[1.6075,52.56835],[1.6086,52.56926],[1.60895,52.57044],[1.60741,52.57232],[1.60743,52.57342],[1.60803,52.57329],[1.60744,52.57347],[1.60767,52.57384],[1.61066,52.57474],[1.6126,52.57487],[1.6144,52.57458],[1.61744,52.57336],[1.61993,52.57319],[1.62376,52.57424],[1.62575,52.57513],[1.6269,52.57612],[1.6274,52.5772],[1.62745,52.57903],[1.62839,52.57985],[1.62993,52.58058],[1.63259,52.58044],[1.63482,52.58086],[1.63754,52.58215],[1.63883,52.58417],[1.63872,52.58614],[1.63944,52.58609],[1.63882,52.58625],[1.63887,52.5865],[1.63984,52.5876],[1.64185,52.58781],[1.64186,52.58738],[1.64197,52.58775],[1.64439,52.58756],[1.64513,52.58775]]],[[[1.62476,52.53187],[1.62301,52.53119],[1.62096,52.53279],[1.62058,52.53329],[1.6223,52.53379],[1.62267,52.53355],[1.62259,52.53389],[1.62053,52.53339],[1.62032,52.53356],[1.62037,52.53461],[1.6211,52.53558],[1.62276,52.53572],[1.62123,52.53572],[1.62223,52.53597],[1.62154,52.53603],[1.62172,52.53639],[1.62242,52.53645],[1.62173,52.53647],[1.62197,52.53861],[1.62116,52.53995],[1.61966,52.54076],[1.61858,52.54089],[1.61399,52.54026],[1.61198,52.5403],[1.61201,52.54065],[1.61191,52.54031],[1.61041,52.54046],[1.60796,52.54123],[1.6063,52.54243],[1.60621,52.54288],[1.60592,52.54444],[1.60772,52.54843],[1.60972,52.55022],[1.61262,52.55133],[1.61282,52.55141],[1.61576,52.55167],[1.616,52.55087],[1.61592,52.55158],[1.61985,52.55151],[1.62313,52.55252],[1.62583,52.55413],[1.62714,52.55581],[1.62806,52.5555],[1.62725,52.55595],[1.62882,52.55766],[1.63264,52.56013],[1.63358,52.5611],[1.6341,52.56108],[1.63368,52.56123],[1.63393,52.56195],[1.63423,52.56279],[1.63465,52.56396],[1.63332,52.57039],[1.63412,52.57213],[1.63611,52.57385],[1.6378,52.57459],[1.63908,52.57477],[1.64397,52.57436],[1.64432,52.57387],[1.6442,52.57441],[1.64748,52.57528],[1.64923,52.57663],[1.64928,52.5761],[1.65054,52.57631],[1.65007,52.57677],[1.65055,52.5768],[1.65066,52.57728],[1.64986,52.5773],[1.64978,52.57678],[1.64937,52.57683],[1.64973,52.57735],[1.65065,52.57731],[1.65074,52.57769],[1.64991,52.57773],[1.65031,52.57816],[1.65025,52.57925],[1.64831,52.58232],[1.64825,52.58409],[1.64969,52.5859],[1.65093,52.5864],[1.65149,52.587],[1.65262,52.5869],[1.65105,52.5878],[1.65084,52.58944],[1.6499,52.59098],[1.6504,52.59199],[1.64964,52.59222],[1.65006,52.59388],[1.65215,52.59478],[1.65636,52.59559],[1.65862,52.5968],[1.66142,52.59764],[1.66465,52.5978],[1.67053,52.59892],[1.67376,52.5986],[1.67673,52.59957],[1.6837,52.60067],[1.68948,52.60341],[1.69011,52.60402],[1.69123,52.60378],[1.69238,52.60412],[1.6961,52.6063],[1.69547,52.6064],[1.69756,52.60702],[1.69879,52.60724],[1.69925,52.60692],[1.70025,52.60705],[1.70069,52.60744],[1.70151,52.60721],[1.70579,52.60816],[1.70651,52.60881],[1.71135,52.61113],[1.71347,52.61155],[1.71486,52.61129],[1.71496,52.61125],[1.71386,52.61005],[1.71227,52.6072],[1.7127,52.59977],[1.70537,52.6001],[1.69736,52.59782],[1.69678,52.59687],[1.69717,52.59573],[1.69711,52.59246],[1.69515,52.59229],[1.69563,52.59037],[1.6897,52.58969],[1.68208,52.5883],[1.67776,52.58796],[1.67749,52.58911],[1.6714,52.58883],[1.66788,52.58902],[1.66518,52.58864],[1.66313,52.58917],[1.6613,52.58881],[1.66055,52.58893],[1.66029,52.58995],[1.65902,52.5898],[1.65944,52.58951],[1.65624,52.58887],[1.65687,52.58692],[1.6546,52.58654],[1.65515,52.58444],[1.65542,52.57621],[1.65035,52.576],[1.64999,52.57405],[1.65039,52.57384],[1.64959,52.57337],[1.65043,52.57285],[1.64706,52.57156],[1.64722,52.57042],[1.6489,52.56873],[1.64644,52.5679],[1.64554,52.56426],[1.64485,52.56437],[1.64275,52.56198],[1.64337,52.55988],[1.64384,52.56006],[1.64418,52.55819],[1.6435,52.55781],[1.64414,52.55726],[1.64117,52.55535],[1.63857,52.55467],[1.63896,52.55355],[1.63098,52.55284],[1.62799,52.54981],[1.62577,52.54631],[1.62485,52.54342],[1.62516,52.53716],[1.62402,52.5372],[1.62414,52.53461],[1.6237,52.53375],[1.62476,52.53187]]],[[[1.72139,52.61149],[1.72117,52.61149],[1.72251,52.61191],[1.72251,52.6119],[1.72139,52.61149]]],[[[1.72262,52.61167],[1.72242,52.61161],[1.7228,52.6119],[1.72262,52.61167]]],[[[1.72348,52.61276],[1.72335,52.61259],[1.72361,52.61336],[1.72348,52.61276]]],[[[1.34875,52.62138],[1.34691,52.62107],[1.34586,52.62136],[1.34554,52.62112],[1.34695,52.62086],[1.34894,52.62117],[1.35065,52.62089],[1.35997,52.62263],[1.36085,52.62289],[1.36444,52.62394],[1.36452,52.62394],[1.36653,52.62395],[1.36724,52.62395],[1.36738,52.62392],[1.36949,52.62357],[1.3731,52.62101],[1.3732,52.62098],[1.37571,52.62047],[1.37579,52.62033],[1.37613,52.61977],[1.37632,52.61945],[1.37636,52.61878],[1.37544,52.61853],[1.37575,52.61838],[1.37638,52.61867],[1.37638,52.61763],[1.37458,52.61725],[1.37273,52.61539],[1.37084,52.6148],[1.37289,52.6153],[1.37472,52.6171],[1.3763,52.61749],[1.37623,52.61722],[1.37601,52.61636],[1.37597,52.61619],[1.37613,52.61537],[1.37627,52.61463],[1.37631,52.61444],[1.37757,52.61161],[1.37978,52.60915],[1.37981,52.60905],[1.38043,52.60676],[1.38057,52.60627],[1.38108,52.60579],[1.38123,52.60565],[1.38128,52.60561],[1.3852,52.6044],[1.38753,52.60403],[1.39054,52.60406],[1.3921,52.6044],[1.39495,52.60604],[1.39518,52.60617],[1.3979,52.60724],[1.39828,52.60707],[1.39841,52.60745],[1.39864,52.60754],[1.39988,52.60795],[1.39971,52.60821],[1.40048,52.60803],[1.40009,52.60839],[1.40054,52.60912],[1.40183,52.60856],[1.40057,52.60921],[1.40069,52.60949],[1.40192,52.60865],[1.40068,52.60988],[1.40091,52.61178],[1.40181,52.61324],[1.40215,52.61343],[1.4032,52.61402],[1.40326,52.61403],[1.40396,52.61408],[1.404,52.61408],[1.4059,52.61301],[1.40766,52.61342],[1.40773,52.61353],[1.40804,52.61405],[1.40829,52.61447],[1.40829,52.61455],[1.40828,52.61483],[1.40824,52.61687],[1.40927,52.61841],[1.41435,52.62078],[1.4188,52.62076],[1.42012,52.62117],[1.4207,52.62177],[1.42195,52.62192],[1.42324,52.62137],[1.42435,52.62088],[1.42744,52.61831],[1.42869,52.61792],[1.42905,52.61781],[1.42926,52.61775],[1.43012,52.61791],[1.43073,52.61802],[1.43102,52.61808],[1.43304,52.61956],[1.43308,52.6196],[1.43334,52.61961],[1.43423,52.61967],[1.43601,52.61873],[1.43656,52.61755],[1.43601,52.61617],[1.4358,52.61601],[1.43298,52.61372],[1.4323,52.61317],[1.4324,52.61293],[1.43293,52.61168],[1.43296,52.61162],[1.43315,52.61153],[1.43744,52.60945],[1.4376,52.60929],[1.4421,52.6049],[1.44401,52.60376],[1.4517,52.60151],[1.45351,52.60055],[1.45384,52.59909],[1.45247,52.59654],[1.45258,52.59558],[1.45271,52.59543],[1.45301,52.59504],[1.4536,52.59432],[1.45529,52.59349],[1.45542,52.59348],[1.45733,52.5934],[1.45772,52.59338],[1.46115,52.59377],[1.46186,52.59359],[1.46246,52.59345],[1.46291,52.59311],[1.46603,52.59077],[1.46614,52.59059],[1.46624,52.59041],[1.46641,52.59013],[1.46625,52.58861],[1.46624,52.58846],[1.46703,52.58718],[1.46732,52.58711],[1.46807,52.58695],[1.46875,52.58643],[1.4703,52.5863],[1.47474,52.58578],[1.47504,52.58579],[1.4751,52.58579],[1.47645,52.58586],[1.4779,52.58593],[1.47806,52.58598],[1.48035,52.58673],[1.48122,52.58686],[1.48352,52.58719],[1.48499,52.58672],[1.48515,52.5866],[1.48703,52.58512],[1.48717,52.5848],[1.48745,52.58417],[1.4876,52.58383],[1.4871,52.58205],[1.48694,52.58146],[1.4879,52.58022],[1.48758,52.57993],[1.48816,52.58005],[1.49088,52.57862],[1.49143,52.57799],[1.49155,52.57724],[1.49176,52.57578],[1.49178,52.57565],[1.49197,52.57547],[1.49431,52.57319],[1.49424,52.57316],[1.48838,52.5707],[1.48905,52.57062],[1.48918,52.57092],[1.49442,52.57299],[1.49646,52.57146],[1.49694,52.5711],[1.49772,52.57091],[1.49851,52.57071],[1.49913,52.57055],[1.50059,52.5706],[1.50084,52.57067],[1.50834,52.57281],[1.50927,52.57307],[1.51469,52.57588],[1.51691,52.57579],[1.51838,52.57523],[1.52239,52.57248],[1.52381,52.57024],[1.52385,52.57019],[1.52373,52.56868],[1.52369,52.56813],[1.52358,52.56802],[1.52095,52.56549],[1.52076,52.56531],[1.52077,52.56522],[1.52085,52.56361],[1.52086,52.56347],[1.52138,52.56294],[1.52209,52.5622],[1.52245,52.56184],[1.52591,52.55966],[1.5222,52.55679],[1.52175,52.55603],[1.52608,52.55958],[1.52845,52.55904],[1.52876,52.55908],[1.52906,52.55913],[1.53034,52.5593],[1.53068,52.5596],[1.53334,52.56192],[1.53339,52.56192],[1.53491,52.56213],[1.535,52.56214],[1.53518,52.56208],[1.5363,52.56167],[1.53682,52.56149],[1.53801,52.56023],[1.53803,52.5601],[1.53873,52.55691],[1.53882,52.55682],[1.53911,52.55657],[1.54037,52.55544],[1.54045,52.55537],[1.53998,52.55412],[1.54117,52.55343],[1.5411,52.55293],[1.54051,52.55266],[1.53881,52.55287],[1.53782,52.55299],[1.53622,52.55188],[1.53516,52.55205],[1.53413,52.55289],[1.53313,52.55313],[1.53074,52.55256],[1.53022,52.55207],[1.53071,52.55102],[1.53046,52.55005],[1.52985,52.54963],[1.52703,52.54892],[1.52472,52.54534],[1.52367,52.54371],[1.52005,52.54277],[1.51917,52.54195],[1.51673,52.54259],[1.51636,52.54215],[1.51508,52.54186],[1.51492,52.54167],[1.51462,52.54108],[1.51149,52.54093],[1.50663,52.54157],[1.49869,52.53916],[1.49077,52.53831],[1.48702,52.53901],[1.48644,52.53876],[1.48404,52.53866],[1.48257,52.53799],[1.48075,52.53785],[1.48085,52.53823],[1.48134,52.53815],[1.48141,52.53867],[1.48493,52.54037],[1.48523,52.54015],[1.48586,52.54032],[1.48578,52.54072],[1.48734,52.54139],[1.48763,52.54084],[1.49271,52.54148],[1.49316,52.54074],[1.4958,52.5403],[1.5023,52.54357],[1.5029,52.54427],[1.50571,52.54492],[1.50759,52.5448],[1.50629,52.5473],[1.5091,52.54672],[1.51468,52.54762],[1.52006,52.54779],[1.52047,52.55013],[1.51851,52.55155],[1.51821,52.5525],[1.51746,52.55245],[1.51751,52.55172],[1.5168,52.55169],[1.51649,52.55282],[1.51398,52.55436],[1.51101,52.55444],[1.5072,52.55414],[1.50167,52.55329],[1.50073,52.55373],[1.49917,52.55488],[1.49814,52.55663],[1.49422,52.55922],[1.49159,52.56504],[1.48822,52.56954],[1.48307,52.57173],[1.4789,52.57529],[1.47601,52.57896],[1.47309,52.57921],[1.47104,52.5788],[1.46611,52.57854],[1.46508,52.57798],[1.46453,52.57678],[1.46219,52.5755],[1.4611,52.57529],[1.45806,52.57578],[1.45537,52.57739],[1.45736,52.57815],[1.45819,52.57789],[1.45846,52.57816],[1.45863,52.57845],[1.45682,52.57905],[1.45565,52.57811],[1.45032,52.5801],[1.44964,52.58016],[1.44945,52.57991],[1.44717,52.58068],[1.44401,52.58085],[1.4429,52.58113],[1.44274,52.58157],[1.4387,52.58168],[1.43906,52.5828],[1.43792,52.58404],[1.43828,52.58689],[1.43789,52.58748],[1.43712,52.5873],[1.43657,52.58821],[1.43545,52.58817],[1.43462,52.58961],[1.43385,52.58973],[1.43454,52.59166],[1.43706,52.59141],[1.43693,52.59233],[1.43484,52.59499],[1.43421,52.59485],[1.43317,52.59593],[1.43105,52.59896],[1.43241,52.59931],[1.43238,52.59979],[1.43517,52.60005],[1.43461,52.60263],[1.43297,52.60245],[1.43178,52.60678],[1.43074,52.60829],[1.42961,52.60865],[1.42718,52.60823],[1.42532,52.61075],[1.42618,52.61101],[1.42516,52.61206],[1.42565,52.61284],[1.42398,52.61384],[1.42139,52.6138],[1.42057,52.61475],[1.41947,52.61529],[1.41709,52.61583],[1.41588,52.61545],[1.41587,52.61579],[1.41328,52.61529],[1.41177,52.61433],[1.41158,52.61345],[1.41073,52.6133],[1.411,52.61312],[1.40973,52.61236],[1.40939,52.61247],[1.406,52.61006],[1.40659,52.60941],[1.40317,52.60757],[1.40326,52.6073],[1.40126,52.60637],[1.4014,52.60618],[1.39331,52.60402],[1.39407,52.60278],[1.39287,52.60254],[1.39268,52.60289],[1.39075,52.60267],[1.38787,52.60036],[1.38765,52.60101],[1.38553,52.60231],[1.38523,52.60383],[1.38188,52.60485],[1.37941,52.60478],[1.3794,52.60547],[1.37848,52.60648],[1.37704,52.60721],[1.37604,52.60732],[1.37362,52.60669],[1.37342,52.60686],[1.37323,52.61051],[1.37074,52.61313],[1.37025,52.61553],[1.36765,52.62131],[1.36551,52.62263],[1.36488,52.62266],[1.36255,52.62109],[1.36134,52.62132],[1.36145,52.62101],[1.35969,52.62004],[1.35982,52.61923],[1.3557,52.61931],[1.35142,52.61834],[1.34843,52.61725],[1.3436,52.61667],[1.34338,52.61837],[1.33916,52.61798],[1.3392,52.61714],[1.33509,52.61643],[1.33267,52.61556],[1.32694,52.61512],[1.32453,52.61459],[1.32316,52.6147],[1.32095,52.61349],[1.31892,52.61411],[1.31707,52.61352],[1.31575,52.61344],[1.31562,52.6136],[1.31825,52.615],[1.31952,52.61579],[1.32036,52.61593],[1.32036,52.61593],[1.32037,52.61594],[1.32049,52.61616],[1.32097,52.61698],[1.32118,52.61751],[1.32115,52.6176],[1.32124,52.61778],[1.32092,52.61815],[1.32067,52.61849],[1.3206,52.6191],[1.3206,52.61923],[1.32083,52.61953],[1.32124,52.61992],[1.32163,52.6201],[1.32258,52.62045],[1.32266,52.62058],[1.32303,52.62076],[1.32492,52.6226],[1.32497,52.62264],[1.32609,52.62299],[1.32887,52.62387],[1.33566,52.62477],[1.34228,52.62478],[1.34357,52.62414],[1.34444,52.62371],[1.34451,52.62367],[1.34772,52.62339],[1.34788,52.62337],[1.34792,52.62333],[1.34825,52.62303],[1.34863,52.62268],[1.34871,52.6218],[1.34875,52.62138]]],[[[1.36785,52.62662],[1.36975,52.62722],[1.37009,52.62625],[1.37161,52.62525],[1.38015,52.62395],[1.37866,52.62237],[1.37997,52.61994],[1.38488,52.62026],[1.38471,52.61799],[1.38625,52.61888],[1.38907,52.61885],[1.38991,52.61628],[1.39093,52.61681],[1.39191,52.6166],[1.39213,52.61799],[1.39523,52.61775],[1.39549,52.61908],[1.40119,52.61887],[1.40406,52.6191],[1.40485,52.61883],[1.4065,52.61908],[1.40859,52.62043],[1.41114,52.62146],[1.41131,52.62258],[1.42012,52.62341],[1.42105,52.62422],[1.42257,52.62425],[1.42269,52.62527],[1.42329,52.62499],[1.4233,52.62438],[1.42599,52.62401],[1.42578,52.6235],[1.4285,52.62311],[1.42844,52.62287],[1.43282,52.62172],[1.43277,52.62168],[1.43262,52.62176],[1.43246,52.62169],[1.43236,52.62149],[1.43195,52.61971],[1.43065,52.61863],[1.42942,52.61832],[1.42827,52.61861],[1.42457,52.62156],[1.42206,52.62234],[1.42028,52.62226],[1.4184,52.62115],[1.41782,52.62121],[1.41705,52.62129],[1.41697,52.62151],[1.41658,52.62135],[1.41626,52.62192],[1.41605,52.62143],[1.41598,52.62142],[1.41361,52.62116],[1.41354,52.62115],[1.4108,52.62001],[1.41036,52.61973],[1.40942,52.61911],[1.4077,52.61798],[1.40717,52.61549],[1.40729,52.61491],[1.40739,52.61442],[1.4071,52.61407],[1.40699,52.61394],[1.40613,52.61376],[1.40475,52.61451],[1.40466,52.61456],[1.40462,52.61458],[1.40321,52.61473],[1.40297,52.61459],[1.40114,52.61349],[1.40071,52.61323],[1.39993,52.61203],[1.39961,52.60929],[1.39884,52.60852],[1.39371,52.60629],[1.39147,52.60479],[1.39132,52.60477],[1.38998,52.60455],[1.38989,52.60471],[1.38979,52.6049],[1.38976,52.6047],[1.38974,52.60456],[1.38782,52.60462],[1.38754,52.60463],[1.38677,52.60476],[1.38385,52.60524],[1.38192,52.60614],[1.38147,52.60635],[1.38101,52.60885],[1.37849,52.61192],[1.37722,52.61449],[1.37708,52.61952],[1.37666,52.62067],[1.37596,52.62109],[1.37348,52.62145],[1.37048,52.62362],[1.37032,52.62368],[1.36979,52.62391],[1.36924,52.62414],[1.36968,52.62482],[1.37154,52.62429],[1.37164,52.62465],[1.36956,52.62518],[1.36901,52.62419],[1.36814,52.62433],[1.36781,52.62439],[1.36782,52.62441],[1.36794,52.62489],[1.36803,52.62524],[1.36624,52.62542],[1.36619,52.62511],[1.36784,52.62514],[1.36772,52.62492],[1.36715,52.62501],[1.36758,52.62484],[1.36729,52.62451],[1.36557,52.62461],[1.36413,52.62423],[1.36066,52.62332],[1.36009,52.62318],[1.35342,52.62186],[1.35077,52.62135],[1.34963,52.62166],[1.34957,52.62168],[1.34924,52.6228],[1.34921,52.62291],[1.34753,52.62437],[1.34756,52.6239],[1.34531,52.62409],[1.34532,52.62438],[1.34739,52.62442],[1.34533,52.62442],[1.34532,52.62522],[1.34523,52.62473],[1.34439,52.62477],[1.34521,52.62462],[1.34515,52.62408],[1.34514,52.62403],[1.3446,52.62413],[1.3441,52.62456],[1.34331,52.62525],[1.34317,52.62537],[1.34273,52.62551],[1.34188,52.62578],[1.34123,52.62599],[1.33677,52.62612],[1.33219,52.62625],[1.33195,52.62626],[1.32994,52.6251],[1.32895,52.62613],[1.32983,52.625],[1.32953,52.62474],[1.32528,52.62319],[1.32256,52.62152],[1.32088,52.62269],[1.32239,52.6215],[1.3223,52.62143],[1.32071,52.62284],[1.32247,52.62449],[1.32355,52.62487],[1.32317,52.62515],[1.32571,52.62585],[1.32533,52.62659],[1.32968,52.627],[1.3427,52.62598],[1.34627,52.62629],[1.34713,52.62547],[1.34774,52.62547],[1.35291,52.62597],[1.35658,52.62695],[1.35655,52.62645],[1.36113,52.62686],[1.36136,52.62771],[1.36785,52.62662]]],[[[1.71439,52.61518],[1.71498,52.61299],[1.71415,52.6131],[1.71474,52.61322],[1.71476,52.61369],[1.71441,52.61461],[1.71375,52.61474],[1.71552,52.61671],[1.71419,52.6177],[1.71599,52.61665],[1.71439,52.61518]]],[[[1.71334,52.6184],[1.71677,52.61642],[1.71633,52.61527],[1.71656,52.61318],[1.71794,52.61221],[1.72091,52.61148],[1.71965,52.61143],[1.71592,52.6129],[1.71637,52.6136],[1.71581,52.61296],[1.71537,52.61303],[1.71467,52.61525],[1.71507,52.61571],[1.71624,52.61564],[1.7151,52.61573],[1.71617,52.61666],[1.71653,52.61647],[1.71401,52.618],[1.71158,52.61881],[1.71334,52.6184]]],[[[1.5418,52.70387],[1.54141,52.7038],[1.54103,52.7043],[1.53968,52.70461],[1.54052,52.70486],[1.54116,52.70437],[1.5418,52.70387]]],[[[1.53658,52.70726],[1.53728,52.70706],[1.53683,52.70712],[1.53625,52.70707],[1.53627,52.70736],[1.53658,52.70726]]],[[[1.47677,52.81035],[1.4758,52.80943],[1.47584,52.80801],[1.47328,52.80778],[1.47318,52.80592],[1.47488,52.80574],[1.47495,52.80482],[1.47459,52.80485],[1.4744,52.80395],[1.47539,52.80314],[1.47878,52.8027],[1.47828,52.80075],[1.47414,52.79915],[1.47057,52.7984],[1.47361,52.7975],[1.47331,52.79421],[1.47601,52.79171],[1.47921,52.79124],[1.48187,52.79037],[1.4903,52.78517],[1.48933,52.78382],[1.49042,52.78211],[1.48995,52.78205],[1.48981,52.78121],[1.49031,52.78104],[1.49014,52.78066],[1.48974,52.78072],[1.48941,52.77847],[1.48874,52.77841],[1.48469,52.77614],[1.4857,52.77252],[1.4908,52.77417],[1.49535,52.77462],[1.49544,52.77344],[1.49735,52.77279],[1.49734,52.77204],[1.49363,52.77197],[1.49255,52.76985],[1.49583,52.76911],[1.49748,52.76907],[1.49708,52.76745],[1.49789,52.76739],[1.49911,52.76399],[1.5031,52.76344],[1.50193,52.76183],[1.50862,52.76104],[1.50826,52.76226],[1.50905,52.76227],[1.51028,52.76417],[1.51022,52.76494],[1.50865,52.76725],[1.51066,52.7671],[1.51251,52.76632],[1.51387,52.76625],[1.51473,52.76758],[1.51562,52.76809],[1.51594,52.76911],[1.52327,52.76477],[1.51936,52.76419],[1.51615,52.76319],[1.51396,52.76169],[1.51435,52.76075],[1.52197,52.75987],[1.52799,52.76137],[1.5303,52.75867],[1.53241,52.75481],[1.5288,52.75519],[1.52582,52.75517],[1.52418,52.75262],[1.52378,52.75306],[1.52137,52.75319],[1.51995,52.75482],[1.51847,52.75525],[1.5152,52.75328],[1.51456,52.75183],[1.51653,52.75003],[1.51885,52.74899],[1.51778,52.74812],[1.51748,52.74729],[1.51701,52.74734],[1.51653,52.74798],[1.51282,52.74866],[1.50844,52.74847],[1.50821,52.74467],[1.50539,52.73856],[1.50606,52.73837],[1.50727,52.73856],[1.50977,52.73977],[1.51155,52.7402],[1.5134,52.7393],[1.51614,52.73952],[1.51857,52.73933],[1.5191,52.73852],[1.52136,52.73827],[1.52141,52.73758],[1.52407,52.73701],[1.52612,52.73263],[1.52516,52.73232],[1.52549,52.73136],[1.52391,52.73106],[1.5243,52.72996],[1.5236,52.72985],[1.5248,52.72695],[1.52538,52.72706],[1.52569,52.72669],[1.52434,52.72609],[1.52313,52.72426],[1.52084,52.72424],[1.51762,52.72369],[1.51671,52.72328],[1.51385,52.7205],[1.51239,52.71718],[1.5109,52.71559],[1.511,52.71445],[1.51336,52.7133],[1.5152,52.71323],[1.51757,52.71379],[1.51865,52.71155],[1.51916,52.71146],[1.51792,52.70928],[1.51795,52.70773],[1.51595,52.70585],[1.51492,52.70244],[1.52192,52.70222],[1.53052,52.70141],[1.53589,52.70184],[1.53398,52.70518],[1.53465,52.70933],[1.53532,52.70999],[1.5387,52.7095],[1.53828,52.70815],[1.53856,52.70722],[1.54087,52.70613],[1.54389,52.70557],[1.54559,52.70354],[1.547,52.70344],[1.54696,52.7057],[1.54884,52.70563],[1.54882,52.70673],[1.55188,52.70696],[1.55193,52.70732],[1.55314,52.70738],[1.5544,52.70838],[1.55483,52.70922],[1.55533,52.70889],[1.55604,52.70907],[1.55757,52.71003],[1.55784,52.70934],[1.55938,52.70884],[1.56036,52.7077],[1.5618,52.70677],[1.56438,52.7074],[1.5657,52.70824],[1.56389,52.71163],[1.56948,52.71214],[1.56934,52.71236],[1.57112,52.71271],[1.57208,52.71189],[1.57475,52.71219],[1.5787,52.71366],[1.57952,52.71294],[1.58856,52.71599],[1.5908,52.71558],[1.59509,52.71704],[1.59322,52.71956],[1.59342,52.72043],[1.59582,52.72193],[1.59596,52.72297],[1.59452,52.72426],[1.59222,52.72516],[1.59313,52.72792],[1.58877,52.72839],[1.58904,52.72949],[1.58706,52.72963],[1.58718,52.72993],[1.58463,52.7291],[1.58263,52.72957],[1.58005,52.72947],[1.57727,52.73015],[1.57494,52.73011],[1.57118,52.73094],[1.57032,52.73191],[1.56794,52.73214],[1.56438,52.73344],[1.56509,52.73462],[1.56404,52.735],[1.56304,52.73496],[1.56246,52.73447],[1.56105,52.73417],[1.56095,52.73448],[1.5537,52.73452],[1.55324,52.74181],[1.55347,52.74223],[1.55792,52.74204],[1.56001,52.74399],[1.5668,52.74699],[1.5673,52.74693],[1.56809,52.74744],[1.5697,52.74746],[1.5715,52.74842],[1.57566,52.74652],[1.57532,52.74531],[1.57594,52.74452],[1.57576,52.74285],[1.58073,52.74225],[1.58164,52.74249],[1.58635,52.74121],[1.58819,52.74418],[1.58928,52.74393],[1.58952,52.74418],[1.5926,52.74338],[1.59516,52.74224],[1.60505,52.73955],[1.60716,52.74283],[1.60321,52.74427],[1.60253,52.74485],[1.60048,52.74519],[1.60201,52.74621],[1.60068,52.74664],[1.5989,52.74787],[1.5956,52.74793],[1.59464,52.74826],[1.59424,52.74767],[1.59198,52.74825],[1.58642,52.75073],[1.58722,52.75152],[1.58629,52.75183],[1.58648,52.75202],[1.58351,52.75286],[1.58317,52.75247],[1.58086,52.75287],[1.5806,52.75331],[1.57715,52.75244],[1.57729,52.75172],[1.57625,52.75155],[1.57596,52.75287],[1.5805,52.75431],[1.58962,52.7553],[1.59165,52.75476],[1.59352,52.75362],[1.59582,52.75344],[1.59696,52.75286],[1.59866,52.75254],[1.59848,52.75223],[1.60179,52.75223],[1.60217,52.75422],[1.60385,52.75427],[1.60346,52.75286],[1.60762,52.75241],[1.60963,52.75255],[1.60973,52.75293],[1.61173,52.75305],[1.61173,52.75336],[1.61224,52.75339],[1.61106,52.75647],[1.6081,52.75838],[1.60513,52.7591],[1.60158,52.75871],[1.59956,52.75983],[1.60341,52.76432],[1.60284,52.76464],[1.5994,52.76444],[1.59596,52.76547],[1.596,52.76514],[1.59402,52.76478],[1.59331,52.76433],[1.59309,52.76364],[1.59486,52.76109],[1.59311,52.76021],[1.59135,52.75992],[1.58986,52.76023],[1.59007,52.76045],[1.58911,52.76112],[1.58871,52.76102],[1.58567,52.76242],[1.58211,52.76226],[1.58094,52.76184],[1.58062,52.76094],[1.57945,52.76112],[1.58072,52.76333],[1.57825,52.76384],[1.57388,52.76553],[1.56822,52.76619],[1.56872,52.76735],[1.57295,52.76709],[1.57457,52.76824],[1.57492,52.76894],[1.57321,52.77062],[1.57004,52.77031],[1.567,52.77042],[1.56493,52.77116],[1.56694,52.77193],[1.56907,52.77206],[1.57056,52.77146],[1.57155,52.7715],[1.57271,52.77199],[1.57278,52.77362],[1.57405,52.77393],[1.57362,52.77455],[1.5716,52.77468],[1.57025,52.77517],[1.56988,52.77498],[1.56545,52.77776],[1.56403,52.77807],[1.56318,52.77892],[1.56165,52.77863],[1.56162,52.77802],[1.55846,52.77845],[1.55832,52.77974],[1.56179,52.78053],[1.56308,52.78054],[1.56468,52.78354],[1.57251,52.78229],[1.57265,52.78073],[1.57647,52.78025],[1.57848,52.77901],[1.58233,52.77876],[1.58095,52.77709],[1.58124,52.77576],[1.58081,52.77565],[1.58572,52.77167],[1.58484,52.77153],[1.58504,52.77059],[1.5821,52.77082],[1.58007,52.76979],[1.57893,52.76814],[1.57881,52.76715],[1.58067,52.7658],[1.58254,52.76523],[1.58325,52.76533],[1.58555,52.76606],[1.58714,52.76719],[1.58764,52.7677],[1.58567,52.77042],[1.58604,52.77064],[1.58786,52.76982],[1.59037,52.76987],[1.59241,52.77028],[1.59626,52.77168],[1.60589,52.77073],[1.60566,52.77047],[1.6074,52.77011],[1.60803,52.76971],[1.61218,52.76619],[1.61358,52.7657],[1.6167,52.7662],[1.61938,52.76544],[1.62361,52.76819],[1.62458,52.76645],[1.63219,52.75925],[1.63811,52.75597],[1.63688,52.75391],[1.63774,52.75388],[1.63717,52.75251],[1.63929,52.75198],[1.63448,52.74563],[1.63768,52.74474],[1.63861,52.74492],[1.63884,52.74427],[1.64555,52.74334],[1.64739,52.74596],[1.64814,52.74582],[1.65291,52.74641],[1.64746,52.75342],[1.64667,52.75414],[1.64506,52.75425],[1.64521,52.7549],[1.64695,52.75645],[1.65067,52.7546],[1.6516,52.75339],[1.65276,52.75426],[1.65447,52.75839],[1.6627,52.75232],[1.67052,52.74606],[1.67339,52.74351],[1.67687,52.74112],[1.67863,52.73985],[1.67101,52.73737],[1.67395,52.73273],[1.67472,52.73233],[1.67358,52.73166],[1.67124,52.73132],[1.67309,52.72526],[1.66335,52.72652],[1.66493,52.72229],[1.65601,52.72176],[1.6566,52.71921],[1.65701,52.71902],[1.65387,52.71656],[1.64941,52.71461],[1.64627,52.7138],[1.64306,52.71255],[1.64214,52.71426],[1.64113,52.71407],[1.63979,52.7167],[1.63881,52.71646],[1.63805,52.71573],[1.636,52.71552],[1.63606,52.71577],[1.63377,52.7153],[1.63427,52.71423],[1.63149,52.71344],[1.62713,52.71288],[1.62919,52.70856],[1.62738,52.70769],[1.62645,52.70649],[1.62221,52.70375],[1.62073,52.70607],[1.61743,52.70485],[1.61532,52.70657],[1.6148,52.70684],[1.61419,52.70659],[1.61356,52.70722],[1.61096,52.70706],[1.61082,52.70751],[1.6093,52.70763],[1.60502,52.70716],[1.60217,52.70866],[1.59994,52.70863],[1.59757,52.70809],[1.59826,52.70678],[1.59665,52.70535],[1.59747,52.70507],[1.59712,52.70379],[1.59786,52.70271],[1.60043,52.70064],[1.60074,52.70046],[1.60139,52.70071],[1.60206,52.70018],[1.60475,52.69731],[1.60246,52.69844],[1.59939,52.70078],[1.59726,52.70191],[1.59666,52.70186],[1.59636,52.70086],[1.59576,52.70073],[1.59601,52.70203],[1.59545,52.70387],[1.59485,52.70429],[1.59181,52.70355],[1.59,52.70577],[1.58817,52.70517],[1.58714,52.70519],[1.58528,52.70442],[1.58487,52.70491],[1.58354,52.70423],[1.58332,52.70461],[1.58169,52.70367],[1.58214,52.70345],[1.57789,52.70164],[1.57822,52.70093],[1.57676,52.70017],[1.57387,52.70054],[1.57175,52.69888],[1.57205,52.6987],[1.57085,52.69728],[1.57238,52.69677],[1.57064,52.69246],[1.57293,52.69224],[1.57271,52.69174],[1.57394,52.69139],[1.57707,52.69193],[1.57877,52.69155],[1.57866,52.69127],[1.57797,52.69142],[1.57788,52.69119],[1.57524,52.69075],[1.57522,52.6897],[1.57369,52.68969],[1.57315,52.68922],[1.57161,52.69101],[1.57035,52.69124],[1.57018,52.69089],[1.56776,52.69097],[1.56776,52.69146],[1.56674,52.69132],[1.56525,52.69042],[1.56466,52.69061],[1.56524,52.69163],[1.56364,52.69247],[1.55741,52.6935],[1.5561,52.69355],[1.5548,52.69155],[1.55648,52.69122],[1.55596,52.68961],[1.5563,52.68719],[1.55686,52.68716],[1.55662,52.6851],[1.55809,52.68497],[1.5574,52.6813],[1.56215,52.68064],[1.56933,52.67841],[1.573,52.67779],[1.57249,52.67528],[1.57642,52.6741],[1.57956,52.67358],[1.58079,52.67434],[1.58119,52.67424],[1.58083,52.67371],[1.59079,52.67085],[1.58871,52.66604],[1.58787,52.66619],[1.58715,52.66503],[1.58777,52.66485],[1.58351,52.65999],[1.58726,52.65988],[1.58881,52.66046],[1.58789,52.66143],[1.59154,52.66268],[1.59182,52.6619],[1.5926,52.66186],[1.59221,52.66043],[1.59255,52.66036],[1.59519,52.66026],[1.59538,52.66128],[1.60385,52.66151],[1.60467,52.66219],[1.60416,52.66373],[1.60319,52.66468],[1.60379,52.66519],[1.60446,52.66518],[1.60505,52.66406],[1.60602,52.66335],[1.60851,52.66415],[1.60884,52.66383],[1.60799,52.66218],[1.61374,52.66245],[1.61901,52.66333],[1.62082,52.66379],[1.62143,52.66436],[1.62084,52.66747],[1.6304,52.66683],[1.6372,52.66457],[1.6377,52.66489],[1.63901,52.66619],[1.63894,52.66676],[1.63652,52.66826],[1.63447,52.66801],[1.63385,52.67047],[1.63181,52.67075],[1.63096,52.67],[1.63038,52.67066],[1.62989,52.67059],[1.62911,52.67178],[1.6304,52.67178],[1.63032,52.67202],[1.62843,52.67334],[1.62715,52.67367],[1.62573,52.67311],[1.62419,52.67292],[1.61899,52.67337],[1.61886,52.67388],[1.61994,52.67386],[1.61973,52.67438],[1.62218,52.6746],[1.62244,52.67372],[1.62489,52.67396],[1.62544,52.67444],[1.62509,52.67515],[1.62369,52.67568],[1.62255,52.67687],[1.61827,52.67757],[1.61944,52.67769],[1.6194,52.67802],[1.62291,52.67761],[1.62533,52.67621],[1.62603,52.67645],[1.62868,52.6763],[1.62887,52.67689],[1.63306,52.67674],[1.63677,52.67623],[1.63744,52.6773],[1.63756,52.67861],[1.63612,52.67941],[1.63346,52.67973],[1.63319,52.6827],[1.63428,52.68331],[1.63581,52.68354],[1.64012,52.6807],[1.64173,52.68125],[1.64161,52.68159],[1.64279,52.68218],[1.64365,52.68189],[1.645,52.68314],[1.64223,52.68479],[1.64253,52.68514],[1.63963,52.68562],[1.64017,52.68638],[1.63946,52.68653],[1.64133,52.69148],[1.64114,52.69182],[1.63904,52.69247],[1.63777,52.69324],[1.6379,52.69356],[1.63625,52.69366],[1.63597,52.69521],[1.6388,52.69491],[1.64168,52.69522],[1.64166,52.69478],[1.64282,52.69484],[1.64731,52.69401],[1.6529,52.69457],[1.65349,52.6949],[1.65381,52.69576],[1.65547,52.69603],[1.65533,52.69481],[1.65649,52.69482],[1.65507,52.69247],[1.66008,52.69209],[1.66163,52.69407],[1.66222,52.69394],[1.66275,52.6932],[1.66692,52.69343],[1.67051,52.69301],[1.67222,52.69574],[1.67609,52.6957],[1.67763,52.69598],[1.67761,52.69453],[1.67725,52.6945],[1.67791,52.69274],[1.67223,52.69295],[1.6673,52.69156],[1.66586,52.69038],[1.66544,52.68876],[1.6659,52.68813],[1.66554,52.6848],[1.66745,52.68128],[1.66907,52.68075],[1.66944,52.67912],[1.66301,52.67954],[1.66268,52.67876],[1.66189,52.67883],[1.66065,52.67898],[1.66068,52.68011],[1.65879,52.67973],[1.65874,52.67792],[1.65286,52.67845],[1.65135,52.67884],[1.65131,52.67706],[1.65453,52.67638],[1.65374,52.67387],[1.65502,52.67347],[1.65483,52.67318],[1.65688,52.67285],[1.65884,52.67367],[1.66077,52.67389],[1.6611,52.6733],[1.66209,52.67302],[1.66364,52.6731],[1.66368,52.67284],[1.66439,52.67298],[1.66546,52.67265],[1.66679,52.67267],[1.66428,52.67129],[1.66468,52.67097],[1.66259,52.66938],[1.66202,52.66934],[1.66335,52.67168],[1.6599,52.67251],[1.65776,52.67194],[1.65766,52.67146],[1.65497,52.67101],[1.65483,52.66992],[1.65701,52.66886],[1.65887,52.66904],[1.65931,52.66782],[1.65538,52.66803],[1.65437,52.66679],[1.6539,52.66689],[1.65331,52.66622],[1.65403,52.66826],[1.65356,52.6687],[1.64949,52.66971],[1.64754,52.66988],[1.64655,52.66963],[1.64472,52.66774],[1.64542,52.665],[1.64484,52.66371],[1.64619,52.66337],[1.64602,52.66262],[1.64244,52.65912],[1.63808,52.65773],[1.63805,52.65606],[1.63747,52.65467],[1.63614,52.65365],[1.63593,52.65269],[1.63425,52.65301],[1.63393,52.65259],[1.63088,52.65261],[1.62994,52.65225],[1.62901,52.65303],[1.62769,52.65346],[1.62361,52.6531],[1.62256,52.65266],[1.62531,52.6509],[1.62481,52.65075],[1.62121,52.65209],[1.62068,52.65166],[1.62117,52.65088],[1.62033,52.65064],[1.61852,52.65088],[1.61701,52.65037],[1.61474,52.6501],[1.61495,52.64856],[1.61412,52.64872],[1.61305,52.64822],[1.6108,52.64824],[1.60985,52.64792],[1.60882,52.64808],[1.60811,52.64901],[1.60731,52.64918],[1.60534,52.64893],[1.60432,52.64809],[1.6017,52.64818],[1.60133,52.64846],[1.59814,52.64711],[1.59902,52.64543],[1.59866,52.64505],[1.59662,52.64607],[1.59618,52.64747],[1.59439,52.64759],[1.59426,52.64818],[1.59344,52.64832],[1.58951,52.64761],[1.58973,52.64659],[1.58867,52.64584],[1.58908,52.64458],[1.58635,52.64378],[1.58687,52.64201],[1.58767,52.6421],[1.58859,52.64009],[1.59141,52.64069],[1.59438,52.63909],[1.59495,52.63865],[1.59428,52.63843],[1.596,52.63639],[1.60314,52.63595],[1.6044,52.63566],[1.60522,52.63595],[1.60824,52.63573],[1.61369,52.63587],[1.6201,52.63727],[1.62303,52.63834],[1.62962,52.63973],[1.63687,52.64077],[1.63684,52.64054],[1.6381,52.64055],[1.64196,52.64083],[1.64203,52.64023],[1.64313,52.64022],[1.64385,52.63918],[1.64556,52.63963],[1.65636,52.63955],[1.66674,52.63867],[1.67106,52.63929],[1.67131,52.63866],[1.67664,52.63856],[1.67649,52.64014],[1.67318,52.64019],[1.67065,52.64163],[1.66701,52.64205],[1.66435,52.64154],[1.66201,52.64274],[1.66033,52.64319],[1.6577,52.645],[1.65858,52.64542],[1.65806,52.64645],[1.65921,52.64629],[1.65942,52.64531],[1.66112,52.64454],[1.66201,52.6435],[1.66386,52.64334],[1.66565,52.64415],[1.66575,52.6437],[1.66936,52.64371],[1.66949,52.64477],[1.67022,52.6458],[1.67098,52.6436],[1.67346,52.64395],[1.67475,52.64186],[1.67845,52.6421],[1.67928,52.64361],[1.68092,52.64358],[1.68172,52.64315],[1.68314,52.64305],[1.68514,52.64376],[1.68503,52.64521],[1.68538,52.64543],[1.68471,52.64615],[1.68606,52.64622],[1.68876,52.64694],[1.68884,52.64662],[1.69085,52.64659],[1.69208,52.64799],[1.69537,52.64825],[1.69574,52.64905],[1.69482,52.65085],[1.69465,52.65272],[1.69564,52.65299],[1.69719,52.64911],[1.69968,52.64981],[1.69938,52.6504],[1.70065,52.65074],[1.70032,52.65112],[1.70151,52.65169],[1.70306,52.64988],[1.69892,52.64801],[1.69835,52.64821],[1.69616,52.64701],[1.69478,52.64668],[1.69628,52.6455],[1.69381,52.64596],[1.69307,52.64573],[1.69279,52.64512],[1.69126,52.64457],[1.69049,52.64513],[1.68868,52.64407],[1.68902,52.64344],[1.68686,52.64271],[1.68669,52.64288],[1.68564,52.64203],[1.68845,52.64164],[1.68893,52.64049],[1.68946,52.64023],[1.69137,52.64092],[1.69224,52.64139],[1.69225,52.64173],[1.69305,52.64168],[1.693,52.64304],[1.69344,52.64356],[1.70863,52.64526],[1.71381,52.64519],[1.71495,52.64594],[1.7189,52.64243],[1.71852,52.63979],[1.71638,52.63787],[1.71813,52.63743],[1.72008,52.63606],[1.71697,52.63478],[1.71986,52.63379],[1.72159,52.63421],[1.72198,52.6333],[1.72818,52.63352],[1.72753,52.62443],[1.72681,52.62444],[1.72666,52.62393],[1.72654,52.62531],[1.72543,52.62722],[1.72138,52.63042],[1.71834,52.63137],[1.71002,52.63101],[1.70673,52.63013],[1.70458,52.62912],[1.70377,52.62685],[1.70304,52.62614],[1.70105,52.62565],[1.69832,52.6257],[1.69741,52.62508],[1.69637,52.62331],[1.69581,52.62303],[1.69489,52.62312],[1.69561,52.62286],[1.69418,52.62195],[1.69274,52.62162],[1.68812,52.6235],[1.68772,52.62459],[1.68883,52.62635],[1.68775,52.62779],[1.6862,52.6282],[1.68228,52.62814],[1.67911,52.62968],[1.67404,52.62955],[1.66978,52.62901],[1.66716,52.6304],[1.66382,52.63026],[1.65781,52.63055],[1.65317,52.63206],[1.64956,52.63063],[1.63891,52.63041],[1.63639,52.63103],[1.63359,52.63278],[1.63267,52.63275],[1.62944,52.63169],[1.62632,52.63147],[1.62458,52.63196],[1.6231,52.63331],[1.62228,52.6335],[1.61633,52.63236],[1.61666,52.63221],[1.61638,52.6312],[1.61746,52.62894],[1.61636,52.62817],[1.61376,52.62747],[1.61167,52.62549],[1.61137,52.6252],[1.61133,52.62519],[1.60794,52.62427],[1.60469,52.62427],[1.6046,52.62427],[1.60421,52.62437],[1.5997,52.62553],[1.59887,52.6264],[1.59873,52.62787],[1.59808,52.6285],[1.5967,52.62867],[1.59345,52.62908],[1.59324,52.62972],[1.5939,52.63204],[1.59177,52.63449],[1.59295,52.63639],[1.59224,52.63757],[1.58987,52.63871],[1.58825,52.6385],[1.58543,52.63694],[1.58317,52.63671],[1.579,52.63718],[1.57893,52.63762],[1.57866,52.63729],[1.57759,52.63759],[1.57483,52.63963],[1.57379,52.63946],[1.57231,52.63813],[1.57125,52.63766],[1.56974,52.63757],[1.56845,52.63796],[1.56701,52.63938],[1.56662,52.64184],[1.5676,52.64438],[1.56888,52.64558],[1.57008,52.64615],[1.57034,52.64711],[1.56988,52.64822],[1.56838,52.64922],[1.56799,52.64906],[1.56595,52.64959],[1.56129,52.64975],[1.55893,52.65035],[1.55778,52.65114],[1.55735,52.652],[1.55731,52.65411],[1.55767,52.6551],[1.56053,52.65846],[1.56244,52.66551],[1.56201,52.66771],[1.56117,52.66927],[1.55903,52.67099],[1.56163,52.67376],[1.5588,52.67108],[1.55503,52.67249],[1.55347,52.67375],[1.55099,52.67986],[1.55464,52.68027],[1.55087,52.68017],[1.55052,52.68142],[1.54966,52.68195],[1.54968,52.68346],[1.54986,52.68427],[1.55021,52.68428],[1.54986,52.6844],[1.54998,52.68578],[1.55043,52.68586],[1.55002,52.68598],[1.55006,52.68709],[1.55327,52.68719],[1.55335,52.68697],[1.55414,52.68688],[1.55352,52.68704],[1.55422,52.68716],[1.55349,52.68718],[1.5542,52.68725],[1.55034,52.68741],[1.54975,52.68822],[1.54868,52.6897],[1.54571,52.69215],[1.5456,52.69225],[1.54493,52.69391],[1.54577,52.69592],[1.55053,52.69911],[1.55064,52.69916],[1.55422,52.70071],[1.5569,52.70138],[1.56204,52.70204],[1.56782,52.70118],[1.57011,52.70127],[1.57019,52.70105],[1.57035,52.70136],[1.57058,52.7011],[1.57061,52.70141],[1.57343,52.70236],[1.57651,52.70415],[1.57778,52.70541],[1.579,52.70813],[1.58091,52.70945],[1.58158,52.70925],[1.58125,52.70969],[1.58119,52.70977],[1.58147,52.70979],[1.5821,52.70986],[1.5827,52.71037],[1.58275,52.71041],[1.58289,52.71046],[1.58592,52.71152],[1.5883,52.71208],[1.58951,52.71237],[1.58982,52.71241],[1.59339,52.71287],[1.60245,52.71502],[1.60573,52.71542],[1.60904,52.71542],[1.60946,52.71496],[1.60948,52.71539],[1.60988,52.71519],[1.61022,52.7154],[1.61264,52.71536],[1.61917,52.71749],[1.6232,52.71552],[1.62022,52.71707],[1.61982,52.71763],[1.62386,52.7201],[1.62639,52.72215],[1.6288,52.72411],[1.63305,52.72583],[1.63291,52.72607],[1.6308,52.72528],[1.62771,52.72355],[1.62661,52.72443],[1.62662,52.72435],[1.62764,52.72347],[1.62599,52.72217],[1.6241,52.72067],[1.6191,52.71756],[1.61297,52.71581],[1.61123,52.71784],[1.61128,52.71862],[1.60812,52.71939],[1.60746,52.72083],[1.60709,52.72082],[1.6078,52.71919],[1.6109,52.71848],[1.61097,52.71776],[1.61229,52.71578],[1.60563,52.71562],[1.59908,52.71479],[1.59747,52.71427],[1.59722,52.71447],[1.5972,52.71421],[1.59612,52.7139],[1.59571,52.71427],[1.59587,52.7138],[1.58428,52.71141],[1.58059,52.70967],[1.58021,52.71011],[1.58031,52.70953],[1.57813,52.70769],[1.57779,52.70633],[1.57777,52.70627],[1.57769,52.70614],[1.57663,52.70465],[1.57341,52.70275],[1.57099,52.70176],[1.56854,52.70143],[1.56351,52.70229],[1.55896,52.70209],[1.55438,52.70105],[1.55066,52.69943],[1.54941,52.69889],[1.54886,52.70014],[1.54519,52.70207],[1.54533,52.7035],[1.54506,52.70333],[1.54497,52.70354],[1.54487,52.70278],[1.54383,52.70306],[1.54384,52.70342],[1.54331,52.70338],[1.54277,52.70383],[1.54341,52.70459],[1.54231,52.70386],[1.54347,52.70466],[1.54322,52.70485],[1.54209,52.70391],[1.54167,52.7047],[1.54164,52.70422],[1.54064,52.70498],[1.54055,52.7056],[1.5402,52.70532],[1.53948,52.70592],[1.53903,52.70651],[1.5393,52.70686],[1.53884,52.70661],[1.5384,52.70688],[1.538,52.70732],[1.53834,52.70739],[1.53465,52.70776],[1.53614,52.70739],[1.53609,52.70699],[1.53673,52.70707],[1.53657,52.70684],[1.53686,52.70696],[1.53836,52.70639],[1.53971,52.70539],[1.53997,52.70499],[1.53932,52.70457],[1.54023,52.70419],[1.53899,52.70348],[1.54069,52.70418],[1.54126,52.7037],[1.54245,52.70367],[1.54474,52.70257],[1.5452,52.70181],[1.54884,52.69993],[1.54905,52.69873],[1.54504,52.69569],[1.54449,52.69377],[1.54502,52.69233],[1.54816,52.68971],[1.54914,52.68844],[1.54893,52.68797],[1.5494,52.68794],[1.54911,52.68723],[1.54955,52.68634],[1.54911,52.68623],[1.54953,52.6861],[1.54948,52.68536],[1.54886,52.68528],[1.54951,52.6852],[1.54951,52.6852],[1.5495,52.68503],[1.54911,52.68242],[1.54876,52.68162],[1.54631,52.68021],[1.54312,52.67987],[1.54044,52.68108],[1.53855,52.68148],[1.53792,52.68196],[1.53748,52.68312],[1.53592,52.68373],[1.53456,52.68375],[1.53252,52.68328],[1.53034,52.68189],[1.5266,52.68231],[1.52479,52.68332],[1.52308,52.68589],[1.51687,52.68798],[1.51346,52.68947],[1.51457,52.69042],[1.51396,52.69201],[1.51499,52.69333],[1.51479,52.69522],[1.51527,52.69605],[1.51519,52.69713],[1.51086,52.69889],[1.50981,52.69888],[1.5089,52.70053],[1.50574,52.70249],[1.50528,52.70368],[1.50565,52.70468],[1.50461,52.70556],[1.50115,52.70555],[1.49891,52.70461],[1.49792,52.70451],[1.49575,52.70555],[1.49508,52.70665],[1.49507,52.70783],[1.49593,52.70927],[1.49675,52.71032],[1.49798,52.7111],[1.50054,52.71198],[1.50383,52.71198],[1.50353,52.71201],[1.50328,52.71204],[1.50387,52.71252],[1.5039,52.71262],[1.50398,52.7129],[1.50604,52.71391],[1.50691,52.71481],[1.50727,52.71461],[1.50806,52.71554],[1.50765,52.71795],[1.5064,52.71983],[1.50661,52.72069],[1.50616,52.72133],[1.50655,52.72189],[1.50615,52.72238],[1.50607,52.72361],[1.50507,52.72437],[1.50511,52.72501],[1.50663,52.72563],[1.50678,52.72576],[1.50792,52.72668],[1.50799,52.72672],[1.50804,52.72674],[1.50902,52.727],[1.50929,52.72851],[1.50642,52.72922],[1.50432,52.72914],[1.50325,52.73079],[1.50157,52.73192],[1.50129,52.73321],[1.49909,52.73489],[1.49834,52.73471],[1.50057,52.73318],[1.50018,52.73292],[1.50013,52.7327],[1.5002,52.7324],[1.50031,52.73291],[1.50105,52.73291],[1.50127,52.73203],[1.50017,52.7322],[1.5013,52.73188],[1.50165,52.73139],[1.50298,52.73079],[1.50398,52.72897],[1.50604,52.72899],[1.50882,52.72833],[1.50855,52.72711],[1.50605,52.72578],[1.50478,52.72511],[1.50476,52.72423],[1.50567,52.72371],[1.5055,52.72264],[1.50581,52.72232],[1.50618,52.72187],[1.50581,52.72149],[1.5063,52.72065],[1.50611,52.71972],[1.50723,52.718],[1.50772,52.71575],[1.50765,52.71569],[1.50652,52.71474],[1.50593,52.71423],[1.50491,52.71367],[1.50369,52.71299],[1.50304,52.71217],[1.50048,52.71218],[1.49772,52.71123],[1.49641,52.7104],[1.49537,52.70892],[1.49476,52.70712],[1.49588,52.7052],[1.4984,52.70429],[1.50169,52.70546],[1.50465,52.70528],[1.50536,52.70465],[1.50503,52.70368],[1.50546,52.70247],[1.50863,52.70042],[1.50945,52.69859],[1.51073,52.69869],[1.51446,52.69721],[1.51492,52.69596],[1.51452,52.69516],[1.51473,52.69338],[1.5137,52.69198],[1.51427,52.69047],[1.51387,52.68995],[1.51298,52.68971],[1.51154,52.69032],[1.50915,52.69038],[1.50891,52.69199],[1.50878,52.69035],[1.50725,52.68997],[1.50552,52.68903],[1.50449,52.6892],[1.50278,52.69045],[1.50101,52.69037],[1.50004,52.68971],[1.49959,52.6878],[1.49784,52.68712],[1.49371,52.6875],[1.49006,52.68858],[1.48941,52.68954],[1.49004,52.69191],[1.48969,52.69308],[1.48756,52.69361],[1.48456,52.69351],[1.48463,52.6943],[1.48429,52.69353],[1.48369,52.69411],[1.48312,52.69399],[1.48385,52.69363],[1.48164,52.69316],[1.47643,52.68968],[1.47497,52.68939],[1.47331,52.68981],[1.47219,52.69092],[1.47221,52.69336],[1.47153,52.69388],[1.46903,52.69406],[1.46778,52.6948],[1.46764,52.6954],[1.46902,52.69773],[1.46743,52.69856],[1.46821,52.699],[1.46799,52.69878],[1.46999,52.69768],[1.46849,52.69933],[1.46821,52.69917],[1.46778,52.6994],[1.46801,52.69907],[1.46757,52.69915],[1.46724,52.69857],[1.46585,52.69911],[1.46622,52.69961],[1.46562,52.69929],[1.46292,52.70422],[1.46115,52.70592],[1.4602,52.7057],[1.45987,52.70587],[1.46017,52.70562],[1.45889,52.7047],[1.45866,52.70495],[1.45822,52.70459],[1.45881,52.70462],[1.45823,52.7045],[1.45845,52.70425],[1.45771,52.70453],[1.45828,52.70405],[1.45745,52.70423],[1.45814,52.70393],[1.45805,52.70386],[1.45763,52.70352],[1.45758,52.70354],[1.45719,52.70371],[1.45755,52.70349],[1.45732,52.70336],[1.45685,52.7031],[1.45656,52.70324],[1.45646,52.70295],[1.45604,52.70318],[1.45594,52.70287],[1.45568,52.70304],[1.45543,52.70285],[1.45126,52.7034],[1.44654,52.70289],[1.44088,52.7014],[1.44069,52.70061],[1.44159,52.69823],[1.44187,52.69505],[1.43899,52.69402],[1.43858,52.69358],[1.43828,52.69306],[1.43888,52.69199],[1.43862,52.69132],[1.43383,52.68968],[1.43182,52.69029],[1.42965,52.69163],[1.42871,52.69159],[1.42585,52.69057],[1.42358,52.69079],[1.42264,52.69121],[1.42246,52.69179],[1.41885,52.69203],[1.41658,52.69399],[1.41662,52.69449],[1.41879,52.69497],[1.41999,52.69701],[1.4233,52.69874],[1.42457,52.70131],[1.42398,52.70197],[1.42394,52.70201],[1.42346,52.70189],[1.42378,52.70093],[1.42274,52.69888],[1.41957,52.69729],[1.4182,52.6952],[1.41567,52.69475],[1.416,52.69352],[1.41865,52.69164],[1.42155,52.69151],[1.42269,52.69068],[1.42409,52.6903],[1.42606,52.69016],[1.42935,52.6913],[1.4317,52.68986],[1.43301,52.68947],[1.43395,52.68935],[1.4359,52.68997],[1.43951,52.69117],[1.43978,52.6916],[1.43907,52.69283],[1.43922,52.69344],[1.43994,52.69391],[1.44186,52.69436],[1.44293,52.69544],[1.4424,52.69862],[1.44142,52.70071],[1.4417,52.70127],[1.4468,52.70249],[1.44979,52.70283],[1.45241,52.70286],[1.45527,52.7024],[1.4569,52.70256],[1.46073,52.70525],[1.46119,52.70491],[1.46145,52.70504],[1.46237,52.70422],[1.46292,52.70254],[1.46518,52.69901],[1.46823,52.69757],[1.46716,52.69579],[1.46709,52.69462],[1.46844,52.69371],[1.47087,52.6935],[1.4716,52.69317],[1.47183,52.69029],[1.47377,52.6892],[1.47512,52.68897],[1.47715,52.68941],[1.48153,52.69255],[1.48242,52.69296],[1.48405,52.69315],[1.48802,52.69309],[1.48887,52.69285],[1.48934,52.69184],[1.48884,52.68933],[1.48938,52.68845],[1.49133,52.68764],[1.49512,52.6869],[1.49831,52.68673],[1.50006,52.68752],[1.50053,52.6895],[1.50189,52.6902],[1.50308,52.68989],[1.50463,52.68868],[1.50586,52.68875],[1.50757,52.68966],[1.50992,52.69015],[1.51146,52.69001],[1.51291,52.68919],[1.513,52.68914],[1.51859,52.68692],[1.51707,52.6849],[1.5171,52.6829],[1.51577,52.68213],[1.51347,52.68165],[1.51191,52.68182],[1.51071,52.68246],[1.50961,52.68357],[1.50958,52.68362],[1.50927,52.68478],[1.50987,52.686],[1.51154,52.68754],[1.50959,52.68609],[1.50893,52.68448],[1.50939,52.68323],[1.51041,52.68235],[1.51182,52.68162],[1.51294,52.68153],[1.51278,52.67997],[1.51139,52.67986],[1.50969,52.67882],[1.50749,52.67571],[1.50787,52.6757],[1.50984,52.67791],[1.51009,52.67865],[1.51132,52.67953],[1.51293,52.67969],[1.51349,52.68127],[1.5164,52.68195],[1.5164,52.68174],[1.51768,52.68306],[1.51732,52.68445],[1.51897,52.6867],[1.52286,52.68553],[1.52445,52.68296],[1.52596,52.68211],[1.52767,52.68165],[1.53079,52.68157],[1.53272,52.68292],[1.53546,52.68344],[1.53699,52.68292],[1.53721,52.68187],[1.53793,52.68131],[1.54016,52.68077],[1.54298,52.67948],[1.54629,52.67975],[1.54919,52.68122],[1.5492,52.68122],[1.54983,52.6812],[1.55188,52.67526],[1.5529,52.67362],[1.55392,52.67259],[1.55608,52.67138],[1.55991,52.67001],[1.56109,52.66834],[1.56181,52.66604],[1.56056,52.66238],[1.55849,52.66137],[1.55181,52.66002],[1.5513,52.65967],[1.55822,52.66119],[1.5598,52.66197],[1.56059,52.66205],[1.55975,52.65839],[1.55665,52.65433],[1.55678,52.65137],[1.55941,52.64973],[1.56117,52.64956],[1.56189,52.64949],[1.56588,52.64911],[1.5661,52.64854],[1.5666,52.6485],[1.56628,52.64907],[1.56689,52.64896],[1.56703,52.64856],[1.56709,52.64896],[1.56761,52.6489],[1.56913,52.64828],[1.56969,52.64709],[1.56655,52.64379],[1.56598,52.64044],[1.56492,52.64039],[1.56601,52.6404],[1.56618,52.63986],[1.56145,52.64053],[1.55964,52.64045],[1.56612,52.63973],[1.56774,52.6378],[1.56965,52.63724],[1.57175,52.63736],[1.57447,52.63928],[1.57744,52.63724],[1.58171,52.63645],[1.58516,52.63649],[1.58868,52.6379],[1.59085,52.6374],[1.58896,52.63794],[1.58851,52.63793],[1.58777,52.63777],[1.58875,52.63824],[1.58997,52.63816],[1.59133,52.63753],[1.59106,52.6374],[1.59109,52.63733],[1.59154,52.63719],[1.59176,52.63698],[1.59144,52.63545],[1.59185,52.63681],[1.59179,52.637],[1.59167,52.63715],[1.59147,52.63726],[1.59113,52.63736],[1.59151,52.63746],[1.59213,52.63682],[1.59124,52.63425],[1.59352,52.63165],[1.59257,52.62912],[1.59255,52.62908],[1.59385,52.62847],[1.59653,52.62853],[1.59772,52.62828],[1.59812,52.62788],[1.59828,52.62772],[1.59828,52.62739],[1.5983,52.62639],[1.59958,52.62518],[1.60606,52.62377],[1.60895,52.62413],[1.61118,52.62476],[1.61228,52.62541],[1.61398,52.62722],[1.61645,52.62784],[1.61778,52.62871],[1.61784,52.62875],[1.61794,52.62941],[1.61677,52.63173],[1.61844,52.63255],[1.62246,52.63325],[1.62449,52.63168],[1.62687,52.63123],[1.62944,52.63144],[1.63339,52.6325],[1.6335,52.63243],[1.63437,52.63183],[1.6341,52.63142],[1.63452,52.63168],[1.63755,52.63032],[1.64296,52.6302],[1.64308,52.62989],[1.64336,52.63021],[1.64394,52.63023],[1.64407,52.63023],[1.64989,52.63038],[1.65312,52.63179],[1.65559,52.63077],[1.66006,52.62997],[1.66679,52.63012],[1.66873,52.62896],[1.66978,52.6287],[1.67388,52.62922],[1.67912,52.62929],[1.68226,52.62781],[1.68584,52.62785],[1.68731,52.6275],[1.68827,52.62626],[1.6873,52.62484],[1.68732,52.62403],[1.68796,52.62314],[1.68921,52.62261],[1.68927,52.62259],[1.69235,52.62132],[1.69344,52.62147],[1.69361,52.6215],[1.6942,52.62158],[1.69693,52.6231],[1.69838,52.62516],[1.70123,52.62535],[1.70307,52.6258],[1.70403,52.6264],[1.70504,52.62829],[1.70616,52.62919],[1.71007,52.63064],[1.71707,52.63094],[1.72001,52.63048],[1.72482,52.62696],[1.72503,52.62652],[1.70866,52.62311],[1.70676,52.62346],[1.7052,52.6234],[1.69956,52.62012],[1.70828,52.61959],[1.70957,52.61929],[1.70573,52.6196],[1.70499,52.61914],[1.69897,52.61783],[1.69712,52.61767],[1.6957,52.61831],[1.69492,52.61814],[1.6931,52.61699],[1.68995,52.61366],[1.68904,52.61306],[1.68833,52.61311],[1.68517,52.6107],[1.68403,52.61052],[1.68321,52.61083],[1.68288,52.61032],[1.68215,52.61034],[1.68169,52.61034],[1.68157,52.61026],[1.67952,52.60839],[1.68147,52.60971],[1.6818,52.61031],[1.68263,52.61019],[1.68176,52.60838],[1.67861,52.60784],[1.67764,52.60729],[1.67551,52.60741],[1.66716,52.60664],[1.6631,52.6058],[1.65905,52.60395],[1.65799,52.60402],[1.65811,52.60295],[1.65752,52.60185],[1.65498,52.60036],[1.65341,52.59882],[1.65284,52.59733],[1.64964,52.59562],[1.64781,52.59384],[1.64645,52.59126],[1.64548,52.5906],[1.64631,52.59109],[1.64653,52.59094],[1.64546,52.58938],[1.64452,52.5884],[1.64088,52.58839],[1.63879,52.58755],[1.63777,52.58602],[1.63786,52.58385],[1.63607,52.58183],[1.63298,52.58093],[1.63239,52.58116],[1.63208,52.58091],[1.62954,52.58101],[1.62737,52.57994],[1.62651,52.57853],[1.62633,52.57654],[1.62502,52.5754],[1.62366,52.57477],[1.62039,52.57371],[1.61848,52.57365],[1.61683,52.57397],[1.61452,52.57517],[1.6117,52.57539],[1.60956,52.57504],[1.60721,52.57419],[1.60672,52.57245],[1.60833,52.57022],[1.60802,52.56939],[1.60646,52.56869],[1.60268,52.56813],[1.60023,52.56683],[1.59691,52.56441],[1.59504,52.5622],[1.59498,52.56075],[1.59432,52.55969],[1.59183,52.55823],[1.58942,52.55785],[1.58602,52.55831],[1.58416,52.55826],[1.58209,52.55786],[1.58017,52.55686],[1.57886,52.55674],[1.57812,52.55691],[1.57857,52.55743],[1.57809,52.55753],[1.57799,52.55695],[1.5775,52.55725],[1.57766,52.55769],[1.57731,52.55734],[1.57687,52.55776],[1.5737,52.55887],[1.56881,52.55934],[1.56591,52.5591],[1.56312,52.55777],[1.5613,52.55742],[1.56009,52.55763],[1.55647,52.55956],[1.55472,52.55981],[1.55269,52.55941],[1.54659,52.55627],[1.54388,52.55548],[1.54187,52.55553],[1.5406,52.556],[1.54029,52.55611],[1.53985,52.55666],[1.5396,52.55698],[1.53925,52.55838],[1.53856,52.56117],[1.53827,52.56086],[1.53745,52.56141],[1.53622,52.56224],[1.53602,52.56238],[1.53501,52.56251],[1.53443,52.56259],[1.53409,52.56264],[1.53288,52.56231],[1.53099,52.56104],[1.53001,52.55975],[1.52943,52.55967],[1.5285,52.55954],[1.52616,52.56025],[1.52264,52.56259],[1.52168,52.56381],[1.52156,52.56499],[1.5249,52.56826],[1.52494,52.57002],[1.52291,52.5731],[1.51845,52.57584],[1.51499,52.57665],[1.5128,52.57593],[1.50961,52.57397],[1.50728,52.57302],[1.50483,52.57241],[1.50457,52.57257],[1.50445,52.57233],[1.50069,52.57127],[1.50031,52.57117],[1.49791,52.57132],[1.4963,52.57217],[1.49277,52.5756],[1.49191,52.57872],[1.48987,52.57986],[1.48819,52.5808],[1.48816,52.58087],[1.4881,52.58103],[1.48787,52.5816],[1.48821,52.58319],[1.4886,52.58499],[1.48821,52.58492],[1.48807,52.58509],[1.48739,52.58607],[1.48652,52.58655],[1.48408,52.58792],[1.48397,52.58798],[1.48414,52.5882],[1.48363,52.58786],[1.48348,52.58776],[1.48129,52.58754],[1.48106,52.58752],[1.47635,52.58644],[1.47348,52.58647],[1.46929,52.58701],[1.46768,52.58792],[1.46739,52.58808],[1.46739,52.58811],[1.46734,52.59027],[1.4663,52.59167],[1.46227,52.59458],[1.46137,52.59447],[1.45688,52.59393],[1.45459,52.59458],[1.45353,52.59601],[1.45485,52.59982],[1.4537,52.60145],[1.45159,52.60231],[1.45102,52.60254],[1.45074,52.60265],[1.4477,52.60322],[1.44747,52.60353],[1.44461,52.60435],[1.44425,52.60445],[1.44415,52.60451],[1.44364,52.60486],[1.44254,52.6056],[1.44258,52.60586],[1.44259,52.60592],[1.44251,52.60592],[1.44223,52.6059],[1.43921,52.60904],[1.43839,52.60989],[1.43706,52.61083],[1.43583,52.6112],[1.43553,52.61129],[1.43559,52.61133],[1.44281,52.61649],[1.44225,52.61681],[1.44193,52.61655],[1.44245,52.61627],[1.442,52.61635],[1.43939,52.61477],[1.43962,52.61463],[1.43613,52.61242],[1.43531,52.61148],[1.43523,52.61139],[1.43511,52.61159],[1.43496,52.61183],[1.43476,52.61178],[1.43452,52.61171],[1.43463,52.61184],[1.43494,52.61221],[1.43535,52.61213],[1.43514,52.61245],[1.43549,52.61237],[1.43547,52.61267],[1.43673,52.6132],[1.43649,52.61336],[1.4369,52.61331],[1.43684,52.61376],[1.43736,52.61363],[1.43726,52.614],[1.43804,52.61408],[1.43815,52.61458],[1.43848,52.61447],[1.43832,52.6147],[1.43936,52.61501],[1.43938,52.61547],[1.4413,52.61669],[1.44103,52.61704],[1.43842,52.61744],[1.43795,52.61718],[1.43878,52.61711],[1.4386,52.61681],[1.4379,52.61676],[1.43873,52.61658],[1.43919,52.61711],[1.43917,52.6165],[1.44031,52.61684],[1.43976,52.61643],[1.44021,52.61626],[1.44063,52.61673],[1.4406,52.6164],[1.43983,52.61603],[1.43812,52.61639],[1.43955,52.61591],[1.43753,52.61591],[1.43908,52.61557],[1.43868,52.61509],[1.43758,52.61548],[1.43747,52.61516],[1.43853,52.61503],[1.43744,52.61509],[1.43797,52.61477],[1.43707,52.61508],[1.43791,52.61469],[1.4375,52.61471],[1.43767,52.61446],[1.43696,52.61472],[1.43755,52.61437],[1.43703,52.6145],[1.4374,52.6143],[1.43701,52.6141],[1.43616,52.61446],[1.43596,52.61428],[1.43682,52.61402],[1.43662,52.61388],[1.43563,52.61417],[1.43644,52.61375],[1.43624,52.61348],[1.4354,52.6139],[1.43511,52.61374],[1.43614,52.61336],[1.43593,52.61316],[1.43513,52.61355],[1.43573,52.61302],[1.43448,52.61316],[1.43412,52.61277],[1.43482,52.61259],[1.43447,52.61204],[1.43435,52.61199],[1.43418,52.61192],[1.43358,52.6124],[1.43353,52.61244],[1.43381,52.61323],[1.43547,52.61481],[1.43715,52.61642],[1.43735,52.61661],[1.43745,52.61708],[1.4376,52.61773],[1.43773,52.61832],[1.43829,52.61826],[1.43857,52.61875],[1.43842,52.61907],[1.43823,52.61887],[1.4378,52.61905],[1.4379,52.61942],[1.43691,52.6189],[1.43733,52.61939],[1.43654,52.61919],[1.43706,52.61958],[1.43616,52.61936],[1.43677,52.62014],[1.43614,52.62023],[1.43629,52.61986],[1.4358,52.61958],[1.43543,52.61978],[1.43577,52.62018],[1.43527,52.61985],[1.4347,52.62005],[1.43443,52.62015],[1.43495,52.62098],[1.43248,52.62138],[1.43256,52.62166],[1.43353,52.62147],[1.43333,52.62159],[1.43508,52.62113],[1.44351,52.61715],[1.44375,52.61743],[1.44628,52.617],[1.44816,52.61701],[1.45006,52.6154],[1.45115,52.61609],[1.45147,52.61594],[1.45266,52.61511],[1.45225,52.61444],[1.45398,52.61369],[1.45355,52.61308],[1.45142,52.6125],[1.45342,52.61035],[1.45607,52.6086],[1.45655,52.60888],[1.45734,52.60838],[1.45853,52.60857],[1.45864,52.60981],[1.45944,52.60997],[1.45894,52.61038],[1.45939,52.61062],[1.46126,52.60921],[1.4619,52.60718],[1.46053,52.60578],[1.46664,52.60484],[1.46852,52.60816],[1.47089,52.6075],[1.47045,52.60678],[1.47274,52.60644],[1.4741,52.60861],[1.47538,52.60847],[1.47618,52.61021],[1.48197,52.609],[1.47983,52.60495],[1.47847,52.60111],[1.4808,52.60109],[1.48076,52.60016],[1.48125,52.59957],[1.4867,52.59897],[1.48707,52.59949],[1.49075,52.59833],[1.49264,52.59765],[1.49188,52.59654],[1.49419,52.59585],[1.49465,52.59518],[1.49582,52.59485],[1.49604,52.59511],[1.49875,52.59456],[1.50205,52.59531],[1.50113,52.59437],[1.49986,52.59406],[1.50005,52.59371],[1.50294,52.59286],[1.50483,52.59272],[1.50307,52.59211],[1.50227,52.59128],[1.50168,52.59115],[1.50182,52.58899],[1.50265,52.58788],[1.50248,52.58717],[1.50502,52.58654],[1.50573,52.58501],[1.50799,52.58592],[1.51087,52.58616],[1.51087,52.58567],[1.51127,52.58568],[1.51082,52.58274],[1.50942,52.58137],[1.50905,52.58171],[1.50842,52.58135],[1.50894,52.58104],[1.50806,52.58049],[1.51483,52.57823],[1.51554,52.57903],[1.51452,52.57935],[1.51541,52.58057],[1.5179,52.58036],[1.52151,52.57941],[1.52427,52.58083],[1.5251,52.58205],[1.5243,52.58337],[1.52456,52.58405],[1.52584,52.58379],[1.52632,52.58406],[1.52772,52.58366],[1.52893,52.58322],[1.52775,52.5832],[1.52819,52.58187],[1.52906,52.58099],[1.53046,52.58117],[1.53118,52.57908],[1.53255,52.57937],[1.53449,52.5787],[1.53911,52.57823],[1.53887,52.5777],[1.54018,52.57746],[1.54491,52.57401],[1.54533,52.57362],[1.54506,52.57309],[1.54562,52.57272],[1.55514,52.57135],[1.55372,52.56879],[1.55565,52.56848],[1.55811,52.56619],[1.55776,52.56565],[1.55808,52.56528],[1.55689,52.56497],[1.55799,52.56407],[1.55819,52.5632],[1.55929,52.56338],[1.56077,52.56124],[1.56136,52.56145],[1.56298,52.55934],[1.56407,52.5591],[1.5644,52.55941],[1.56939,52.55979],[1.57163,52.55961],[1.57224,52.55993],[1.57861,52.55772],[1.58068,52.55774],[1.58086,52.56035],[1.57837,52.56219],[1.5772,52.5638],[1.57019,52.56359],[1.56977,52.56458],[1.57154,52.56463],[1.57416,52.56565],[1.57475,52.56679],[1.57454,52.56728],[1.57168,52.56921],[1.57155,52.56978],[1.57294,52.56883],[1.57396,52.56889],[1.57528,52.56837],[1.57606,52.56701],[1.57535,52.56687],[1.57564,52.56635],[1.57863,52.56716],[1.57935,52.56662],[1.58066,52.5672],[1.58028,52.56788],[1.584,52.5684],[1.58578,52.56943],[1.58628,52.57063],[1.58417,52.57449],[1.58224,52.5748],[1.58366,52.57593],[1.58296,52.57829],[1.58453,52.5795],[1.58497,52.58075],[1.58469,52.58137],[1.581,52.58208],[1.58051,52.58325],[1.57804,52.58382],[1.57464,52.58345],[1.57023,52.58396],[1.57025,52.5844],[1.57072,52.5845],[1.5736,52.58417],[1.57577,52.58456],[1.57578,52.58544],[1.57474,52.58616],[1.5746,52.58904],[1.57336,52.58941],[1.57528,52.58954],[1.57492,52.59021],[1.57825,52.59107],[1.57984,52.59235],[1.5799,52.59255],[1.57728,52.59274],[1.57558,52.59824],[1.57436,52.60478],[1.57607,52.60477],[1.57693,52.60515],[1.57754,52.60627],[1.57934,52.60622],[1.57977,52.60754],[1.57886,52.60765],[1.57891,52.60833],[1.58032,52.60864],[1.58031,52.60912],[1.57954,52.60906],[1.57952,52.60937],[1.57907,52.60937],[1.57859,52.60898],[1.5781,52.60951],[1.57736,52.60943],[1.57728,52.60912],[1.57472,52.60917],[1.57476,52.60892],[1.57418,52.60888],[1.57394,52.60922],[1.57302,52.60932],[1.56957,52.60906],[1.56942,52.61352],[1.56634,52.61299],[1.56569,52.61348],[1.5642,52.61309],[1.5638,52.61369],[1.55972,52.61255],[1.559,52.61334],[1.55485,52.61341],[1.55626,52.61235],[1.55747,52.61207],[1.55911,52.61041],[1.55962,52.60761],[1.55914,52.60742],[1.56065,52.60648],[1.56096,52.60571],[1.56056,52.60562],[1.56011,52.60633],[1.55823,52.6076],[1.5578,52.61011],[1.5558,52.60998],[1.55559,52.6111],[1.55344,52.61107],[1.55363,52.61173],[1.55286,52.61252],[1.54999,52.61298],[1.54978,52.61174],[1.54868,52.61187],[1.5487,52.61215],[1.54648,52.61195],[1.54536,52.61125],[1.54418,52.60938],[1.54373,52.60935],[1.54438,52.61132],[1.54623,52.61271],[1.54666,52.61412],[1.54423,52.61471],[1.54419,52.61451],[1.54176,52.61449],[1.54117,52.61418],[1.54146,52.61403],[1.54114,52.6136],[1.54042,52.61337],[1.53978,52.61411],[1.53811,52.61473],[1.53868,52.61519],[1.53853,52.61565],[1.54277,52.6154],[1.54802,52.61615],[1.55016,52.61748],[1.55015,52.61842],[1.54924,52.61858],[1.549,52.61922],[1.54954,52.62075],[1.5488,52.62201],[1.5493,52.62381],[1.54908,52.62445],[1.54867,52.62472],[1.54681,52.62463],[1.5456,52.62537],[1.54386,52.6256],[1.54398,52.62614],[1.54739,52.626],[1.54921,52.62673],[1.55055,52.62789],[1.54948,52.62919],[1.54979,52.63002],[1.5526,52.63009],[1.55354,52.62981],[1.55727,52.63033],[1.55835,52.63142],[1.55829,52.63171],[1.55682,52.63188],[1.55701,52.63246],[1.55553,52.63274],[1.55614,52.63361],[1.55452,52.63415],[1.55009,52.63374],[1.54759,52.63427],[1.54712,52.63461],[1.54775,52.63557],[1.54982,52.63584],[1.55137,52.63659],[1.55146,52.63756],[1.55277,52.63742],[1.55359,52.63773],[1.55508,52.63729],[1.55963,52.6406],[1.55911,52.64191],[1.55772,52.6424],[1.55657,52.64268],[1.55619,52.64241],[1.55448,52.64262],[1.55351,52.64343],[1.55252,52.64268],[1.55075,52.64248],[1.55051,52.64334],[1.54629,52.64368],[1.54485,52.64504],[1.54516,52.64603],[1.54355,52.64826],[1.54716,52.65113],[1.55007,52.65268],[1.54973,52.6532],[1.54894,52.65319],[1.54911,52.65385],[1.54837,52.65463],[1.54711,52.65492],[1.54799,52.65507],[1.54958,52.65398],[1.5527,52.65282],[1.55336,52.65274],[1.5537,52.65335],[1.55368,52.65383],[1.55314,52.65405],[1.55266,52.65619],[1.55102,52.65708],[1.55129,52.65815],[1.55032,52.65964],[1.55102,52.6597],[1.55097,52.66004],[1.54972,52.66038],[1.54731,52.66243],[1.54551,52.66334],[1.54504,52.66303],[1.54241,52.6632],[1.54226,52.66278],[1.54147,52.66253],[1.54137,52.66278],[1.54069,52.66275],[1.5407,52.66237],[1.53849,52.66248],[1.53861,52.66342],[1.53731,52.66348],[1.53734,52.6639],[1.53588,52.66375],[1.53597,52.66334],[1.53536,52.66324],[1.53516,52.66353],[1.53413,52.66318],[1.53394,52.66344],[1.53116,52.66311],[1.53035,52.66209],[1.52874,52.66186],[1.52835,52.66208],[1.52907,52.66339],[1.52507,52.66465],[1.52528,52.66484],[1.52265,52.6662],[1.52309,52.66637],[1.52161,52.667],[1.52137,52.66672],[1.52012,52.66696],[1.52038,52.66763],[1.52001,52.66814],[1.51863,52.66812],[1.51818,52.66856],[1.51814,52.66935],[1.51949,52.67012],[1.51967,52.67067],[1.51826,52.67225],[1.51745,52.67253],[1.51423,52.67265],[1.51392,52.67283],[1.51421,52.67297],[1.51222,52.67339],[1.51159,52.67404],[1.51089,52.67413],[1.50835,52.6737],[1.50876,52.6724],[1.50723,52.67132],[1.50617,52.67138],[1.50484,52.67095],[1.50513,52.67034],[1.50613,52.66973],[1.50757,52.66983],[1.50776,52.66955],[1.50685,52.66894],[1.50598,52.66911],[1.50444,52.67003],[1.50277,52.67],[1.50109,52.67072],[1.49858,52.67037],[1.50109,52.66688],[1.50138,52.66543],[1.50053,52.66468],[1.49908,52.66501],[1.49915,52.66633],[1.4962,52.66626],[1.49738,52.66675],[1.49693,52.66795],[1.49558,52.66895],[1.49497,52.66994],[1.49295,52.67071],[1.49183,52.67044],[1.49079,52.66971],[1.48821,52.66909],[1.48744,52.6673],[1.48402,52.66651],[1.48413,52.6657],[1.48373,52.66605],[1.48132,52.66553],[1.48121,52.66577],[1.47866,52.66535],[1.47851,52.66558],[1.47715,52.66483],[1.47616,52.66346],[1.47475,52.66414],[1.47527,52.66456],[1.47427,52.66495],[1.47474,52.6653],[1.47317,52.66634],[1.47664,52.66759],[1.478,52.66779],[1.47829,52.66752],[1.48088,52.66864],[1.48174,52.66958],[1.48392,52.66957],[1.48471,52.67004],[1.48666,52.67037],[1.48645,52.67072],[1.48826,52.67117],[1.4892,52.67235],[1.49087,52.67303],[1.49622,52.67326],[1.49903,52.67374],[1.49961,52.6742],[1.50038,52.67359],[1.50273,52.67371],[1.50364,52.67454],[1.50365,52.67601],[1.50015,52.67719],[1.49073,52.67747],[1.49047,52.67701],[1.48896,52.677],[1.48843,52.67742],[1.48698,52.67626],[1.48494,52.67543],[1.48503,52.67514],[1.48021,52.67445],[1.48012,52.67515],[1.48558,52.67677],[1.48651,52.67842],[1.48338,52.67939],[1.48479,52.68107],[1.48449,52.68152],[1.48125,52.68273],[1.4737,52.68367],[1.47383,52.68457],[1.46791,52.68589],[1.46781,52.68568],[1.46697,52.68584],[1.46638,52.68501],[1.46244,52.68414],[1.46213,52.68331],[1.46154,52.68368],[1.4614,52.68341],[1.45994,52.68362],[1.45668,52.68334],[1.4562,52.6825],[1.45549,52.68257],[1.45359,52.68001],[1.45286,52.6809],[1.45451,52.68309],[1.45247,52.6835],[1.45232,52.6841],[1.45493,52.68444],[1.45545,52.68567],[1.45845,52.68539],[1.45914,52.68589],[1.45928,52.68675],[1.46255,52.68665],[1.4628,52.6872],[1.46151,52.68834],[1.46067,52.68836],[1.46089,52.68974],[1.46018,52.69027],[1.45968,52.69178],[1.45324,52.69275],[1.45231,52.69247],[1.45026,52.69283],[1.44952,52.69342],[1.44987,52.69553],[1.44714,52.69682],[1.44396,52.69458],[1.44691,52.69339],[1.44706,52.6922],[1.44596,52.69235],[1.44568,52.69286],[1.44319,52.693],[1.44282,52.69224],[1.44222,52.69225],[1.44221,52.69338],[1.44123,52.69365],[1.44063,52.69156],[1.43935,52.69065],[1.43649,52.6897],[1.43657,52.68887],[1.43453,52.68517],[1.43375,52.68541],[1.43274,52.68365],[1.43026,52.68292],[1.42897,52.68305],[1.42878,52.68346],[1.43109,52.68389],[1.43207,52.6847],[1.43129,52.6873],[1.43158,52.6884],[1.43018,52.68817],[1.42735,52.68839],[1.42739,52.68905],[1.42616,52.68891],[1.42297,52.68919],[1.42102,52.6897],[1.42141,52.69021],[1.41715,52.69129],[1.41611,52.69239],[1.41472,52.69289],[1.40718,52.69275],[1.40629,52.69311],[1.40561,52.69435],[1.40453,52.69424],[1.403,52.69481],[1.40668,52.69537],[1.40663,52.69654],[1.40816,52.69712],[1.41152,52.69719],[1.41235,52.6968],[1.41198,52.69812],[1.41404,52.69804],[1.4151,52.69963],[1.41546,52.69961],[1.41707,52.70272],[1.41652,52.7036],[1.41488,52.70382],[1.41418,52.70435],[1.41185,52.705],[1.41181,52.70567],[1.40776,52.70665],[1.40825,52.70704],[1.40706,52.70738],[1.40744,52.70767],[1.40674,52.70808],[1.40718,52.70864],[1.4065,52.70883],[1.40635,52.70947],[1.40567,52.70979],[1.40545,52.70948],[1.40497,52.70959],[1.40521,52.70991],[1.40397,52.70988],[1.4052,52.71075],[1.40399,52.71109],[1.40318,52.71094],[1.40291,52.71043],[1.40029,52.71084],[1.39968,52.70828],[1.39851,52.70833],[1.39847,52.7081],[1.39961,52.70806],[1.39909,52.70722],[1.39703,52.7072],[1.39695,52.70693],[1.39757,52.70692],[1.39802,52.70638],[1.39871,52.70629],[1.39863,52.70596],[1.39826,52.70599],[1.39821,52.70472],[1.39878,52.70464],[1.39819,52.70465],[1.39852,52.70397],[1.39786,52.70388],[1.39755,52.70349],[1.39792,52.70328],[1.39677,52.7018],[1.39404,52.7001],[1.38966,52.69961],[1.38725,52.6987],[1.38661,52.69916],[1.38574,52.69886],[1.38404,52.7004],[1.38289,52.70006],[1.38279,52.70068],[1.3819,52.70074],[1.38122,52.70039],[1.37313,52.70063],[1.36986,52.7002],[1.36856,52.7008],[1.36295,52.70035],[1.36142,52.69906],[1.36024,52.69514],[1.35933,52.69527],[1.35948,52.69405],[1.35785,52.69249],[1.35754,52.6926],[1.35789,52.69299],[1.35775,52.6943],[1.35873,52.69616],[1.35812,52.69878],[1.3552,52.70029],[1.35425,52.70035],[1.35381,52.69996],[1.352,52.69972],[1.3523,52.69898],[1.35169,52.69859],[1.35122,52.69884],[1.35074,52.70018],[1.35156,52.70023],[1.35196,52.70112],[1.35437,52.70152],[1.35863,52.70156],[1.36289,52.70305],[1.36274,52.70496],[1.36359,52.70653],[1.36441,52.70685],[1.36593,52.70676],[1.36603,52.7074],[1.36777,52.70736],[1.36745,52.70885],[1.36852,52.70992],[1.36878,52.71076],[1.37002,52.71004],[1.37172,52.71069],[1.37351,52.71052],[1.37472,52.70953],[1.37549,52.71015],[1.37558,52.71069],[1.37518,52.7108],[1.37548,52.71134],[1.37404,52.71238],[1.37534,52.71187],[1.37543,52.71228],[1.37599,52.71218],[1.37658,52.71284],[1.37826,52.71235],[1.38107,52.71427],[1.38057,52.71439],[1.38153,52.71589],[1.3803,52.71627],[1.38131,52.71729],[1.37907,52.71786],[1.37771,52.71739],[1.37644,52.71856],[1.37715,52.71895],[1.37645,52.71919],[1.37376,52.72203],[1.37167,52.72137],[1.36456,52.72152],[1.36428,52.72106],[1.35865,52.7215],[1.35801,52.7228],[1.35457,52.72463],[1.35313,52.72731],[1.3571,52.72814],[1.35809,52.7278],[1.35776,52.72688],[1.36176,52.72685],[1.36176,52.72741],[1.36213,52.72745],[1.36226,52.72708],[1.3647,52.72713],[1.36427,52.72791],[1.36956,52.72841],[1.37162,52.72802],[1.37306,52.72925],[1.37812,52.72711],[1.3752,52.72597],[1.37658,52.7238],[1.37772,52.7231],[1.37787,52.72181],[1.38059,52.72025],[1.38428,52.71909],[1.38617,52.71895],[1.38736,52.71745],[1.38976,52.71747],[1.38739,52.713],[1.38564,52.71149],[1.38793,52.71106],[1.38843,52.71101],[1.38967,52.71238],[1.3911,52.71495],[1.39333,52.71466],[1.39366,52.71558],[1.39612,52.71566],[1.40098,52.71654],[1.40307,52.71573],[1.40451,52.71571],[1.40662,52.71448],[1.40819,52.71594],[1.40882,52.71506],[1.4087,52.71342],[1.40958,52.71208],[1.41164,52.71187],[1.41193,52.71106],[1.41339,52.71134],[1.41363,52.71051],[1.41598,52.70981],[1.41681,52.70918],[1.41843,52.7093],[1.41898,52.71156],[1.42019,52.71119],[1.42496,52.71314],[1.42652,52.71037],[1.43201,52.70886],[1.43167,52.70825],[1.43631,52.70715],[1.43792,52.70846],[1.43843,52.70851],[1.44084,52.70802],[1.44408,52.70788],[1.44499,52.70798],[1.44493,52.71168],[1.44568,52.71266],[1.44524,52.71312],[1.44823,52.71832],[1.44742,52.71902],[1.44804,52.7194],[1.45124,52.719],[1.45155,52.71753],[1.45428,52.7184],[1.45695,52.71773],[1.45705,52.71736],[1.45932,52.71655],[1.46105,52.71659],[1.46086,52.7172],[1.46227,52.71789],[1.46235,52.71894],[1.46419,52.71892],[1.46555,52.71248],[1.46118,52.71075],[1.45725,52.71061],[1.45608,52.70969],[1.45592,52.70815],[1.46003,52.7085],[1.46318,52.70786],[1.46312,52.70709],[1.46203,52.70583],[1.46465,52.70231],[1.46936,52.69903],[1.47061,52.69724],[1.47238,52.69699],[1.47745,52.69805],[1.48048,52.69721],[1.4835,52.69592],[1.48371,52.69625],[1.48736,52.69612],[1.48882,52.69687],[1.49029,52.69645],[1.49087,52.69863],[1.49153,52.69916],[1.48936,52.70049],[1.48717,52.70105],[1.48465,52.70231],[1.4839,52.70773],[1.48676,52.71077],[1.48959,52.71056],[1.49164,52.71116],[1.49161,52.71198],[1.48966,52.71384],[1.48998,52.71725],[1.48894,52.71812],[1.48757,52.71851],[1.48845,52.7196],[1.48764,52.72025],[1.48706,52.72028],[1.48661,52.71968],[1.48527,52.71993],[1.48462,52.72101],[1.48327,52.72093],[1.48093,52.72579],[1.48134,52.72657],[1.48202,52.72612],[1.48322,52.72624],[1.48322,52.72678],[1.48439,52.72693],[1.4899,52.72178],[1.49079,52.72164],[1.49076,52.7221],[1.49194,52.72291],[1.49227,52.72416],[1.49403,52.72619],[1.49396,52.72839],[1.49624,52.72879],[1.49607,52.72942],[1.49333,52.73104],[1.49111,52.73153],[1.48766,52.73638],[1.48673,52.73665],[1.48422,52.73543],[1.48397,52.73564],[1.48195,52.73494],[1.47463,52.73391],[1.47389,52.73405],[1.47303,52.73543],[1.46834,52.73546],[1.46656,52.73591],[1.46723,52.73747],[1.47249,52.73788],[1.47476,52.73846],[1.47669,52.73957],[1.48005,52.74311],[1.48246,52.74282],[1.48469,52.74048],[1.48658,52.7396],[1.48737,52.74038],[1.48923,52.74079],[1.49106,52.74203],[1.4919,52.7435],[1.49115,52.74414],[1.49026,52.74436],[1.49042,52.74495],[1.49126,52.745],[1.49252,52.74643],[1.49163,52.74755],[1.49081,52.74745],[1.49067,52.75015],[1.49224,52.75088],[1.49373,52.75266],[1.48887,52.75282],[1.48884,52.75389],[1.49227,52.75485],[1.49332,52.75541],[1.49194,52.75776],[1.49053,52.75771],[1.48952,52.75944],[1.48898,52.76184],[1.48776,52.76181],[1.48473,52.76557],[1.47673,52.7641],[1.47628,52.76369],[1.47226,52.76505],[1.4704,52.7661],[1.4697,52.76723],[1.46765,52.76794],[1.46486,52.76821],[1.46193,52.76758],[1.45484,52.76785],[1.45271,52.77085],[1.45327,52.77234],[1.45585,52.77307],[1.45537,52.7745],[1.45631,52.77747],[1.45828,52.7772],[1.45827,52.77603],[1.4592,52.77534],[1.46208,52.77473],[1.46659,52.77484],[1.46875,52.77581],[1.46905,52.77672],[1.47266,52.77884],[1.47739,52.77932],[1.47874,52.78131],[1.47663,52.78141],[1.47617,52.78207],[1.47534,52.78194],[1.47248,52.78651],[1.47031,52.78902],[1.46769,52.7882],[1.4661,52.787],[1.46645,52.78675],[1.46577,52.78624],[1.46369,52.78536],[1.45999,52.78473],[1.45952,52.78547],[1.45899,52.78521],[1.45616,52.78718],[1.45434,52.78692],[1.45174,52.78749],[1.45053,52.78808],[1.4498,52.78906],[1.45017,52.79085],[1.45193,52.79326],[1.45712,52.79084],[1.46115,52.78994],[1.4646,52.78989],[1.46889,52.79073],[1.47169,52.79049],[1.47271,52.79081],[1.46974,52.79383],[1.46997,52.79417],[1.46495,52.79829],[1.46532,52.79902],[1.46074,52.79906],[1.45997,52.7993],[1.46201,52.80059],[1.46298,52.79996],[1.46544,52.79966],[1.46807,52.80068],[1.46796,52.80113],[1.4668,52.80184],[1.46345,52.80282],[1.46377,52.80333],[1.46316,52.80372],[1.46363,52.8044],[1.4647,52.80452],[1.46521,52.80368],[1.46665,52.80291],[1.4694,52.80335],[1.46967,52.8036],[1.46929,52.80439],[1.47003,52.80444],[1.46919,52.80631],[1.46945,52.80706],[1.46828,52.80713],[1.46854,52.81083],[1.47142,52.81058],[1.47134,52.81004],[1.47405,52.81064],[1.47424,52.8104],[1.47662,52.81072],[1.47677,52.81035]]]]}},{"type":"Feature","properties":{"name":"New Forest","kind":"national_park"},"geometry":{"type":"MultiPolygon","coordinates":[[[[-1.57704,50.71639],[-1.57465,50.71508],[-1.57417,50.71507],[-1.57133,50.71299],[-1.56694,50.71045],[-1.56633,50.71095],[-1.56461,50.71127],[-1.5657,50.7109],[-1.56568,50.71063],[-1.56606,50.71078],[-1.56635,50.71026],[-1.56576,50.71063],[-1.56598,50.71009],[-1.56483,50.70976],[-1.56481,50.70998],[-1.56402,50.7094],[-1.56257,50.70916],[-1.56261,50.70883],[-1.56199,50.70904],[-1.56254,50.70921],[-1.56159,50.70947],[-1.56176,50.70882],[-1.56095,50.70828],[-1.56037,50.70871],[-1.56001,50.70802],[-1.55932,50.70781],[-1.55898,50.70816],[-1.55866,50.70765],[-1.55939,50.7091],[-1.55881,50.70927],[-1.55889,50.70882],[-1.55794,50.70749],[-1.55659,50.7071],[-1.55614,50.70731],[-1.55671,50.70764],[-1.5564,50.70774],[-1.55524,50.70728],[-1.55643,50.70784],[-1.55652,50.70823],[-1.55703,50.70844],[-1.55628,50.70931],[-1.55381,50.70677],[-1.55188,50.70678],[-1.55259,50.70784],[-1.55386,50.70857],[-1.55375,50.71068],[-1.55416,50.7117],[-1.55364,50.71271],[-1.55511,50.71384],[-1.55537,50.71437],[-1.55504,50.7143],[-1.55395,50.71348],[-1.55352,50.71294],[-1.55281,50.71154],[-1.55133,50.70988],[-1.55122,50.70968],[-1.55114,50.70966],[-1.55046,50.7089],[-1.54949,50.70835],[-1.54851,50.70834],[-1.54824,50.70816],[-1.54927,50.70761],[-1.55047,50.70631],[-1.55332,50.70608],[-1.55445,50.70608],[-1.56506,50.70886],[-1.57623,50.71533],[-1.57689,50.71552],[-1.57717,50.7154],[-1.5775,50.7154],[-1.5777,50.71555],[-1.57802,50.71582],[-1.57704,50.71639]]],[[[-1.53184,50.75069],[-1.53038,50.74941],[-1.52982,50.74965],[-1.52889,50.74956],[-1.52799,50.74837],[-1.52632,50.74981],[-1.52529,50.74887],[-1.52706,50.74713],[-1.52659,50.74512],[-1.52593,50.74457],[-1.53065,50.74243],[-1.53256,50.74428],[-1.5337,50.74379],[-1.53488,50.74485],[-1.53687,50.74302],[-1.537,50.74224],[-1.53524,50.74183],[-1.53709,50.73967],[-1.53828,50.73906],[-1.53972,50.73936],[-1.54183,50.7398],[-1.5406,50.7393],[-1.53808,50.7389],[-1.53477,50.74105],[-1.5333,50.74142],[-1.53127,50.74035],[-1.53127,50.73975],[-1.53182,50.73934],[-1.53098,50.73835],[-1.53094,50.73704],[-1.53329,50.73497],[-1.53554,50.73423],[-1.5406,50.72979],[-1.54322,50.72809],[-1.54546,50.72707],[-1.54685,50.72839],[-1.54989,50.72854],[-1.55162,50.72796],[-1.55191,50.72772],[-1.55116,50.7276],[-1.55159,50.7272],[-1.55241,50.72743],[-1.5546,50.72406],[-1.5545,50.72333],[-1.55552,50.72226],[-1.55845,50.72137],[-1.55859,50.72076],[-1.5593,50.72122],[-1.56031,50.72099],[-1.56189,50.72126],[-1.56364,50.72206],[-1.56449,50.72303],[-1.56748,50.72252],[-1.5658,50.72238],[-1.56607,50.72189],[-1.5649,50.721],[-1.57089,50.71824],[-1.57295,50.71761],[-1.57303,50.71738],[-1.57219,50.71743],[-1.57251,50.71699],[-1.57299,50.71694],[-1.5735,50.71742],[-1.57344,50.717],[-1.57379,50.71731],[-1.57685,50.7165],[-1.57266,50.71774],[-1.57109,50.71899],[-1.57243,50.71891],[-1.57327,50.72019],[-1.57159,50.72075],[-1.57247,50.72181],[-1.57292,50.72183],[-1.57362,50.72365],[-1.57484,50.72381],[-1.57484,50.72439],[-1.57251,50.72426],[-1.57277,50.72509],[-1.57088,50.72513],[-1.57147,50.72623],[-1.57033,50.72612],[-1.5683,50.72705],[-1.56787,50.72702],[-1.56776,50.72662],[-1.56701,50.72746],[-1.56624,50.72741],[-1.56545,50.72963],[-1.56466,50.72982],[-1.56628,50.73149],[-1.5649,50.73196],[-1.56374,50.73119],[-1.56203,50.72917],[-1.56215,50.72769],[-1.55899,50.7277],[-1.55257,50.72978],[-1.55176,50.73029],[-1.55157,50.73149],[-1.55058,50.73247],[-1.54899,50.73355],[-1.54736,50.73409],[-1.54615,50.73516],[-1.55043,50.73745],[-1.55165,50.7422],[-1.55214,50.74285],[-1.55365,50.74372],[-1.55253,50.74447],[-1.55007,50.74514],[-1.54937,50.74562],[-1.54689,50.7456],[-1.54643,50.74509],[-1.54361,50.74575],[-1.54187,50.74559],[-1.53939,50.75013],[-1.53693,50.75054],[-1.5348,50.7518],[-1.53184,50.75069]]],[[[-1.37988,50.78026],[-1.38239,50.77885],[-1.38457,50.77855],[-1.38693,50.77734],[-1.38789,50.77741],[-1.3884,50.77775],[-1.39023,50.7777],[-1.39075,50.77807],[-1.39069,50.7785],[-1.38469,50.78019],[-1.3841,50.78004],[-1.38427,50.78025],[-1.38374,50.78037],[-1.37984,50.78076],[-1.37964,50.78059],[-1.38047,50.78006],[-1.37882,50.78092],[-1.37729,50.78115],[-1.37764,50.78091],[-1.37835,50.78046],[-1.37988,50.78026]]],[[[-1.65017,51.00427],[-1.64955,51.00421],[-1.64884,51.00508],[-1.64858,51.00478],[-1.64828,51.00489],[-1.64641,51.00291],[-1.64321,51.00126],[-1.64307,51.00144],[-1.64157,51.0011],[-1.64172,51.00034],[-1.64095,51.00019],[-1.63962,51.00021],[-1.63921,51.00074],[-1.63943,51.0011],[-1.63825,51.00164],[-1.63857,51.00212],[-1.63477,51.00349],[-1.63343,51.00385],[-1.63304,51.00337],[-1.63066,51.00344],[-1.62996,51.00403],[-1.62924,51.00417],[-1.62863,51.00394],[-1.6283,51.00105],[-1.62865,50.99984],[-1.62804,50.99941],[-1.62834,50.99909],[-1.62701,50.99578],[-1.62536,50.99405],[-1.62498,50.99057],[-1.62633,50.99051],[-1.62818,50.98996],[-1.62828,50.9896],[-1.6294,50.98981],[-1.62962,50.98953],[-1.63114,50.99043],[-1.63349,50.99003],[-1.63346,50.99033],[-1.63508,50.99056],[-1.63606,50.99038],[-1.63709,50.99071],[-1.63771,50.98956],[-1.64138,50.98845],[-1.64095,50.98591],[-1.63974,50.98366],[-1.63759,50.98148],[-1.63467,50.97982],[-1.626,50.97648],[-1.6146,50.97393],[-1.59193,50.97092],[-1.58545,50.96863],[-1.5844,50.96857],[-1.54423,50.95598],[-1.53865,50.95492],[-1.53574,50.95402],[-1.53552,50.95334],[-1.53684,50.95143],[-1.53643,50.9497],[-1.53851,50.94754],[-1.53873,50.94669],[-1.53751,50.9434],[-1.53584,50.9418],[-1.53432,50.94099],[-1.53085,50.94019],[-1.52872,50.94007],[-1.52707,50.93786],[-1.52457,50.93564],[-1.52354,50.93383],[-1.52354,50.93112],[-1.52574,50.92652],[-1.52619,50.92182],[-1.52529,50.91864],[-1.52266,50.91474],[-1.52129,50.91368],[-1.51859,50.9127],[-1.51794,50.91297],[-1.51419,50.91261],[-1.51188,50.9116],[-1.50823,50.90717],[-1.50631,50.90631],[-1.50362,50.90439],[-1.50341,50.9033],[-1.50273,50.90254],[-1.50214,50.90235],[-1.50115,50.90328],[-1.49745,50.90206],[-1.48451,50.89954],[-1.48185,50.89876],[-1.47775,50.89714],[-1.4736,50.89498],[-1.46241,50.88706],[-1.45656,50.88514],[-1.44687,50.88336],[-1.44566,50.8849],[-1.44346,50.88497],[-1.44392,50.8857],[-1.44215,50.88586],[-1.44217,50.8868],[-1.4415,50.88717],[-1.44104,50.88677],[-1.44003,50.88709],[-1.43964,50.88658],[-1.43775,50.88723],[-1.43685,50.88608],[-1.43215,50.88645],[-1.43022,50.8871],[-1.42974,50.88606],[-1.43157,50.88466],[-1.43079,50.88377],[-1.43089,50.88259],[-1.42871,50.88199],[-1.42424,50.87872],[-1.4236,50.87617],[-1.41988,50.87483],[-1.41881,50.87572],[-1.41705,50.875],[-1.40908,50.87437],[-1.40536,50.8738],[-1.40657,50.87252],[-1.41092,50.87018],[-1.41587,50.8696],[-1.41796,50.86974],[-1.41871,50.86919],[-1.42539,50.86728],[-1.4266,50.8683],[-1.43052,50.86643],[-1.43445,50.86384],[-1.43563,50.86375],[-1.43537,50.86323],[-1.43407,50.86274],[-1.42285,50.85331],[-1.41923,50.85113],[-1.41907,50.85075],[-1.41555,50.84995],[-1.40789,50.84731],[-1.39601,50.84377],[-1.39755,50.84272],[-1.39508,50.83988],[-1.39669,50.83919],[-1.3952,50.83633],[-1.39376,50.83672],[-1.39468,50.83481],[-1.39396,50.83282],[-1.39325,50.83211],[-1.39222,50.83198],[-1.39199,50.8308],[-1.39155,50.83087],[-1.39084,50.83029],[-1.39217,50.82934],[-1.39296,50.82779],[-1.39452,50.82616],[-1.38552,50.82454],[-1.38668,50.8212],[-1.38489,50.82115],[-1.38316,50.81906],[-1.37906,50.8156],[-1.37702,50.81594],[-1.37616,50.81566],[-1.37424,50.81613],[-1.37388,50.81485],[-1.37442,50.81325],[-1.37599,50.81239],[-1.3765,50.81019],[-1.376,50.81005],[-1.37653,50.80846],[-1.37703,50.80844],[-1.37747,50.80795],[-1.37711,50.80566],[-1.37541,50.80621],[-1.37235,50.80635],[-1.37022,50.80723],[-1.36793,50.80766],[-1.36749,50.80652],[-1.36693,50.80633],[-1.36628,50.80632],[-1.36551,50.80696],[-1.3668,50.8087],[-1.3649,50.80896],[-1.36467,50.81057],[-1.36325,50.81057],[-1.36457,50.81381],[-1.36302,50.81445],[-1.36404,50.81598],[-1.36593,50.81714],[-1.367,50.8183],[-1.36251,50.82188],[-1.36179,50.82277],[-1.36236,50.82311],[-1.36005,50.8241],[-1.35958,50.82389],[-1.35915,50.82409],[-1.35969,50.8252],[-1.35199,50.82541],[-1.34832,50.82481],[-1.34842,50.82517],[-1.34612,50.82608],[-1.34663,50.8264],[-1.34494,50.82728],[-1.34571,50.82808],[-1.3432,50.82941],[-1.34108,50.82743],[-1.33947,50.82705],[-1.33919,50.82712],[-1.33942,50.82664],[-1.338,50.82704],[-1.33711,50.82781],[-1.33643,50.82774],[-1.33619,50.82823],[-1.33638,50.82756],[-1.33538,50.82678],[-1.3355,50.82632],[-1.33312,50.82626],[-1.33186,50.82587],[-1.3311,50.82511],[-1.33131,50.82576],[-1.33213,50.82633],[-1.33156,50.8264],[-1.33188,50.82676],[-1.33147,50.82668],[-1.33131,50.82708],[-1.33038,50.82744],[-1.33064,50.82704],[-1.33026,50.82693],[-1.33106,50.82688],[-1.33089,50.82641],[-1.33153,50.82632],[-1.33138,50.82607],[-1.33076,50.82636],[-1.33107,50.82599],[-1.33077,50.82583],[-1.33067,50.82623],[-1.33018,50.82615],[-1.33073,50.82648],[-1.33031,50.82676],[-1.33012,50.82639],[-1.33003,50.82704],[-1.3297,50.8271],[-1.33006,50.82712],[-1.33005,50.82752],[-1.3289,50.82746],[-1.32908,50.82731],[-1.32888,50.82698],[-1.32939,50.82737],[-1.32976,50.82725],[-1.32934,50.8269],[-1.32978,50.82657],[-1.32934,50.82683],[-1.3292,50.82653],[-1.32839,50.82712],[-1.32842,50.82733],[-1.32889,50.82717],[-1.32863,50.82746],[-1.32753,50.82776],[-1.32706,50.82748],[-1.32758,50.82746],[-1.32712,50.8274],[-1.32794,50.82671],[-1.32766,50.82748],[-1.32822,50.8274],[-1.32814,50.82684],[-1.32849,50.82676],[-1.3281,50.82621],[-1.32852,50.82603],[-1.32843,50.82656],[-1.32897,50.82635],[-1.32912,50.82629],[-1.32868,50.82567],[-1.3293,50.826],[-1.32916,50.82632],[-1.32847,50.82664],[-1.32867,50.82666],[-1.32936,50.82621],[-1.32974,50.82654],[-1.32986,50.82574],[-1.32996,50.82618],[-1.33049,50.82587],[-1.33017,50.82569],[-1.33091,50.82574],[-1.33015,50.8251],[-1.33049,50.82503],[-1.33015,50.8249],[-1.33037,50.82468],[-1.33091,50.82497],[-1.33053,50.82451],[-1.32998,50.82477],[-1.32977,50.82421],[-1.32958,50.82467],[-1.32891,50.82433],[-1.3303,50.824],[-1.33014,50.82382],[-1.32905,50.82422],[-1.32841,50.82391],[-1.32797,50.82438],[-1.32595,50.82508],[-1.32613,50.82558],[-1.32545,50.82535],[-1.32533,50.82567],[-1.32609,50.82566],[-1.3259,50.82591],[-1.3245,50.82635],[-1.3241,50.82619],[-1.32434,50.82569],[-1.32502,50.82587],[-1.32541,50.82529],[-1.32492,50.82574],[-1.32436,50.82561],[-1.32435,50.82507],[-1.32464,50.82531],[-1.32507,50.82506],[-1.32449,50.82503],[-1.32346,50.8243],[-1.32362,50.82368],[-1.3242,50.82363],[-1.32461,50.8244],[-1.32481,50.82403],[-1.3252,50.82408],[-1.32513,50.82447],[-1.3253,50.82408],[-1.32569,50.82434],[-1.32622,50.82418],[-1.32625,50.82446],[-1.32756,50.82378],[-1.32626,50.82411],[-1.32619,50.82356],[-1.3258,50.82408],[-1.32416,50.82336],[-1.32305,50.82368],[-1.32269,50.82341],[-1.32297,50.82319],[-1.3252,50.82262],[-1.32547,50.82301],[-1.32566,50.82277],[-1.32661,50.82293],[-1.32679,50.82258],[-1.32562,50.82259],[-1.32562,50.82212],[-1.32439,50.8227],[-1.32293,50.82292],[-1.32265,50.82251],[-1.32406,50.82179],[-1.32251,50.82233],[-1.32095,50.8211],[-1.32233,50.82054],[-1.32349,50.82095],[-1.32348,50.82134],[-1.32382,50.82112],[-1.3227,50.82045],[-1.32364,50.81973],[-1.32301,50.81949],[-1.32406,50.81907],[-1.32378,50.81874],[-1.32372,50.81874],[-1.32395,50.81865],[-1.32474,50.81912],[-1.32635,50.82173],[-1.32878,50.82343],[-1.32957,50.82317],[-1.3322,50.82329],[-1.33546,50.82248],[-1.33542,50.822],[-1.33603,50.82182],[-1.33884,50.8212],[-1.33961,50.82128],[-1.33959,50.82096],[-1.33828,50.82083],[-1.33592,50.82061],[-1.33415,50.81998],[-1.32646,50.81494],[-1.32139,50.81735],[-1.32312,50.81795],[-1.32325,50.81834],[-1.32295,50.81845],[-1.32292,50.81811],[-1.32075,50.81794],[-1.32037,50.81721],[-1.31909,50.817],[-1.31831,50.81709],[-1.31812,50.81769],[-1.31733,50.81789],[-1.31733,50.81719],[-1.31676,50.81687],[-1.31781,50.81686],[-1.31744,50.81672],[-1.31783,50.81661],[-1.31717,50.81636],[-1.31711,50.8167],[-1.31637,50.81668],[-1.31627,50.81641],[-1.31672,50.81639],[-1.31615,50.81636],[-1.31459,50.81535],[-1.314,50.81627],[-1.31331,50.81587],[-1.31262,50.81592],[-1.31247,50.81569],[-1.31306,50.8156],[-1.31389,50.81603],[-1.31362,50.81574],[-1.31405,50.81521],[-1.31334,50.81547],[-1.31352,50.81488],[-1.31309,50.81536],[-1.31264,50.81533],[-1.3134,50.81461],[-1.31285,50.814],[-1.31147,50.81343],[-1.30973,50.81458],[-1.30831,50.81686],[-1.30967,50.81873],[-1.31024,50.81892],[-1.31065,50.81855],[-1.31063,50.81884],[-1.30983,50.81969],[-1.30856,50.8203],[-1.3077,50.82033],[-1.30702,50.81991],[-1.30758,50.81613],[-1.3085,50.81489],[-1.31212,50.81214],[-1.32038,50.80804],[-1.32761,50.80312],[-1.33228,50.79764],[-1.33292,50.79689],[-1.3366,50.79383],[-1.34024,50.788],[-1.34192,50.786],[-1.34627,50.78507],[-1.35014,50.78505],[-1.35257,50.78402],[-1.35405,50.78385],[-1.3582,50.78453],[-1.35929,50.78437],[-1.36861,50.78529],[-1.37587,50.78515],[-1.37739,50.78539],[-1.3782,50.78512],[-1.37854,50.78547],[-1.37932,50.78548],[-1.38207,50.78501],[-1.38824,50.78596],[-1.38883,50.7856],[-1.38846,50.78516],[-1.38897,50.78514],[-1.38983,50.78584],[-1.39265,50.78576],[-1.3958,50.78486],[-1.39569,50.78458],[-1.39625,50.78485],[-1.39608,50.78461],[-1.39685,50.78433],[-1.39833,50.78416],[-1.40398,50.7847],[-1.40747,50.78588],[-1.40773,50.78545],[-1.40873,50.78668],[-1.40754,50.7872],[-1.408,50.7873],[-1.40771,50.78777],[-1.40728,50.78767],[-1.40767,50.78791],[-1.40711,50.78783],[-1.40674,50.78827],[-1.40625,50.78926],[-1.40655,50.78912],[-1.40681,50.78995],[-1.40631,50.79006],[-1.40637,50.78951],[-1.40577,50.79012],[-1.40581,50.79047],[-1.40639,50.7901],[-1.40695,50.79075],[-1.40579,50.79071],[-1.40601,50.79076],[-1.40592,50.7909],[-1.40548,50.79089],[-1.40557,50.79137],[-1.40611,50.79079],[-1.40622,50.79099],[-1.40645,50.79085],[-1.40648,50.7913],[-1.40713,50.79164],[-1.40658,50.79168],[-1.4063,50.79135],[-1.40562,50.7917],[-1.40505,50.79136],[-1.40558,50.79183],[-1.40629,50.79163],[-1.40698,50.7918],[-1.40596,50.79218],[-1.40688,50.79215],[-1.407,50.79262],[-1.40623,50.7924],[-1.40682,50.79333],[-1.40676,50.79305],[-1.40739,50.79304],[-1.4076,50.79325],[-1.40716,50.7934],[-1.40832,50.79346],[-1.40728,50.79359],[-1.40822,50.79371],[-1.40866,50.79409],[-1.4088,50.79452],[-1.40841,50.79461],[-1.40789,50.79403],[-1.40831,50.7947],[-1.40786,50.79488],[-1.40883,50.79475],[-1.40875,50.79508],[-1.40823,50.79509],[-1.40822,50.7952],[-1.40833,50.79545],[-1.40858,50.79562],[-1.40826,50.79523],[-1.40932,50.79503],[-1.40885,50.79487],[-1.40899,50.79463],[-1.40943,50.79509],[-1.40919,50.79543],[-1.40955,50.7954],[-1.40963,50.79628],[-1.40922,50.79632],[-1.40873,50.79618],[-1.40866,50.79627],[-1.40879,50.79654],[-1.40873,50.7962],[-1.40962,50.79647],[-1.4096,50.79687],[-1.40938,50.7968],[-1.40902,50.79683],[-1.40884,50.79688],[-1.40883,50.79724],[-1.40906,50.79686],[-1.40965,50.79696],[-1.40956,50.79806],[-1.40955,50.79813],[-1.40851,50.79806],[-1.40955,50.7984],[-1.40949,50.7988],[-1.40862,50.79891],[-1.4093,50.79894],[-1.40882,50.79927],[-1.40896,50.79962],[-1.40961,50.79897],[-1.40893,50.80066],[-1.40981,50.80057],[-1.40954,50.80084],[-1.41001,50.80076],[-1.41133,50.80167],[-1.412,50.8027],[-1.41249,50.80281],[-1.41323,50.80228],[-1.41303,50.80264],[-1.41402,50.80262],[-1.41398,50.80297],[-1.41353,50.80277],[-1.41351,50.80316],[-1.41281,50.80277],[-1.41365,50.80328],[-1.41308,50.80396],[-1.41351,50.80393],[-1.41293,50.80418],[-1.41321,50.80435],[-1.41287,50.80465],[-1.41196,50.80472],[-1.41346,50.80523],[-1.41363,50.80563],[-1.41356,50.80496],[-1.41309,50.80481],[-1.4132,50.80452],[-1.4136,50.8046],[-1.41346,50.80416],[-1.41389,50.80439],[-1.41366,50.8036],[-1.4159,50.80328],[-1.41743,50.8021],[-1.41909,50.80165],[-1.41849,50.80164],[-1.41884,50.80143],[-1.4185,50.80087],[-1.41927,50.80111],[-1.41961,50.80186],[-1.41959,50.8014],[-1.41943,50.80117],[-1.4191,50.80092],[-1.41863,50.80082],[-1.41827,50.80083],[-1.41774,50.80095],[-1.41634,50.8016],[-1.41766,50.80089],[-1.41817,50.80076],[-1.41866,50.80075],[-1.41921,50.80085],[-1.41973,50.80133],[-1.41995,50.80192],[-1.4199,50.80122],[-1.41949,50.80084],[-1.41996,50.80038],[-1.41897,50.80062],[-1.41989,50.80025],[-1.42034,50.80053],[-1.42068,50.8017],[-1.41809,50.80326],[-1.41725,50.80488],[-1.41743,50.80559],[-1.41912,50.80702],[-1.42237,50.80769],[-1.42185,50.80746],[-1.42228,50.80716],[-1.4228,50.8082],[-1.42372,50.80754],[-1.42461,50.80795],[-1.4246,50.80826],[-1.42565,50.80731],[-1.42604,50.80758],[-1.42576,50.80795],[-1.42643,50.80757],[-1.42708,50.80863],[-1.42629,50.80991],[-1.42714,50.8094],[-1.42914,50.81109],[-1.42934,50.81083],[-1.42959,50.81112],[-1.42952,50.8109],[-1.43,50.81093],[-1.42984,50.81125],[-1.43042,50.8112],[-1.43043,50.81093],[-1.43127,50.81105],[-1.43216,50.81065],[-1.43199,50.81033],[-1.43256,50.81078],[-1.43248,50.81019],[-1.43301,50.81057],[-1.43364,50.81038],[-1.4338,50.81033],[-1.43432,50.81082],[-1.43413,50.81039],[-1.4353,50.8102],[-1.4351,50.81004],[-1.43553,50.81026],[-1.43491,50.80991],[-1.43408,50.81008],[-1.43375,50.80981],[-1.43413,50.80961],[-1.43602,50.80992],[-1.43593,50.81041],[-1.43632,50.81017],[-1.43666,50.81036],[-1.43702,50.81066],[-1.43671,50.81082],[-1.43722,50.81085],[-1.43702,50.81113],[-1.43734,50.81099],[-1.43835,50.81146],[-1.43779,50.81184],[-1.43822,50.81178],[-1.4385,50.81209],[-1.43736,50.81355],[-1.43829,50.81493],[-1.43814,50.81542],[-1.44063,50.8157],[-1.44242,50.81554],[-1.44252,50.81583],[-1.44246,50.81535],[-1.44279,50.81552],[-1.44295,50.81519],[-1.443,50.81564],[-1.44469,50.81636],[-1.44458,50.81888],[-1.44523,50.81935],[-1.44862,50.82018],[-1.45121,50.81918],[-1.45111,50.81884],[-1.44934,50.81895],[-1.44706,50.81862],[-1.44642,50.81777],[-1.44682,50.81581],[-1.44554,50.81467],[-1.4456,50.81354],[-1.44459,50.81458],[-1.44257,50.81428],[-1.44043,50.81443],[-1.43998,50.81422],[-1.44036,50.81402],[-1.4397,50.81414],[-1.44014,50.8139],[-1.43965,50.81412],[-1.43931,50.81393],[-1.44041,50.8137],[-1.43924,50.81369],[-1.43993,50.81316],[-1.43929,50.8133],[-1.43963,50.81236],[-1.44042,50.81216],[-1.43969,50.81223],[-1.44023,50.8115],[-1.43985,50.81154],[-1.43922,50.81085],[-1.43995,50.81029],[-1.4391,50.81059],[-1.4383,50.81032],[-1.4376,50.8096],[-1.43581,50.8088],[-1.43611,50.80861],[-1.43566,50.80874],[-1.43528,50.80842],[-1.43366,50.80848],[-1.43123,50.80924],[-1.43009,50.80926],[-1.42933,50.80818],[-1.42972,50.80792],[-1.4297,50.80798],[-1.42981,50.80827],[-1.42992,50.80809],[-1.43017,50.80839],[-1.43111,50.80801],[-1.42979,50.80802],[-1.43058,50.80746],[-1.42914,50.808],[-1.42843,50.80675],[-1.42947,50.80635],[-1.42821,50.80664],[-1.42838,50.8064],[-1.42814,50.80654],[-1.42612,50.80551],[-1.42483,50.80527],[-1.42207,50.80581],[-1.42033,50.80565],[-1.42041,50.80539],[-1.42148,50.80563],[-1.42262,50.80539],[-1.42051,50.80524],[-1.42409,50.80245],[-1.42222,50.80362],[-1.42141,50.80346],[-1.42391,50.80194],[-1.42384,50.80189],[-1.42345,50.80195],[-1.42361,50.80146],[-1.42396,50.80146],[-1.4234,50.80061],[-1.42258,50.80019],[-1.42291,50.79996],[-1.41906,50.79903],[-1.41655,50.79913],[-1.41358,50.80018],[-1.41229,50.80007],[-1.41301,50.79949],[-1.41212,50.79992],[-1.4119,50.79894],[-1.41248,50.7988],[-1.41277,50.79928],[-1.41367,50.79905],[-1.41284,50.79909],[-1.41277,50.79849],[-1.41268,50.79884],[-1.41243,50.79868],[-1.41171,50.79882],[-1.41169,50.79807],[-1.41168,50.79776],[-1.41224,50.79783],[-1.41207,50.798],[-1.41208,50.79807],[-1.41213,50.79826],[-1.41217,50.79807],[-1.4122,50.79796],[-1.41277,50.79807],[-1.41288,50.7981],[-1.41272,50.79819],[-1.41283,50.79817],[-1.41295,50.79808],[-1.41308,50.79797],[-1.41277,50.79786],[-1.41251,50.79743],[-1.41259,50.79787],[-1.41291,50.79799],[-1.4124,50.79795],[-1.41231,50.79782],[-1.4122,50.79769],[-1.41186,50.79772],[-1.41228,50.79743],[-1.41147,50.79775],[-1.41198,50.79745],[-1.41145,50.79764],[-1.41148,50.79705],[-1.41348,50.79657],[-1.41303,50.79616],[-1.41313,50.79654],[-1.41162,50.79661],[-1.41163,50.79624],[-1.41205,50.79617],[-1.41167,50.79611],[-1.41221,50.79584],[-1.41172,50.79605],[-1.41169,50.79563],[-1.41256,50.79568],[-1.41175,50.79557],[-1.41166,50.79495],[-1.41221,50.79484],[-1.41254,50.79523],[-1.41238,50.79472],[-1.41293,50.7946],[-1.41159,50.79473],[-1.41135,50.79383],[-1.41167,50.79369],[-1.41194,50.79462],[-1.41236,50.79454],[-1.41262,50.79439],[-1.41203,50.79367],[-1.41308,50.7933],[-1.41112,50.79336],[-1.41185,50.7932],[-1.41139,50.79241],[-1.41041,50.79246],[-1.40986,50.79124],[-1.41078,50.79119],[-1.41091,50.79171],[-1.41098,50.79092],[-1.41089,50.7912],[-1.41077,50.79116],[-1.40983,50.79113],[-1.40965,50.79042],[-1.41035,50.79017],[-1.41063,50.79029],[-1.40998,50.79058],[-1.41017,50.79074],[-1.41077,50.79033],[-1.41123,50.7907],[-1.41151,50.79023],[-1.41132,50.79043],[-1.41063,50.79024],[-1.41174,50.78993],[-1.41202,50.789],[-1.41398,50.78721],[-1.41319,50.78582],[-1.41299,50.78397],[-1.41242,50.78394],[-1.41002,50.78255],[-1.40884,50.78257],[-1.4088,50.78232],[-1.40744,50.78192],[-1.40819,50.78195],[-1.40659,50.78161],[-1.40584,50.78087],[-1.39889,50.77744],[-1.39806,50.7763],[-1.39503,50.77728],[-1.39561,50.77743],[-1.39515,50.77771],[-1.39429,50.77725],[-1.39282,50.77725],[-1.39271,50.77747],[-1.39236,50.77691],[-1.39301,50.77704],[-1.39771,50.77595],[-1.40175,50.77471],[-1.40695,50.77238],[-1.40776,50.77104],[-1.40706,50.77129],[-1.40689,50.77107],[-1.41018,50.77013],[-1.41038,50.76939],[-1.40917,50.77022],[-1.40949,50.76969],[-1.40683,50.77095],[-1.40633,50.77158],[-1.40589,50.77164],[-1.40622,50.77089],[-1.40526,50.77221],[-1.40488,50.77208],[-1.40473,50.77229],[-1.40435,50.77185],[-1.39779,50.77362],[-1.39443,50.77493],[-1.39368,50.77567],[-1.3932,50.77573],[-1.3934,50.77538],[-1.39463,50.77464],[-1.39745,50.7735],[-1.3978,50.77339],[-1.40192,50.77234],[-1.41553,50.76726],[-1.41914,50.76647],[-1.42617,50.76628],[-1.42911,50.76546],[-1.43062,50.76538],[-1.43201,50.76517],[-1.43418,50.76496],[-1.43882,50.7645],[-1.44212,50.76385],[-1.44371,50.76299],[-1.44703,50.76234],[-1.44929,50.76251],[-1.45626,50.76224],[-1.46139,50.76108],[-1.46209,50.76185],[-1.46163,50.76111],[-1.46219,50.76078],[-1.46381,50.76094],[-1.46247,50.76122],[-1.46308,50.76124],[-1.46339,50.7616],[-1.4623,50.76186],[-1.46308,50.76183],[-1.46287,50.76278],[-1.46486,50.76483],[-1.4659,50.76428],[-1.4653,50.76314],[-1.46579,50.76298],[-1.46616,50.76207],[-1.46509,50.7609],[-1.46418,50.76083],[-1.46751,50.75987],[-1.46679,50.75963],[-1.46578,50.75988],[-1.46461,50.76059],[-1.46557,50.75963],[-1.46732,50.75951],[-1.46948,50.75959],[-1.47089,50.75898],[-1.47311,50.7588],[-1.47324,50.75855],[-1.47632,50.75843],[-1.48023,50.75744],[-1.48357,50.75595],[-1.48478,50.75576],[-1.48707,50.75548],[-1.48969,50.75566],[-1.49026,50.75532],[-1.49561,50.75527],[-1.49821,50.75456],[-1.50215,50.75398],[-1.51016,50.75396],[-1.51378,50.75326],[-1.51486,50.7539],[-1.51559,50.7535],[-1.51858,50.75416],[-1.51959,50.75413],[-1.52117,50.75517],[-1.52674,50.75712],[-1.5276,50.75854],[-1.52832,50.75858],[-1.52873,50.75757],[-1.52838,50.75884],[-1.53068,50.75925],[-1.53226,50.76018],[-1.53322,50.76132],[-1.53358,50.76295],[-1.53449,50.76372],[-1.53516,50.76407],[-1.53808,50.76256],[-1.5432,50.7657],[-1.5445,50.76778],[-1.5442,50.76976],[-1.54474,50.77126],[-1.54585,50.77149],[-1.54633,50.77205],[-1.54821,50.77251],[-1.54902,50.773],[-1.55203,50.77246],[-1.5519,50.76983],[-1.55313,50.76752],[-1.555,50.76824],[-1.55603,50.76829],[-1.55711,50.76971],[-1.55757,50.7712],[-1.55904,50.77138],[-1.57407,50.76932],[-1.57909,50.76898],[-1.58586,50.76686],[-1.58248,50.76403],[-1.57777,50.76575],[-1.57615,50.76339],[-1.57584,50.76203],[-1.57315,50.76068],[-1.57357,50.76039],[-1.57271,50.75954],[-1.57383,50.75874],[-1.57306,50.75813],[-1.57267,50.75794],[-1.57199,50.75848],[-1.57145,50.75813],[-1.57169,50.75753],[-1.57028,50.75736],[-1.56917,50.75761],[-1.56172,50.75427],[-1.56901,50.75468],[-1.56972,50.75416],[-1.56639,50.74985],[-1.56699,50.74848],[-1.56527,50.74615],[-1.56926,50.74566],[-1.57105,50.74501],[-1.57172,50.74713],[-1.57369,50.74997],[-1.57706,50.75013],[-1.5772,50.75058],[-1.57947,50.75218],[-1.5806,50.75249],[-1.58222,50.75203],[-1.58319,50.75294],[-1.58416,50.75315],[-1.58485,50.75425],[-1.58766,50.7563],[-1.58795,50.75623],[-1.58848,50.75873],[-1.58944,50.76007],[-1.58947,50.76213],[-1.59009,50.76365],[-1.59808,50.76289],[-1.6006,50.76317],[-1.60726,50.76294],[-1.62031,50.76181],[-1.62057,50.76212],[-1.62127,50.76209],[-1.6218,50.76271],[-1.62237,50.76251],[-1.62294,50.76325],[-1.62864,50.76112],[-1.63041,50.75921],[-1.63183,50.75923],[-1.63172,50.75948],[-1.63321,50.75981],[-1.63338,50.76029],[-1.6351,50.75997],[-1.63723,50.76257],[-1.63746,50.76386],[-1.63678,50.76412],[-1.63692,50.76435],[-1.63777,50.76431],[-1.63885,50.76527],[-1.63801,50.76559],[-1.63756,50.76739],[-1.63777,50.76829],[-1.63892,50.76929],[-1.63987,50.77173],[-1.64976,50.76894],[-1.65918,50.76794],[-1.66556,50.76767],[-1.6685,50.76783],[-1.67095,50.76667],[-1.67514,50.76597],[-1.6793,50.76635],[-1.68185,50.76723],[-1.68289,50.76851],[-1.68469,50.76906],[-1.6864,50.76936],[-1.68838,50.76886],[-1.69131,50.77036],[-1.69336,50.77005],[-1.69344,50.77072],[-1.69375,50.77072],[-1.69238,50.77139],[-1.69375,50.77439],[-1.69297,50.77473],[-1.69545,50.77529],[-1.69606,50.7757],[-1.69779,50.7757],[-1.7,50.77609],[-1.69989,50.77645],[-1.70134,50.77657],[-1.70152,50.77805],[-1.70563,50.77668],[-1.70577,50.77732],[-1.70617,50.77713],[-1.70649,50.77627],[-1.70814,50.77459],[-1.70978,50.77364],[-1.71027,50.77206],[-1.71342,50.7707],[-1.71409,50.77009],[-1.71433,50.76866],[-1.71356,50.76704],[-1.71402,50.76569],[-1.7154,50.76383],[-1.71716,50.7631],[-1.71437,50.75994],[-1.71058,50.75732],[-1.71037,50.75659],[-1.71401,50.75495],[-1.72385,50.75168],[-1.72628,50.75138],[-1.72622,50.75253],[-1.72677,50.75399],[-1.72739,50.75454],[-1.72694,50.75544],[-1.72977,50.75682],[-1.7311,50.75786],[-1.73167,50.75771],[-1.73273,50.75895],[-1.7323,50.76166],[-1.7328,50.76175],[-1.73237,50.76182],[-1.73259,50.76243],[-1.73214,50.76249],[-1.73353,50.76372],[-1.74004,50.76203],[-1.73994,50.76277],[-1.739,50.76317],[-1.73963,50.76523],[-1.74122,50.76717],[-1.74477,50.77318],[-1.74634,50.7735],[-1.74462,50.77558],[-1.74341,50.77621],[-1.74195,50.77522],[-1.74042,50.77563],[-1.73953,50.77627],[-1.73796,50.77652],[-1.73689,50.7772],[-1.73798,50.77859],[-1.73556,50.7794],[-1.73392,50.7804],[-1.73302,50.77982],[-1.73072,50.77706],[-1.73075,50.77648],[-1.72919,50.77632],[-1.72947,50.77709],[-1.72691,50.77783],[-1.72768,50.77897],[-1.72858,50.77915],[-1.72872,50.77956],[-1.72802,50.7801],[-1.72865,50.78136],[-1.72938,50.78211],[-1.72996,50.78177],[-1.73077,50.78251],[-1.72721,50.78641],[-1.72836,50.78638],[-1.72837,50.78684],[-1.73136,50.78688],[-1.73148,50.7864],[-1.73305,50.78569],[-1.73833,50.78446],[-1.74195,50.78464],[-1.7413,50.78332],[-1.74747,50.7816],[-1.74647,50.78284],[-1.74637,50.78506],[-1.74882,50.78506],[-1.7488,50.78555],[-1.75126,50.78569],[-1.75163,50.78723],[-1.75255,50.78711],[-1.75125,50.78885],[-1.75233,50.79033],[-1.75506,50.78961],[-1.7551,50.79346],[-1.75659,50.79603],[-1.75786,50.79671],[-1.76048,50.79691],[-1.76189,50.79776],[-1.76583,50.79852],[-1.76877,50.79772],[-1.76936,50.79678],[-1.77058,50.79815],[-1.77335,50.79819],[-1.77452,50.80003],[-1.77486,50.80183],[-1.77616,50.80177],[-1.77651,50.80369],[-1.77785,50.8041],[-1.77954,50.80396],[-1.77968,50.80494],[-1.78107,50.80476],[-1.78278,50.80407],[-1.78392,50.80235],[-1.78782,50.80043],[-1.78822,50.80163],[-1.78907,50.80178],[-1.79188,50.80339],[-1.79591,50.80412],[-1.79785,50.80486],[-1.80117,50.80502],[-1.80244,50.8074],[-1.80265,50.80991],[-1.80347,50.80998],[-1.80039,50.81425],[-1.79671,50.81421],[-1.79268,50.81484],[-1.79074,50.81463],[-1.79061,50.81287],[-1.78894,50.81077],[-1.78588,50.81126],[-1.78556,50.80983],[-1.77983,50.80938],[-1.78021,50.81043],[-1.7782,50.81494],[-1.77907,50.81507],[-1.77873,50.8162],[-1.77685,50.81647],[-1.77288,50.81606],[-1.7703,50.8164],[-1.76924,50.81681],[-1.76904,50.81731],[-1.77032,50.81921],[-1.76896,50.82026],[-1.76972,50.82222],[-1.76979,50.82411],[-1.76877,50.82468],[-1.76922,50.82591],[-1.76851,50.83413],[-1.7679,50.83478],[-1.76802,50.83569],[-1.76718,50.83693],[-1.76299,50.83989],[-1.76234,50.84235],[-1.76269,50.84427],[-1.76325,50.84504],[-1.76297,50.84599],[-1.76362,50.84643],[-1.76514,50.84899],[-1.7645,50.84922],[-1.76556,50.85019],[-1.76523,50.8552],[-1.76602,50.85588],[-1.76582,50.85767],[-1.7661,50.85801],[-1.76687,50.85793],[-1.76668,50.85923],[-1.76746,50.8594],[-1.76933,50.85888],[-1.76999,50.8613],[-1.77065,50.86176],[-1.77154,50.8648],[-1.77204,50.8652],[-1.77171,50.86584],[-1.77196,50.86844],[-1.77362,50.86994],[-1.77427,50.87123],[-1.77475,50.8711],[-1.77491,50.8715],[-1.77542,50.87158],[-1.7754,50.8722],[-1.77336,50.87194],[-1.77201,50.87391],[-1.77233,50.87411],[-1.77465,50.8739],[-1.77451,50.87462],[-1.77538,50.87502],[-1.77522,50.87588],[-1.77623,50.87902],[-1.77249,50.87943],[-1.77313,50.8804],[-1.77358,50.88351],[-1.7747,50.88351],[-1.77464,50.88411],[-1.77385,50.88407],[-1.77378,50.88524],[-1.77664,50.88517],[-1.77665,50.8862],[-1.77744,50.88618],[-1.77754,50.88759],[-1.77493,50.88766],[-1.77496,50.88912],[-1.77266,50.88924],[-1.7727,50.88974],[-1.77206,50.8898],[-1.77163,50.89152],[-1.77274,50.89154],[-1.77298,50.89261],[-1.77257,50.89263],[-1.77269,50.89384],[-1.77137,50.89393],[-1.77179,50.895],[-1.77121,50.89523],[-1.77219,50.89567],[-1.77343,50.89879],[-1.7733,50.90109],[-1.77507,50.90113],[-1.77418,50.90302],[-1.77336,50.90355],[-1.77343,50.90399],[-1.77445,50.90438],[-1.77318,50.90664],[-1.77299,50.90736],[-1.77347,50.90743],[-1.77346,50.90803],[-1.77174,50.90783],[-1.77164,50.90838],[-1.7716,50.91035],[-1.77213,50.91041],[-1.77262,50.91174],[-1.77283,50.91549],[-1.77441,50.9217],[-1.77471,50.9247],[-1.77441,50.92783],[-1.77045,50.92879],[-1.76765,50.92915],[-1.76699,50.92991],[-1.76697,50.93112],[-1.76748,50.93273],[-1.76908,50.93411],[-1.77199,50.9348],[-1.77419,50.9369],[-1.77888,50.93778],[-1.78081,50.93852],[-1.78338,50.94045],[-1.78362,50.94129],[-1.78407,50.94131],[-1.78276,50.94391],[-1.78249,50.9454],[-1.78099,50.94793],[-1.78046,50.9486],[-1.77977,50.94847],[-1.77788,50.95056],[-1.76811,50.96681],[-1.76579,50.96925],[-1.76357,50.96954],[-1.76384,50.96921],[-1.76094,50.96915],[-1.76042,50.96968],[-1.75743,50.9694],[-1.75717,50.97075],[-1.75467,50.97341],[-1.75344,50.97537],[-1.75418,50.97789],[-1.74997,50.97795],[-1.74897,50.97548],[-1.74617,50.97518],[-1.74645,50.97396],[-1.74206,50.97306],[-1.73994,50.97331],[-1.73651,50.97325],[-1.7365,50.97382],[-1.73711,50.97391],[-1.73743,50.97461],[-1.73663,50.9764],[-1.73375,50.97641],[-1.73082,50.97723],[-1.72586,50.97737],[-1.72282,50.97705],[-1.71958,50.97711],[-1.71967,50.97611],[-1.71912,50.97584],[-1.71716,50.97614],[-1.71747,50.98115],[-1.71838,50.9812],[-1.71838,50.98264],[-1.71654,50.98795],[-1.71701,50.98929],[-1.71358,50.99017],[-1.71517,50.9906],[-1.71542,50.99081],[-1.71495,50.99113],[-1.71552,50.99139],[-1.71353,50.99139],[-1.71381,50.99077],[-1.7132,50.99063],[-1.71224,50.99101],[-1.71212,50.99062],[-1.71131,50.99065],[-1.71132,50.99031],[-1.70131,50.98938],[-1.6992,50.9889],[-1.69692,50.98906],[-1.6934,50.99029],[-1.69265,50.99132],[-1.69258,50.99225],[-1.69113,50.99318],[-1.69054,50.99424],[-1.68756,50.99577],[-1.68642,50.99478],[-1.68493,50.99511],[-1.6827,50.99509],[-1.68058,50.9958],[-1.67638,50.99801],[-1.67071,50.99901],[-1.66645,50.9988],[-1.66494,50.99846],[-1.66387,50.99931],[-1.6636,50.9985],[-1.66282,50.99806],[-1.66074,50.9978],[-1.65821,50.99813],[-1.65798,50.99826],[-1.66016,51.00014],[-1.65695,51.00183],[-1.65626,51.00267],[-1.65473,51.00344],[-1.65394,51.00505],[-1.65046,51.0055],[-1.65017,51.00427]]]]}},{"type":"Feature","properties":{"name":"South Downs","kind":"national_park"},"geometry":{"type":"MultiPolygon","coordinates":[[[[-0.52606,50.86704],[-0.52933,50.86543],[-0.52958,50.86555],[-0.52946,50.86532],[-0.53135,50.86446],[-0.53291,50.86452],[-0.53945,50.86591],[-0.53727,50.86639],[-0.53605,50.86764],[-0.53573,50.87241],[-0.53693,50.87374],[-0.53231,50.87342],[-0.52791,50.87062],[-0.52591,50.86858],[-0.52606,50.86704]]],[[[-0.54363,50.89687],[-0.54422,50.89625],[-0.54412,50.8968],[-0.54363,50.89687]]],[[[0.01236,50.89229],[0.01593,50.88899],[0.01586,50.88778],[0.01161,50.8867],[0.0108,50.88685],[0.01049,50.88769],[0.00919,50.88848],[0.00567,50.88914],[0.00285,50.88922],[0.00146,50.88887],[0.00046,50.88924],[0.00028,50.88956],[0.00841,50.8945],[0.00956,50.89515],[0.0104,50.89366],[0.01058,50.8933],[0.01061,50.89328],[0.01062,50.89326],[0.01083,50.89317],[0.01206,50.89255],[0.01236,50.89229]]],[[[0.04592,50.8982],[0.04666,50.89812],[0.04676,50.89839],[0.05029,50.89788],[0.05259,50.89683],[0.05366,50.8958],[0.05329,50.89489],[0.05217,50.89399],[0.05284,50.89363],[0.0526,50.89319],[0.05327,50.89313],[0.05301,50.89241],[0.05189,50.89267],[0.04944,50.89058],[0.05158,50.8899],[0.04787,50.8868],[0.04901,50.88589],[0.0525,50.88689],[0.05512,50.88838],[0.05751,50.88881],[0.05817,50.88857],[0.06045,50.89025],[0.06402,50.89055],[0.06647,50.89001],[0.07173,50.88955],[0.07561,50.8902],[0.07659,50.8893],[0.07537,50.88689],[0.0772,50.8867],[0.07749,50.88398],[0.07793,50.88347],[0.08484,50.88058],[0.08366,50.87868],[0.08716,50.87766],[0.09151,50.87874],[0.09107,50.8782],[0.0929,50.87798],[0.09241,50.87705],[0.0911,50.87667],[0.08927,50.87375],[0.09192,50.87414],[0.09674,50.87428],[0.09668,50.87172],[0.08862,50.86653],[0.08139,50.86385],[0.07787,50.86089],[0.0759,50.85994],[0.07428,50.85952],[0.07056,50.85924],[0.07072,50.85898],[0.07026,50.8587],[0.07094,50.8584],[0.07113,50.85762],[0.0719,50.85714],[0.07166,50.85683],[0.0747,50.85631],[0.07704,50.85395],[0.10355,50.85304],[0.10663,50.85265],[0.10951,50.85187],[0.12638,50.84546],[0.13299,50.84342],[0.13739,50.84051],[0.13675,50.83999],[0.13856,50.83919],[0.13901,50.83959],[0.14088,50.83473],[0.15809,50.82766],[0.16086,50.82677],[0.17696,50.82426],[0.18318,50.82433],[0.1951,50.82255],[0.20066,50.82204],[0.21687,50.82088],[0.22163,50.82138],[0.22866,50.82129],[0.228,50.81948],[0.23176,50.81943],[0.23185,50.81885],[0.2337,50.81884],[0.23401,50.81936],[0.2368,50.819],[0.23599,50.81745],[0.23673,50.81729],[0.2354,50.81616],[0.23797,50.81637],[0.23514,50.81288],[0.23531,50.81163],[0.23085,50.81111],[0.23178,50.8098],[0.23159,50.8095],[0.23335,50.80763],[0.23498,50.80842],[0.23635,50.80746],[0.23705,50.80781],[0.23875,50.80628],[0.24007,50.8056],[0.23982,50.80545],[0.24117,50.80508],[0.24081,50.80454],[0.24301,50.80401],[0.24415,50.80531],[0.24606,50.80541],[0.24584,50.80477],[0.24724,50.80409],[0.24622,50.80307],[0.24925,50.80156],[0.24832,50.80084],[0.24908,50.80015],[0.24859,50.79987],[0.24934,50.79962],[0.24984,50.79882],[0.24871,50.79794],[0.24765,50.79776],[0.24805,50.79579],[0.24856,50.79559],[0.24769,50.7952],[0.24529,50.79522],[0.24466,50.79467],[0.24479,50.79427],[0.24882,50.79338],[0.24798,50.79321],[0.24502,50.79383],[0.24503,50.7933],[0.24626,50.79272],[0.24605,50.79199],[0.24644,50.7917],[0.24446,50.79146],[0.24529,50.79022],[0.24574,50.79013],[0.25035,50.78961],[0.25242,50.79007],[0.25323,50.7887],[0.25244,50.78857],[0.25306,50.78794],[0.24958,50.78459],[0.24948,50.78403],[0.25003,50.78385],[0.24911,50.78296],[0.24852,50.78295],[0.24858,50.78255],[0.24771,50.78275],[0.24698,50.78234],[0.24421,50.78185],[0.24428,50.78146],[0.2456,50.78132],[0.24631,50.77738],[0.24766,50.77669],[0.24945,50.77672],[0.24941,50.777],[0.25155,50.77682],[0.25241,50.7752],[0.25015,50.77488],[0.24947,50.7741],[0.24865,50.77258],[0.2486,50.77102],[0.24909,50.77011],[0.25059,50.76987],[0.25223,50.77042],[0.25518,50.77035],[0.25331,50.76994],[0.25383,50.76922],[0.25121,50.76823],[0.25111,50.76764],[0.25044,50.76731],[0.25071,50.76708],[0.25224,50.76711],[0.25432,50.76764],[0.25555,50.76534],[0.25642,50.7649],[0.2574,50.76489],[0.27061,50.76837],[0.27044,50.7678],[0.27119,50.76766],[0.27158,50.76693],[0.27244,50.76649],[0.26856,50.76528],[0.26934,50.76292],[0.26592,50.76215],[0.26215,50.75978],[0.25651,50.75841],[0.25513,50.75877],[0.25386,50.75867],[0.25282,50.75749],[0.25469,50.75598],[0.25729,50.75522],[0.26311,50.75679],[0.25929,50.75515],[0.25888,50.75382],[0.25959,50.75362],[0.26125,50.75185],[0.26637,50.75257],[0.26796,50.75076],[0.2693,50.75097],[0.26892,50.75171],[0.27064,50.75177],[0.2678,50.7487],[0.26662,50.74756],[0.26562,50.74659],[0.26216,50.74041],[0.26046,50.73864],[0.2581,50.73759],[0.25266,50.73734],[0.25012,50.73668],[0.24844,50.73661],[0.24338,50.73518],[0.2416,50.73503],[0.241,50.73443],[0.23989,50.73443],[0.23509,50.7356],[0.22657,50.73622],[0.2233,50.73696],[0.21809,50.73707],[0.21467,50.73797],[0.20996,50.73849],[0.20716,50.73905],[0.20461,50.74003],[0.19977,50.74334],[0.19138,50.7471],[0.18714,50.74844],[0.18208,50.74958],[0.17934,50.74972],[0.17629,50.75108],[0.17346,50.75158],[0.17288,50.7514],[0.17053,50.75272],[0.16704,50.75359],[0.16678,50.75391],[0.16512,50.75408],[0.16341,50.75483],[0.15783,50.75603],[0.15414,50.75763],[0.14894,50.75906],[0.1488,50.75922],[0.14798,50.76036],[0.14812,50.76104],[0.14858,50.76066],[0.14839,50.76124],[0.14796,50.76112],[0.14793,50.76139],[0.14851,50.7632],[0.15031,50.7655],[0.15025,50.76643],[0.14654,50.77334],[0.14608,50.77417],[0.14404,50.77524],[0.14213,50.77691],[0.14212,50.77736],[0.14314,50.77803],[0.14191,50.77871],[0.14303,50.77987],[0.14319,50.78003],[0.14373,50.78079],[0.14492,50.78217],[0.14498,50.78224],[0.14551,50.78301],[0.14554,50.78304],[0.14796,50.78553],[0.14697,50.78653],[0.14744,50.78785],[0.14449,50.78964],[0.14453,50.79033],[0.14946,50.79201],[0.15073,50.79206],[0.15271,50.79148],[0.15415,50.79172],[0.15493,50.79312],[0.15733,50.79398],[0.15757,50.79572],[0.15842,50.79659],[0.15637,50.79718],[0.15683,50.7981],[0.15642,50.79909],[0.15409,50.79974],[0.15336,50.80059],[0.1569,50.80532],[0.15912,50.80574],[0.15955,50.80677],[0.15878,50.80802],[0.161,50.81042],[0.1621,50.81103],[0.16298,50.81374],[0.16423,50.81434],[0.16381,50.81518],[0.16439,50.81553],[0.16461,50.81549],[0.1649,50.81544],[0.16475,50.81576],[0.1643,50.81563],[0.1642,50.8156],[0.16363,50.81523],[0.16404,50.81433],[0.16285,50.81379],[0.16211,50.81123],[0.16105,50.8107],[0.15868,50.80812],[0.15873,50.80743],[0.15944,50.80668],[0.15887,50.80583],[0.15699,50.80551],[0.15593,50.80458],[0.15321,50.80057],[0.15377,50.79979],[0.15638,50.79876],[0.15664,50.79811],[0.15623,50.79712],[0.15811,50.79647],[0.15739,50.79574],[0.1571,50.79405],[0.15469,50.79314],[0.15411,50.79186],[0.15274,50.79159],[0.15111,50.79214],[0.14983,50.79218],[0.14493,50.79074],[0.14422,50.79029],[0.14412,50.78977],[0.1472,50.78778],[0.14712,50.78755],[0.14673,50.78653],[0.14774,50.7854],[0.14558,50.78356],[0.1425,50.77988],[0.14163,50.77884],[0.14175,50.77841],[0.1428,50.77803],[0.14191,50.77761],[0.14168,50.77711],[0.14367,50.77519],[0.14585,50.77403],[0.14994,50.76612],[0.148,50.76382],[0.14757,50.76155],[0.14739,50.76063],[0.14739,50.76044],[0.14739,50.76028],[0.14853,50.7588],[0.1464,50.75913],[0.1413,50.75656],[0.13791,50.75585],[0.13343,50.75638],[0.13045,50.75719],[0.12525,50.75766],[0.12396,50.75818],[0.12391,50.75818],[0.12197,50.7583],[0.11839,50.75997],[0.11499,50.761],[0.11325,50.76256],[0.11177,50.76277],[0.11022,50.7639],[0.10899,50.76379],[0.10893,50.76384],[0.10907,50.76403],[0.10846,50.76464],[0.10899,50.76461],[0.10909,50.76502],[0.10965,50.76511],[0.11052,50.76421],[0.111,50.7643],[0.11082,50.76464],[0.11281,50.76518],[0.11283,50.7658],[0.11501,50.76582],[0.11514,50.76699],[0.11278,50.7671],[0.11328,50.76869],[0.12275,50.76826],[0.12287,50.76613],[0.12519,50.76631],[0.1252,50.76579],[0.12911,50.76575],[0.12907,50.76646],[0.13142,50.7663],[0.13167,50.76822],[0.13343,50.76813],[0.13346,50.76837],[0.13291,50.76842],[0.133,50.76889],[0.13189,50.76918],[0.13144,50.77328],[0.13235,50.77331],[0.13234,50.77417],[0.13293,50.77414],[0.13295,50.7748],[0.13244,50.77618],[0.13178,50.77616],[0.13148,50.7769],[0.13111,50.78306],[0.12973,50.7847],[0.12952,50.78487],[0.12852,50.78442],[0.12656,50.78304],[0.12545,50.78286],[0.12348,50.78492],[0.12203,50.78461],[0.12176,50.78513],[0.12055,50.78491],[0.12046,50.78538],[0.11953,50.78529],[0.11932,50.78607],[0.11531,50.78588],[0.11546,50.78476],[0.11424,50.78476],[0.11387,50.78681],[0.11007,50.78651],[0.10914,50.78755],[0.10955,50.78786],[0.10928,50.7885],[0.10866,50.78856],[0.1083,50.78806],[0.10732,50.78853],[0.10546,50.79008],[0.10499,50.79126],[0.09861,50.78628],[0.08968,50.78153],[0.08783,50.78313],[0.08579,50.78319],[0.0846,50.78261],[0.07997,50.7831],[0.08252,50.78497],[0.08399,50.78552],[0.08138,50.78688],[0.081,50.78661],[0.07781,50.79009],[0.07562,50.7904],[0.07114,50.78869],[0.07634,50.78392],[0.07613,50.78199],[0.07719,50.78043],[0.07635,50.77952],[0.07149,50.78116],[0.0703,50.78157],[0.06676,50.7824],[0.06682,50.7829],[0.06962,50.78533],[0.06344,50.78682],[0.0635,50.78789],[0.06476,50.78874],[0.06353,50.78909],[0.06279,50.79019],[0.06062,50.79491],[0.06101,50.79499],[0.05923,50.79723],[0.06152,50.79821],[0.06297,50.79814],[0.06391,50.79846],[0.06495,50.79824],[0.06758,50.79953],[0.07277,50.80142],[0.0719,50.80205],[0.07018,50.80141],[0.06848,50.80313],[0.06579,50.80319],[0.0654,50.80353],[0.06615,50.80408],[0.06658,50.80385],[0.0678,50.80411],[0.07009,50.80552],[0.06949,50.80682],[0.06806,50.80792],[0.06127,50.80551],[0.05855,50.80568],[0.05813,50.80644],[0.05832,50.80722],[0.05898,50.80775],[0.05609,50.80896],[0.05607,50.80935],[0.05654,50.8091],[0.05731,50.80997],[0.05668,50.81019],[0.05741,50.81137],[0.05731,50.8131],[0.05656,50.81288],[0.05655,50.81331],[0.05489,50.81426],[0.05374,50.81379],[0.05339,50.81433],[0.05417,50.81567],[0.05645,50.81701],[0.05333,50.81584],[0.05112,50.81608],[0.05012,50.81498],[0.04931,50.81522],[0.04838,50.81493],[0.04754,50.81397],[0.05245,50.81099],[0.05472,50.80789],[0.05409,50.80573],[0.05212,50.80439],[0.05186,50.80358],[0.05023,50.80321],[0.05056,50.80261],[0.04984,50.80255],[0.04852,50.80344],[0.04818,50.80344],[0.04787,50.80443],[0.04541,50.80646],[0.04451,50.80862],[0.04334,50.80957],[0.04202,50.80992],[0.03859,50.80971],[0.03634,50.81033],[0.03402,50.81054],[0.03098,50.81439],[0.02806,50.81479],[0.02714,50.81521],[0.0268,50.81685],[0.02851,50.82191],[0.02621,50.83103],[0.02621,50.83106],[0.02643,50.83306],[0.02708,50.83426],[0.02802,50.83505],[0.03047,50.83604],[0.03191,50.83952],[0.03326,50.8415],[0.03313,50.84362],[0.03393,50.84507],[0.03477,50.84546],[0.0366,50.84512],[0.03768,50.84535],[0.03856,50.84617],[0.03883,50.84714],[0.04347,50.85125],[0.04722,50.85354],[0.04903,50.85388],[0.0489,50.85414],[0.04696,50.85359],[0.04436,50.85204],[0.03845,50.84728],[0.0376,50.84854],[0.03486,50.8505],[0.03083,50.85604],[0.02732,50.85757],[0.02369,50.86107],[0.02115,50.86241],[0.02053,50.86363],[0.02069,50.86452],[0.02256,50.86535],[0.02391,50.86609],[0.02419,50.86777],[0.02411,50.87007],[0.02302,50.87169],[0.01686,50.87328],[0.01623,50.8739],[0.01616,50.8759],[0.01575,50.87635],[0.01012,50.87923],[0.00607,50.87993],[0.00488,50.88132],[0.001,50.88367],[0.00081,50.88484],[-0.0016,50.88607],[-0.00238,50.88702],[1e-05,50.88911],[0.00138,50.88865],[0.00281,50.88901],[0.00518,50.88897],[0.00916,50.88829],[0.01003,50.88776],[0.01048,50.88677],[0.01131,50.88649],[0.01463,50.88725],[0.0158,50.88753],[0.01628,50.88808],[0.01624,50.88906],[0.01623,50.88907],[0.01833,50.88974],[0.02044,50.88865],[0.0255,50.88818],[0.02671,50.8911],[0.02853,50.89252],[0.03357,50.8949],[0.03709,50.89705],[0.04238,50.89924],[0.04577,50.89861],[0.04558,50.89828],[0.04592,50.8982]]],[[[-0.09695,50.94222],[-0.09748,50.9406],[-0.09569,50.93973],[-0.09647,50.93849],[-0.09481,50.93809],[-0.09584,50.93659],[-0.0941,50.93588],[-0.09461,50.93447],[-0.09507,50.9347],[-0.09549,50.93444],[-0.09606,50.93368],[-0.09557,50.93351],[-0.09597,50.93305],[-0.0972,50.93304],[-0.09767,50.93201],[-0.09595,50.93162],[-0.09653,50.92949],[-0.09242,50.92933],[-0.09377,50.92774],[-0.08994,50.92694],[-0.08804,50.92683],[-0.08711,50.92702],[-0.08675,50.92866],[-0.08481,50.92847],[-0.08499,50.92811],[-0.08114,50.92726],[-0.08102,50.92693],[-0.07881,50.92693],[-0.07878,50.92621],[-0.07788,50.92693],[-0.07566,50.92721],[-0.07529,50.9265],[-0.07379,50.92654],[-0.07483,50.92494],[-0.07459,50.92254],[-0.0725,50.92278],[-0.0675,50.92259],[-0.06738,50.92141],[-0.06687,50.92145],[-0.06681,50.92112],[-0.06564,50.92079],[-0.06519,50.92079],[-0.06498,50.92141],[-0.06187,50.92132],[-0.06097,50.92127],[-0.06071,50.92057],[-0.05989,50.92053],[-0.05984,50.921],[-0.05627,50.92081],[-0.05553,50.9215],[-0.05447,50.92134],[-0.05542,50.92082],[-0.05511,50.92044],[-0.05217,50.92216],[-0.05198,50.92235],[-0.0529,50.92266],[-0.05276,50.9229],[-0.04937,50.92539],[-0.03695,50.92168],[-0.02494,50.91621],[-0.02033,50.91312],[-0.00962,50.90377],[-0.01019,50.90249],[-0.01153,50.90296],[-0.01216,50.90199],[-0.01181,50.89978],[-0.01141,50.8997],[-0.01034,50.90123],[-0.00856,50.90111],[-0.00722,50.90169],[-0.00477,50.89818],[-0.00318,50.89387],[-0.00019,50.89576],[0.0034,50.89896],[0.00549,50.89797],[0.00513,50.89767],[0.00567,50.89732],[0.00458,50.89695],[0.00526,50.89622],[0.00535,50.89544],[0.00665,50.89488],[0.00514,50.89442],[0.00623,50.89332],[-0.00067,50.8892],[-0.00279,50.88743],[-0.00206,50.88604],[0.00036,50.88472],[0.00075,50.88372],[0.00089,50.88336],[0.0045,50.88105],[0.00577,50.87985],[0.00701,50.87937],[0.01035,50.87886],[0.01308,50.87723],[0.01542,50.87628],[0.01587,50.87561],[0.01596,50.87392],[0.01663,50.87319],[0.02237,50.87158],[0.02337,50.8707],[0.02383,50.86924],[0.02368,50.86665],[0.02337,50.86604],[0.02253,50.86561],[0.02242,50.86558],[0.02091,50.86515],[0.02012,50.86423],[0.02042,50.86278],[0.02146,50.86178],[0.02348,50.86083],[0.02706,50.85725],[0.03026,50.85598],[0.0339,50.851],[0.03554,50.84936],[0.03746,50.84811],[0.03815,50.84666],[0.03789,50.84597],[0.03716,50.84552],[0.03452,50.84575],[0.0336,50.84534],[0.03265,50.84379],[0.03271,50.84142],[0.03118,50.83928],[0.03008,50.8364],[0.02952,50.83591],[0.02742,50.83533],[0.02606,50.83355],[0.02568,50.83097],[0.02793,50.82177],[0.02625,50.81711],[0.02638,50.81525],[0.02719,50.81463],[0.03042,50.81379],[0.03416,50.80962],[0.03598,50.80989],[0.0384,50.80928],[0.04211,50.80938],[0.0431,50.8091],[0.0439,50.80835],[0.04474,50.80615],[0.04632,50.80452],[0.04697,50.80319],[0.04573,50.80276],[0.04541,50.80235],[0.04474,50.80275],[0.04447,50.80242],[0.04247,50.80228],[0.04207,50.80186],[0.03993,50.80247],[0.03666,50.80087],[0.03792,50.79983],[0.04216,50.7985],[0.0404,50.79641],[0.03879,50.79619],[0.03615,50.79468],[0.03251,50.79165],[0.03256,50.79123],[0.03466,50.79025],[0.033,50.78961],[0.03047,50.79037],[0.02784,50.79074],[0.0281,50.79161],[0.02697,50.79175],[0.026,50.79152],[0.02082,50.79322],[0.02077,50.7935],[0.01932,50.7937],[0.01942,50.79404],[0.01885,50.7941],[0.01918,50.79594],[0.02085,50.79753],[0.0131,50.79983],[0.01341,50.80164],[0.00944,50.80231],[0.01186,50.80611],[0.01307,50.80617],[0.01395,50.8073],[0.0139,50.80772],[0.01264,50.80796],[0.01263,50.80828],[0.01375,50.8091],[0.01417,50.81007],[0.01395,50.81077],[0.00903,50.81144],[0.00809,50.81128],[0.00805,50.81227],[0.00569,50.81218],[0.00573,50.81122],[0.00235,50.8112],[-0.00328,50.8063],[-0.00654,50.80696],[-0.00994,50.80239],[-0.011,50.80273],[-0.01274,50.80116],[-0.01338,50.80013],[-0.01272,50.79993],[-0.01371,50.79869],[-0.01783,50.79955],[-0.01813,50.79916],[-0.02173,50.80014],[-0.02286,50.79618],[-0.02648,50.79712],[-0.02715,50.79608],[-0.02862,50.79653],[-0.03048,50.79726],[-0.03095,50.79733],[-0.02944,50.79905],[-0.02421,50.80213],[-0.02005,50.80725],[-0.02254,50.80787],[-0.02373,50.80775],[-0.02638,50.8069],[-0.02873,50.80541],[-0.02919,50.80562],[-0.03113,50.80479],[-0.03185,50.80477],[-0.03148,50.80516],[-0.03217,50.80549],[-0.03319,50.80462],[-0.03474,50.8056],[-0.03381,50.80595],[-0.03465,50.80702],[-0.03233,50.80806],[-0.0306,50.81023],[-0.0301,50.80995],[-0.0276,50.80983],[-0.02801,50.81072],[-0.02451,50.81175],[-0.02419,50.81194],[-0.02494,50.81244],[-0.02417,50.81294],[-0.02341,50.81257],[-0.02286,50.81309],[-0.02229,50.81301],[-0.02236,50.81332],[-0.02304,50.81359],[-0.02333,50.81342],[-0.02445,50.81402],[-0.02941,50.81246],[-0.03218,50.81329],[-0.03407,50.81327],[-0.03228,50.81538],[-0.03306,50.81568],[-0.03345,50.81532],[-0.0347,50.81583],[-0.0365,50.81426],[-0.0354,50.81347],[-0.03606,50.8125],[-0.03775,50.81185],[-0.039,50.81222],[-0.04259,50.81105],[-0.0453,50.8115],[-0.04744,50.80848],[-0.04785,50.80581],[-0.04859,50.8058],[-0.04868,50.80528],[-0.05301,50.80508],[-0.05348,50.8066],[-0.05474,50.80733],[-0.05428,50.80763],[-0.0538,50.80729],[-0.05041,50.80951],[-0.04999,50.80927],[-0.05008,50.80986],[-0.04704,50.81193],[-0.04798,50.81237],[-0.04956,50.81111],[-0.05148,50.81199],[-0.05482,50.8098],[-0.05647,50.81098],[-0.05781,50.81016],[-0.05973,50.80969],[-0.06162,50.8119],[-0.06407,50.81625],[-0.06523,50.81971],[-0.06745,50.82155],[-0.06775,50.82241],[-0.06995,50.82243],[-0.06977,50.8228],[-0.07094,50.82335],[-0.07208,50.82101],[-0.07326,50.82063],[-0.07443,50.81921],[-0.07633,50.81981],[-0.07857,50.81854],[-0.08028,50.81821],[-0.08111,50.81835],[-0.07787,50.81723],[-0.07674,50.81644],[-0.07821,50.81546],[-0.07758,50.81468],[-0.07673,50.81498],[-0.07651,50.81475],[-0.075,50.81534],[-0.07117,50.81127],[-0.07047,50.81138],[-0.07015,50.8119],[-0.06637,50.81264],[-0.06523,50.81252],[-0.06476,50.81074],[-0.06255,50.81122],[-0.06208,50.81044],[-0.06256,50.81027],[-0.06236,50.80997],[-0.06187,50.8101],[-0.06018,50.80739],[-0.06238,50.80702],[-0.06115,50.80506],[-0.06256,50.8048],[-0.06248,50.8043],[-0.06308,50.80386],[-0.05708,50.80228],[-0.05725,50.80199],[-0.05738,50.80207],[-0.05788,50.80186],[-0.05863,50.80239],[-0.05919,50.80233],[-0.06482,50.80439],[-0.0682,50.80527],[-0.0687,50.80496],[-0.06857,50.80518],[-0.06998,50.80575],[-0.07042,50.80588],[-0.07067,50.80554],[-0.0736,50.80689],[-0.07993,50.80848],[-0.08548,50.81027],[-0.08689,50.81034],[-0.08806,50.81093],[-0.09208,50.81178],[-0.09259,50.81176],[-0.09378,50.80991],[-0.09381,50.80989],[-0.09247,50.81199],[-0.08911,50.81121],[-0.0879,50.81345],[-0.08768,50.8153],[-0.09142,50.81595],[-0.09195,50.81642],[-0.09218,50.81619],[-0.09401,50.81674],[-0.09581,50.81663],[-0.09715,50.81611],[-0.09925,50.81653],[-0.10044,50.81633],[-0.10354,50.81709],[-0.10018,50.81717],[-0.0984,50.81768],[-0.09648,50.81893],[-0.09577,50.82069],[-0.09508,50.82089],[-0.09422,50.82249],[-0.09458,50.82245],[-0.09487,50.82384],[-0.09397,50.82393],[-0.09444,50.82534],[-0.09597,50.82653],[-0.09569,50.82756],[-0.09391,50.82773],[-0.09368,50.8288],[-0.09274,50.82902],[-0.09214,50.83029],[-0.09214,50.83143],[-0.09263,50.83197],[-0.09502,50.83279],[-0.09688,50.83261],[-0.09845,50.8316],[-0.0996,50.83171],[-0.09944,50.83253],[-0.10024,50.83442],[-0.09744,50.83395],[-0.09733,50.83418],[-0.09372,50.83443],[-0.09168,50.83343],[-0.0913,50.83376],[-0.0902,50.83341],[-0.087,50.83445],[-0.08549,50.83183],[-0.08335,50.8316],[-0.08184,50.83252],[-0.07792,50.83333],[-0.07794,50.83366],[-0.07734,50.83367],[-0.07698,50.83616],[-0.07548,50.83655],[-0.07503,50.83309],[-0.07329,50.83122],[-0.07244,50.8282],[-0.07105,50.82699],[-0.06748,50.82669],[-0.06745,50.82431],[-0.0679,50.82421],[-0.06785,50.8239],[-0.06694,50.82392],[-0.06662,50.82337],[-0.06329,50.82452],[-0.06047,50.82775],[-0.059,50.82812],[-0.05853,50.83004],[-0.05863,50.83572],[-0.05947,50.83697],[-0.06059,50.83776],[-0.06105,50.83747],[-0.06249,50.83839],[-0.06316,50.83836],[-0.06705,50.84003],[-0.0708,50.84044],[-0.07513,50.84029],[-0.07524,50.83983],[-0.07676,50.83981],[-0.08349,50.83735],[-0.08378,50.83774],[-0.08906,50.83627],[-0.0926,50.83561],[-0.09463,50.8374],[-0.09606,50.83666],[-0.0957,50.83623],[-0.09651,50.83586],[-0.09636,50.83562],[-0.09928,50.83551],[-0.09961,50.83512],[-0.1039,50.83586],[-0.1034,50.83988],[-0.1027,50.84025],[-0.10157,50.83965],[-0.10102,50.83984],[-0.10039,50.83887],[-0.10052,50.8383],[-0.10134,50.83825],[-0.10109,50.83733],[-0.1003,50.83672],[-0.09881,50.83639],[-0.09831,50.8392],[-0.09679,50.84024],[-0.09501,50.84065],[-0.09189,50.83908],[-0.0891,50.84026],[-0.08851,50.84094],[-0.08985,50.84149],[-0.08877,50.84291],[-0.08779,50.84338],[-0.08761,50.84396],[-0.09565,50.84503],[-0.09896,50.846],[-0.09967,50.84573],[-0.10013,50.845],[-0.10019,50.84257],[-0.10127,50.84205],[-0.10305,50.84312],[-0.10481,50.84342],[-0.10555,50.8434],[-0.10851,50.84218],[-0.10942,50.84213],[-0.11039,50.84248],[-0.11122,50.84341],[-0.11136,50.84364],[-0.11038,50.84406],[-0.10973,50.84309],[-0.10878,50.84278],[-0.10706,50.84481],[-0.10639,50.84674],[-0.10534,50.84663],[-0.10484,50.84764],[-0.10339,50.84795],[-0.10201,50.84924],[-0.10209,50.85023],[-0.10094,50.85129],[-0.10168,50.85174],[-0.10064,50.8533],[-0.09804,50.85416],[-0.09731,50.85502],[-0.09505,50.85412],[-0.09439,50.85463],[-0.09658,50.8555],[-0.09794,50.85571],[-0.09257,50.85744],[-0.09195,50.85731],[-0.09157,50.85563],[-0.08836,50.85587],[-0.08404,50.85704],[-0.08525,50.85935],[-0.08387,50.8596],[-0.08338,50.85926],[-0.08335,50.85987],[-0.08379,50.86012],[-0.08335,50.86043],[-0.07885,50.86111],[-0.07965,50.86226],[-0.0783,50.86325],[-0.07842,50.86379],[-0.0804,50.86407],[-0.08126,50.86506],[-0.08066,50.86526],[-0.08031,50.86486],[-0.07804,50.86553],[-0.07816,50.86593],[-0.07756,50.86601],[-0.07769,50.86644],[-0.07919,50.86704],[-0.0809,50.8694],[-0.08252,50.86917],[-0.08219,50.8684],[-0.08366,50.8681],[-0.08637,50.87112],[-0.08641,50.87164],[-0.08824,50.87142],[-0.08708,50.87326],[-0.08869,50.87378],[-0.09086,50.87299],[-0.09191,50.87115],[-0.09154,50.86875],[-0.09196,50.8686],[-0.09127,50.86788],[-0.09137,50.86677],[-0.09032,50.86365],[-0.09074,50.86339],[-0.09045,50.86231],[-0.0963,50.86028],[-0.09751,50.85868],[-0.09951,50.85777],[-0.10286,50.85755],[-0.10354,50.85947],[-0.10454,50.86076],[-0.10827,50.86157],[-0.10858,50.86202],[-0.10762,50.86247],[-0.10697,50.86232],[-0.10471,50.86274],[-0.10637,50.86471],[-0.10852,50.86629],[-0.11054,50.86725],[-0.11399,50.86809],[-0.11341,50.86733],[-0.11573,50.86722],[-0.11676,50.86562],[-0.11646,50.86178],[-0.11461,50.86147],[-0.11244,50.86021],[-0.11187,50.85984],[-0.11229,50.85875],[-0.11124,50.85814],[-0.10936,50.85776],[-0.1087,50.85705],[-0.10658,50.85808],[-0.10448,50.85807],[-0.10424,50.85747],[-0.10577,50.85732],[-0.10774,50.85639],[-0.11009,50.85267],[-0.11266,50.85083],[-0.11412,50.85026],[-0.11444,50.8504],[-0.11861,50.84849],[-0.11924,50.84914],[-0.12029,50.84903],[-0.12035,50.84846],[-0.11931,50.84786],[-0.12006,50.84708],[-0.12166,50.84898],[-0.12295,50.84844],[-0.12306,50.84755],[-0.12354,50.84757],[-0.12341,50.84859],[-0.12527,50.84879],[-0.1248,50.85042],[-0.12641,50.84993],[-0.12778,50.84994],[-0.12751,50.85036],[-0.12814,50.85046],[-0.13017,50.84999],[-0.13187,50.85001],[-0.13173,50.85096],[-0.13037,50.85283],[-0.12856,50.85435],[-0.12938,50.85466],[-0.13201,50.85488],[-0.13307,50.85537],[-0.12981,50.85803],[-0.12569,50.85884],[-0.12455,50.85933],[-0.1232,50.85934],[-0.12201,50.86122],[-0.12265,50.86198],[-0.12248,50.86526],[-0.12148,50.86687],[-0.12082,50.8699],[-0.12414,50.87078],[-0.12751,50.8712],[-0.12954,50.87108],[-0.13546,50.86988],[-0.13998,50.86932],[-0.14459,50.86914],[-0.15176,50.86945],[-0.15505,50.86904],[-0.15523,50.86928],[-0.15609,50.86925],[-0.15676,50.86981],[-0.15811,50.8722],[-0.15912,50.87237],[-0.15997,50.87195],[-0.1603,50.87238],[-0.16157,50.872],[-0.15945,50.86986],[-0.15918,50.86827],[-0.15826,50.868],[-0.15773,50.8671],[-0.15553,50.86734],[-0.15293,50.86536],[-0.15229,50.86464],[-0.15238,50.86408],[-0.15206,50.86411],[-0.15209,50.86269],[-0.15262,50.86332],[-0.1601,50.86321],[-0.16,50.86283],[-0.16134,50.86217],[-0.16511,50.86234],[-0.16656,50.8619],[-0.16701,50.86215],[-0.17247,50.8596],[-0.17396,50.85737],[-0.17466,50.85829],[-0.17556,50.85839],[-0.17662,50.85933],[-0.17706,50.85933],[-0.1778,50.85844],[-0.17846,50.85869],[-0.17878,50.85836],[-0.17824,50.85815],[-0.17971,50.85737],[-0.18343,50.85627],[-0.18721,50.8556],[-0.1915,50.85543],[-0.197,50.85627],[-0.20245,50.85565],[-0.21216,50.85324],[-0.21506,50.85323],[-0.21789,50.85378],[-0.21806,50.85357],[-0.21496,50.85222],[-0.21402,50.85101],[-0.2162,50.85048],[-0.21492,50.84787],[-0.21654,50.84837],[-0.21918,50.85143],[-0.22091,50.85198],[-0.22157,50.85331],[-0.22348,50.85502],[-0.2239,50.85652],[-0.22326,50.85692],[-0.22565,50.8578],[-0.22793,50.85815],[-0.23322,50.85777],[-0.23151,50.85847],[-0.23109,50.85903],[-0.23205,50.85945],[-0.23374,50.85842],[-0.23643,50.85757],[-0.23607,50.85675],[-0.23728,50.85638],[-0.23724,50.85552],[-0.23666,50.8555],[-0.23592,50.8561],[-0.23548,50.85256],[-0.23411,50.85089],[-0.23059,50.84831],[-0.2294,50.84574],[-0.23207,50.84562],[-0.23326,50.84681],[-0.23451,50.8472],[-0.23685,50.84624],[-0.24083,50.84556],[-0.2412,50.8456],[-0.24116,50.84592],[-0.24232,50.84598],[-0.2423,50.84553],[-0.2447,50.84589],[-0.24461,50.84613],[-0.2459,50.84643],[-0.24783,50.84606],[-0.24833,50.84644],[-0.25082,50.84543],[-0.2535,50.84502],[-0.26769,50.84624],[-0.27832,50.84601],[-0.28469,50.84516],[-0.28716,50.84459],[-0.28735,50.8462],[-0.28896,50.84716],[-0.2912,50.84759],[-0.29218,50.84806],[-0.29214,50.849],[-0.29029,50.84984],[-0.29034,50.85101],[-0.29315,50.85332],[-0.29535,50.85407],[-0.29503,50.85481],[-0.29305,50.856],[-0.29267,50.85846],[-0.29418,50.85971],[-0.296,50.86051],[-0.2963,50.86059],[-0.29859,50.86114],[-0.30102,50.86079],[-0.30159,50.86101],[-0.30179,50.86162],[-0.30111,50.86421],[-0.29988,50.86467],[-0.29901,50.86493],[-0.29843,50.86553],[-0.29817,50.86812],[-0.2991,50.86888],[-0.30065,50.86934],[-0.30118,50.87106],[-0.30346,50.8722],[-0.30267,50.87411],[-0.30268,50.87552],[-0.30415,50.87742],[-0.3037,50.87847],[-0.30324,50.8785],[-0.30351,50.8787],[-0.30307,50.87986],[-0.30384,50.88046],[-0.30333,50.88019],[-0.30066,50.88012],[-0.30094,50.87958],[-0.30031,50.87937],[-0.29962,50.87982],[-0.29657,50.87862],[-0.29501,50.87914],[-0.29413,50.88006],[-0.295,50.8806],[-0.29437,50.88345],[-0.29486,50.88445],[-0.2937,50.88506],[-0.29182,50.88519],[-0.29011,50.88491],[-0.28926,50.8852],[-0.28962,50.88641],[-0.28865,50.88815],[-0.28963,50.88838],[-0.28693,50.89008],[-0.28444,50.89028],[-0.28109,50.88996],[-0.28122,50.88966],[-0.27977,50.88947],[-0.28006,50.88916],[-0.27755,50.88942],[-0.27773,50.89102],[-0.27685,50.89399],[-0.27437,50.89353],[-0.27391,50.8956],[-0.27419,50.89588],[-0.27235,50.89562],[-0.27128,50.89845],[-0.27031,50.89836],[-0.26979,50.90145],[-0.27041,50.90171],[-0.2704,50.90211],[-0.26974,50.90208],[-0.26952,50.90268],[-0.26856,50.90325],[-0.27014,50.90332],[-0.27088,50.90401],[-0.2708,50.90574],[-0.2714,50.9075],[-0.2731,50.90877],[-0.27216,50.90935],[-0.2718,50.90883],[-0.27098,50.90901],[-0.27125,50.90951],[-0.2687,50.91109],[-0.26696,50.9114],[-0.26675,50.90914],[-0.26568,50.90857],[-0.26507,50.90874],[-0.26284,50.90844],[-0.26216,50.90706],[-0.26037,50.90663],[-0.25872,50.9085],[-0.26078,50.90911],[-0.25981,50.91044],[-0.25749,50.91036],[-0.25731,50.90995],[-0.25365,50.91072],[-0.25185,50.91046],[-0.25177,50.91073],[-0.24766,50.91005],[-0.24654,50.91028],[-0.24584,50.91017],[-0.24585,50.9099],[-0.24489,50.90992],[-0.24421,50.90997],[-0.24428,50.91023],[-0.24265,50.91037],[-0.23746,50.91051],[-0.2326,50.91137],[-0.22646,50.91162],[-0.22672,50.91277],[-0.22829,50.91319],[-0.22887,50.9167],[-0.22743,50.91685],[-0.22673,50.91728],[-0.2277,50.91826],[-0.22926,50.91865],[-0.22924,50.9192],[-0.22886,50.91995],[-0.22547,50.91956],[-0.22571,50.92264],[-0.22282,50.92323],[-0.22216,50.91988],[-0.2182,50.91998],[-0.21779,50.92251],[-0.21503,50.92272],[-0.21564,50.92144],[-0.21693,50.92148],[-0.21692,50.92059],[-0.21505,50.92034],[-0.21233,50.91947],[-0.21207,50.91908],[-0.21186,50.91936],[-0.21094,50.91929],[-0.21019,50.9192],[-0.21029,50.91875],[-0.20966,50.91862],[-0.20713,50.91853],[-0.20641,50.91741],[-0.20473,50.91811],[-0.20068,50.91897],[-0.19576,50.91931],[-0.19198,50.92],[-0.19079,50.92074],[-0.1893,50.92248],[-0.18286,50.92411],[-0.18182,50.92614],[-0.18117,50.92581],[-0.18104,50.92705],[-0.17834,50.92829],[-0.17917,50.92908],[-0.17799,50.92993],[-0.17896,50.93019],[-0.17982,50.93106],[-0.1798,50.93283],[-0.17878,50.93285],[-0.17872,50.93233],[-0.17766,50.93183],[-0.17811,50.931],[-0.17604,50.9303],[-0.17663,50.92948],[-0.17471,50.92898],[-0.17459,50.92922],[-0.17397,50.92909],[-0.17339,50.93028],[-0.17223,50.92984],[-0.17128,50.93014],[-0.16981,50.92999],[-0.16817,50.92773],[-0.16725,50.92793],[-0.16206,50.92596],[-0.16219,50.92549],[-0.16136,50.92546],[-0.16151,50.92435],[-0.1594,50.92429],[-0.15688,50.92339],[-0.15596,50.92351],[-0.15636,50.92235],[-0.15336,50.92181],[-0.15379,50.92041],[-0.15139,50.92036],[-0.15139,50.91946],[-0.14978,50.91951],[-0.14933,50.92095],[-0.14817,50.92057],[-0.14784,50.92114],[-0.14425,50.91958],[-0.14357,50.92013],[-0.14082,50.91912],[-0.14046,50.91968],[-0.13722,50.91849],[-0.13667,50.91947],[-0.13366,50.91898],[-0.13352,50.91935],[-0.13276,50.91922],[-0.13254,50.91866],[-0.13322,50.91824],[-0.13302,50.91787],[-0.13202,50.91795],[-0.1321,50.91821],[-0.13025,50.91826],[-0.13029,50.91953],[-0.13186,50.91956],[-0.13172,50.92014],[-0.13081,50.92016],[-0.13057,50.92119],[-0.12934,50.92104],[-0.12955,50.92025],[-0.1276,50.91996],[-0.1264,50.9221],[-0.12818,50.92246],[-0.12733,50.92455],[-0.12792,50.92495],[-0.12754,50.9254],[-0.1313,50.92555],[-0.13084,50.92693],[-0.12925,50.92863],[-0.12858,50.92858],[-0.12801,50.9303],[-0.12874,50.93051],[-0.12803,50.93088],[-0.1257,50.93069],[-0.12342,50.93285],[-0.12222,50.93569],[-0.12257,50.93627],[-0.12194,50.93651],[-0.12308,50.93772],[-0.12034,50.93778],[-0.12004,50.94059],[-0.11616,50.9405],[-0.11658,50.94069],[-0.11652,50.94123],[-0.11501,50.94264],[-0.11424,50.94447],[-0.11137,50.9438],[-0.1115,50.94288],[-0.10569,50.94216],[-0.10454,50.94285],[-0.10345,50.94629],[-0.09562,50.94561],[-0.09552,50.94428],[-0.09695,50.94222]]],[[[-0.49593,50.95286],[-0.49571,50.95262],[-0.49526,50.95263],[-0.4943,50.95189],[-0.49418,50.95188],[-0.49251,50.95201],[-0.49198,50.95174],[-0.49081,50.95264],[-0.48897,50.95291],[-0.48786,50.95273],[-0.48766,50.95246],[-0.48747,50.95237],[-0.487,50.95252],[-0.48591,50.95212],[-0.486,50.952],[-0.48565,50.9504],[-0.48381,50.95008],[-0.48213,50.94764],[-0.47862,50.94645],[-0.47711,50.94629],[-0.47607,50.94679],[-0.47433,50.94612],[-0.47151,50.94455],[-0.46876,50.94234],[-0.46763,50.94375],[-0.46653,50.943],[-0.46562,50.94061],[-0.46363,50.93943],[-0.46435,50.93755],[-0.4671,50.93664],[-0.46715,50.93444],[-0.47315,50.93478],[-0.47349,50.9356],[-0.47429,50.93549],[-0.47444,50.93569],[-0.47541,50.93541],[-0.47569,50.93516],[-0.47523,50.93488],[-0.47582,50.93456],[-0.4748,50.93404],[-0.47541,50.9338],[-0.47686,50.93112],[-0.47805,50.93088],[-0.48282,50.92684],[-0.48146,50.92257],[-0.47818,50.92038],[-0.47639,50.92016],[-0.47651,50.91743],[-0.47714,50.91518],[-0.47173,50.91477],[-0.46849,50.91636],[-0.46774,50.91493],[-0.464,50.91495],[-0.46409,50.9143],[-0.46229,50.91418],[-0.46263,50.91296],[-0.46176,50.91244],[-0.4582,50.91195],[-0.45728,50.91424],[-0.45099,50.91345],[-0.45007,50.91355],[-0.44949,50.91325],[-0.44873,50.9144],[-0.4481,50.91339],[-0.44896,50.91258],[-0.44925,50.90997],[-0.44714,50.91003],[-0.44675,50.9114],[-0.44494,50.91221],[-0.44426,50.91192],[-0.44412,50.91232],[-0.44266,50.91256],[-0.44322,50.9138],[-0.442,50.91388],[-0.44202,50.91466],[-0.44103,50.91447],[-0.44103,50.91488],[-0.43335,50.91302],[-0.42897,50.91276],[-0.42156,50.91103],[-0.41973,50.91698],[-0.41735,50.91634],[-0.4177,50.91565],[-0.41732,50.91555],[-0.41684,50.91614],[-0.41665,50.92047],[-0.41574,50.92163],[-0.41319,50.92028],[-0.4121,50.919],[-0.41349,50.91805],[-0.41424,50.91699],[-0.41122,50.91621],[-0.41176,50.91576],[-0.40851,50.91489],[-0.40611,50.91209],[-0.40611,50.91149],[-0.40578,50.91149],[-0.40656,50.9106],[-0.40735,50.91009],[-0.40877,50.90982],[-0.40845,50.90903],[-0.40632,50.90872],[-0.40528,50.90707],[-0.40368,50.90622],[-0.40145,50.90603],[-0.39659,50.90677],[-0.39478,50.90884],[-0.39159,50.90958],[-0.38592,50.90897],[-0.37709,50.90992],[-0.37347,50.90951],[-0.3622,50.90951],[-0.35782,50.90862],[-0.35457,50.90753],[-0.35365,50.90669],[-0.35004,50.90485],[-0.34523,50.90316],[-0.34295,50.90125],[-0.3415,50.90049],[-0.33548,50.8992],[-0.33185,50.89461],[-0.33248,50.89157],[-0.3338,50.89195],[-0.33568,50.8912],[-0.33423,50.88879],[-0.33381,50.88707],[-0.33492,50.88702],[-0.33688,50.88606],[-0.33631,50.8857],[-0.33632,50.88203],[-0.33385,50.88221],[-0.33371,50.88105],[-0.33233,50.88103],[-0.33049,50.88157],[-0.3288,50.88249],[-0.32847,50.88125],[-0.32731,50.88017],[-0.32773,50.87927],[-0.32883,50.87856],[-0.32768,50.87767],[-0.32566,50.87875],[-0.32537,50.87847],[-0.32507,50.87864],[-0.32544,50.87917],[-0.32354,50.87991],[-0.32389,50.88081],[-0.31705,50.88159],[-0.31428,50.88273],[-0.31388,50.88197],[-0.31226,50.88233],[-0.31141,50.88131],[-0.30955,50.88171],[-0.30982,50.88288],[-0.30862,50.88295],[-0.30677,50.88265],[-0.30657,50.88171],[-0.3048,50.88094],[-0.30338,50.87983],[-0.3045,50.87744],[-0.30293,50.87538],[-0.30376,50.87213],[-0.3016,50.87103],[-0.301,50.86919],[-0.29943,50.86876],[-0.29872,50.86824],[-0.29869,50.86626],[-0.29925,50.86514],[-0.3015,50.86442],[-0.3022,50.86131],[-0.3013,50.86054],[-0.29868,50.86087],[-0.29631,50.86028],[-0.29618,50.86024],[-0.29321,50.85858],[-0.29339,50.85636],[-0.29539,50.85521],[-0.29612,50.85424],[-0.29558,50.8536],[-0.29316,50.85273],[-0.29119,50.8509],[-0.29304,50.84895],[-0.29367,50.84921],[-0.29517,50.84921],[-0.29295,50.8488],[-0.29235,50.84721],[-0.28839,50.84583],[-0.28816,50.8443],[-0.28842,50.84422],[-0.28833,50.84431],[-0.28865,50.84438],[-0.28877,50.84411],[-0.29996,50.84057],[-0.31261,50.83866],[-0.31319,50.83984],[-0.31553,50.84002],[-0.31521,50.84158],[-0.31603,50.8429],[-0.31959,50.84299],[-0.32,50.84266],[-0.32717,50.84286],[-0.32773,50.84097],[-0.33069,50.84128],[-0.32986,50.84257],[-0.33033,50.84309],[-0.34047,50.84367],[-0.34028,50.8407],[-0.33588,50.84013],[-0.33625,50.83766],[-0.34392,50.83766],[-0.35608,50.83622],[-0.36318,50.83476],[-0.36364,50.83817],[-0.37113,50.83795],[-0.371,50.83901],[-0.37009,50.83905],[-0.37008,50.84076],[-0.3756,50.84069],[-0.37693,50.83904],[-0.37713,50.83809],[-0.3794,50.83775],[-0.3811,50.83773],[-0.38119,50.83858],[-0.38636,50.83761],[-0.38808,50.83864],[-0.38878,50.83812],[-0.38989,50.84169],[-0.38978,50.84321],[-0.39052,50.84509],[-0.39086,50.8478],[-0.39132,50.84829],[-0.39148,50.85238],[-0.3967,50.85616],[-0.39777,50.85794],[-0.40237,50.85674],[-0.40318,50.85524],[-0.40499,50.85394],[-0.40259,50.84953],[-0.39889,50.84495],[-0.39865,50.84265],[-0.40162,50.84581],[-0.40079,50.84611],[-0.40262,50.8485],[-0.40551,50.8496],[-0.4052,50.85052],[-0.40601,50.85165],[-0.41188,50.84994],[-0.41122,50.8493],[-0.41313,50.84876],[-0.41269,50.84093],[-0.41968,50.84136],[-0.42574,50.84033],[-0.43063,50.84016],[-0.43066,50.83949],[-0.4288,50.83738],[-0.42949,50.83727],[-0.42955,50.83654],[-0.43008,50.83653],[-0.43006,50.83572],[-0.4377,50.83404],[-0.43605,50.83201],[-0.43421,50.82695],[-0.43438,50.82277],[-0.435,50.82239],[-0.4433,50.82156],[-0.44343,50.82194],[-0.44381,50.82191],[-0.44503,50.82617],[-0.44927,50.82604],[-0.45531,50.82666],[-0.45829,50.82747],[-0.46597,50.82793],[-0.47203,50.82734],[-0.47088,50.82999],[-0.47109,50.83338],[-0.46942,50.83384],[-0.4706,50.83553],[-0.47038,50.84084],[-0.4752,50.84038],[-0.48111,50.84031],[-0.48401,50.84052],[-0.49028,50.84165],[-0.49989,50.84116],[-0.5142,50.84292],[-0.51726,50.84306],[-0.52624,50.84225],[-0.53071,50.84224],[-0.53512,50.8427],[-0.5402,50.84399],[-0.54078,50.84468],[-0.54079,50.84636],[-0.54164,50.84691],[-0.54432,50.84727],[-0.54786,50.84974],[-0.55247,50.85349],[-0.55171,50.85366],[-0.55024,50.85326],[-0.54891,50.85147],[-0.54679,50.85108],[-0.5419,50.8526],[-0.5409,50.85329],[-0.53978,50.85583],[-0.53878,50.85578],[-0.53904,50.85621],[-0.53923,50.85596],[-0.53958,50.85609],[-0.53869,50.85733],[-0.53899,50.8582],[-0.54098,50.85922],[-0.54543,50.85972],[-0.54634,50.86033],[-0.54421,50.86607],[-0.54322,50.86634],[-0.54208,50.86625],[-0.53256,50.86417],[-0.53259,50.86388],[-0.53068,50.8643],[-0.52871,50.86513],[-0.52905,50.86526],[-0.52722,50.86629],[-0.52543,50.86682],[-0.52574,50.86685],[-0.52538,50.86735],[-0.52572,50.86898],[-0.52726,50.87081],[-0.52749,50.87068],[-0.52937,50.87167],[-0.5312,50.87331],[-0.53348,50.87391],[-0.53578,50.87387],[-0.54046,50.87449],[-0.54152,50.87776],[-0.53986,50.87873],[-0.53913,50.87992],[-0.5392,50.88077],[-0.54009,50.88168],[-0.541,50.88189],[-0.54251,50.88194],[-0.54383,50.88145],[-0.54394,50.88141],[-0.54579,50.88064],[-0.54886,50.88024],[-0.55526,50.88202],[-0.55864,50.88457],[-0.56079,50.88774],[-0.56006,50.8889],[-0.55993,50.88909],[-0.55976,50.88921],[-0.55883,50.88988],[-0.55052,50.89212],[-0.54853,50.89294],[-0.54632,50.89538],[-0.54341,50.89639],[-0.54344,50.89672],[-0.54349,50.89817],[-0.54563,50.89948],[-0.54715,50.89969],[-0.55039,50.89905],[-0.55404,50.90292],[-0.55503,50.90339],[-0.55573,50.90506],[-0.55248,50.90892],[-0.55198,50.91169],[-0.55116,50.91329],[-0.54895,50.91403],[-0.54581,50.91411],[-0.54446,50.91388],[-0.54354,50.91335],[-0.54258,50.91337],[-0.54245,50.91337],[-0.54027,50.91413],[-0.5392,50.9155],[-0.53749,50.91586],[-0.5361,50.91687],[-0.53655,50.91658],[-0.53809,50.91768],[-0.54201,50.91885],[-0.54199,50.91911],[-0.54224,50.91893],[-0.54471,50.92021],[-0.54487,50.9215],[-0.54746,50.92392],[-0.54782,50.92525],[-0.54636,50.92739],[-0.54711,50.92703],[-0.54723,50.9273],[-0.54691,50.92832],[-0.54717,50.92931],[-0.54619,50.9297],[-0.54304,50.93011],[-0.5345,50.93302],[-0.53336,50.93411],[-0.53343,50.93624],[-0.52914,50.93818],[-0.52779,50.9378],[-0.52602,50.93809],[-0.52491,50.93609],[-0.52293,50.93527],[-0.51833,50.93558],[-0.51374,50.93533],[-0.51323,50.93501],[-0.51344,50.93531],[-0.5123,50.93556],[-0.51112,50.93642],[-0.51141,50.93815],[-0.51263,50.93971],[-0.51265,50.94085],[-0.51353,50.94192],[-0.51212,50.94306],[-0.51013,50.94349],[-0.50853,50.94297],[-0.50722,50.94289],[-0.50623,50.94316],[-0.50273,50.94568],[-0.50239,50.9467],[-0.503,50.94781],[-0.50207,50.94913],[-0.50272,50.95016],[-0.50183,50.95178],[-0.50144,50.95174],[-0.50089,50.95145],[-0.50053,50.95137],[-0.50003,50.95138],[-0.49917,50.95239],[-0.49676,50.95304],[-0.49593,50.95286]]],[[[-0.50288,50.95365],[-0.50316,50.95314],[-0.50574,50.95392],[-0.51282,50.95425],[-0.51667,50.95571],[-0.51248,50.95614],[-0.5093,50.95644],[-0.50827,50.95633],[-0.50474,50.95593],[-0.50454,50.95578],[-0.5038,50.95492],[-0.50436,50.95427],[-0.50288,50.95365]]],[[[-0.48558,50.95458],[-0.48496,50.95347],[-0.4859,50.95214],[-0.48691,50.95258],[-0.48706,50.9526],[-0.48747,50.9524],[-0.48775,50.95269],[-0.48805,50.95285],[-0.48898,50.95294],[-0.49077,50.9527],[-0.49198,50.95177],[-0.4925,50.95204],[-0.49423,50.95192],[-0.49518,50.95263],[-0.49597,50.95294],[-0.4965,50.95306],[-0.49686,50.95306],[-0.49698,50.95306],[-0.49905,50.95248],[-0.49924,50.9524],[-0.50007,50.95143],[-0.5005,50.95141],[-0.50166,50.95184],[-0.50188,50.95183],[-0.50279,50.95268],[-0.50254,50.95369],[-0.50411,50.95433],[-0.50348,50.95497],[-0.50431,50.95576],[-0.50355,50.95627],[-0.50206,50.95629],[-0.50103,50.95587],[-0.49981,50.95579],[-0.49868,50.95582],[-0.49876,50.95626],[-0.49803,50.95601],[-0.49816,50.95581],[-0.49391,50.95446],[-0.49359,50.95598],[-0.49238,50.95602],[-0.49214,50.95653],[-0.4905,50.9557],[-0.48684,50.9553],[-0.48558,50.95458]]],[[[-0.83659,51.18571],[-0.83875,51.18334],[-0.84021,51.18393],[-0.84051,51.18364],[-0.84124,51.18394],[-0.84721,51.17884],[-0.84587,51.17873],[-0.84571,51.17827],[-0.84301,51.1785],[-0.8399,51.1819],[-0.83577,51.18048],[-0.83214,51.18424],[-0.83067,51.18485],[-0.82889,51.18439],[-0.82764,51.18192],[-0.82852,51.18171],[-0.82806,51.18084],[-0.8274,51.18084],[-0.82724,51.18017],[-0.82663,51.17996],[-0.82774,51.17704],[-0.82711,51.17456],[-0.83037,51.16268],[-0.83151,51.16116],[-0.83054,51.16116],[-0.83138,51.15895],[-0.83092,51.15568],[-0.83305,51.15096],[-0.83589,51.15022],[-0.83755,51.15011],[-0.8462,51.15164],[-0.84625,51.152],[-0.84732,51.15264],[-0.85529,51.15056],[-0.85856,51.15041],[-0.86581,51.14897],[-0.87061,51.15097],[-0.87716,51.14295],[-0.88215,51.13805],[-0.88521,51.13815],[-0.88483,51.13742],[-0.88996,51.13661],[-0.89171,51.1358],[-0.89315,51.13444],[-0.89263,51.13396],[-0.89329,51.13363],[-0.89283,51.13291],[-0.8901,51.13253],[-0.88756,51.13273],[-0.88884,51.12925],[-0.88478,51.12907],[-0.88473,51.12882],[-0.885,51.12836],[-0.88591,51.12871],[-0.88636,51.12844],[-0.88549,51.12771],[-0.88601,51.12741],[-0.88537,51.12699],[-0.88663,51.12607],[-0.88909,51.12667],[-0.89083,51.12567],[-0.88979,51.12481],[-0.89093,51.12381],[-0.89078,51.12308],[-0.89138,51.12244],[-0.8926,51.12229],[-0.89318,51.12189],[-0.89382,51.12113],[-0.89345,51.12097],[-0.89439,51.12085],[-0.89478,51.11986],[-0.89599,51.11909],[-0.8959,51.11846],[-0.89782,51.11848],[-0.89771,51.1193],[-0.8992,51.1204],[-0.89973,51.12045],[-0.90056,51.11996],[-0.9,51.12135],[-0.89915,51.12155],[-0.89987,51.12186],[-0.89988,51.12359],[-0.89741,51.12475],[-0.89759,51.12503],[-0.89843,51.12546],[-0.9001,51.1248],[-0.90032,51.12413],[-0.90085,51.12435],[-0.90124,51.124],[-0.90205,51.12246],[-0.90082,51.12201],[-0.9008,51.1215],[-0.90111,51.12051],[-0.90157,51.12042],[-0.90187,51.11867],[-0.90237,51.11807],[-0.90293,51.11807],[-0.90245,51.11801],[-0.9028,51.1173],[-0.90236,51.11723],[-0.90286,51.11512],[-0.90352,51.11439],[-0.90498,51.11432],[-0.90441,51.11424],[-0.90456,51.11384],[-0.90375,51.11382],[-0.90274,51.11202],[-0.90416,51.11152],[-0.90418,51.11097],[-0.90311,51.11133],[-0.90187,51.11054],[-0.9004,51.10826],[-0.90029,51.10661],[-0.90172,51.10609],[-0.90302,51.10507],[-0.90406,51.1056],[-0.90826,51.10487],[-0.90708,51.10368],[-0.90781,51.10156],[-0.90116,51.10027],[-0.89801,51.10056],[-0.89565,51.10012],[-0.89319,51.09914],[-0.8912,51.09749],[-0.88659,51.0977],[-0.88479,51.0981],[-0.88222,51.09923],[-0.88131,51.10056],[-0.88184,51.09889],[-0.88039,51.09778],[-0.87914,51.09841],[-0.87863,51.09795],[-0.87485,51.09999],[-0.87409,51.09953],[-0.87075,51.09893],[-0.87004,51.09985],[-0.86532,51.09909],[-0.85483,51.09804],[-0.85418,51.09595],[-0.85194,51.09628],[-0.85056,51.09465],[-0.84956,51.0942],[-0.84862,51.09531],[-0.84767,51.09554],[-0.84719,51.09528],[-0.84751,51.09508],[-0.8471,51.09507],[-0.84709,51.09463],[-0.84498,51.09429],[-0.84469,51.09392],[-0.84279,51.09387],[-0.84177,51.09409],[-0.84214,51.0943],[-0.84152,51.09513],[-0.83985,51.09528],[-0.83992,51.09569],[-0.83886,51.09546],[-0.83768,51.09582],[-0.83554,51.09419],[-0.83449,51.09409],[-0.83338,51.09279],[-0.83108,51.0926],[-0.83008,51.092],[-0.82934,51.09196],[-0.82894,51.0915],[-0.82968,51.09105],[-0.82851,51.09082],[-0.8279,51.08992],[-0.82605,51.08949],[-0.82701,51.08788],[-0.82677,51.08689],[-0.82537,51.08702],[-0.82611,51.0861],[-0.82567,51.08395],[-0.82883,51.08359],[-0.83322,51.0812],[-0.83596,51.0807],[-0.83703,51.07947],[-0.83779,51.07913],[-0.8451,51.07756],[-0.8438,51.07473],[-0.84461,51.0746],[-0.84392,51.0725],[-0.83782,51.0688],[-0.83376,51.07151],[-0.8319,51.07209],[-0.83012,51.07366],[-0.82922,51.07543],[-0.82782,51.07636],[-0.82806,51.07703],[-0.82634,51.07796],[-0.82435,51.07989],[-0.82064,51.08039],[-0.81872,51.07987],[-0.81164,51.07956],[-0.81154,51.07867],[-0.8109,51.07854],[-0.81081,51.07939],[-0.80787,51.07886],[-0.80725,51.07865],[-0.80752,51.07838],[-0.80689,51.07847],[-0.80783,51.07788],[-0.81048,51.07735],[-0.81007,51.07495],[-0.80789,51.07528],[-0.80753,51.07364],[-0.80536,51.07391],[-0.80473,51.07368],[-0.80468,51.07397],[-0.80337,51.07374],[-0.80386,51.07108],[-0.80731,51.06782],[-0.80633,51.06682],[-0.80237,51.06951],[-0.80083,51.06862],[-0.79897,51.0668],[-0.79712,51.06713],[-0.79499,51.06593],[-0.79413,51.06623],[-0.79296,51.06766],[-0.79246,51.06769],[-0.78822,51.07179],[-0.78559,51.07289],[-0.78387,51.07503],[-0.78262,51.07583],[-0.78221,51.07731],[-0.78095,51.07927],[-0.77723,51.07979],[-0.776,51.0811],[-0.77422,51.08155],[-0.77372,51.08207],[-0.77261,51.08195],[-0.77221,51.08256],[-0.77098,51.08253],[-0.77078,51.08307],[-0.76942,51.08359],[-0.76886,51.08354],[-0.76799,51.08422],[-0.76767,51.08405],[-0.76741,51.08436],[-0.76599,51.08468],[-0.76532,51.08441],[-0.76407,51.08516],[-0.76241,51.08548],[-0.75924,51.08552],[-0.75836,51.08518],[-0.75628,51.08506],[-0.75436,51.08563],[-0.75513,51.08487],[-0.75457,51.08441],[-0.75533,51.08397],[-0.75541,51.0835],[-0.75382,51.08349],[-0.75269,51.08384],[-0.75235,51.08207],[-0.74894,51.08315],[-0.74696,51.08341],[-0.74674,51.08281],[-0.74323,51.08321],[-0.74149,51.08286],[-0.74088,51.08307],[-0.74077,51.0823],[-0.74169,51.08093],[-0.74057,51.08089],[-0.74084,51.07819],[-0.73962,51.07817],[-0.73967,51.0769],[-0.73704,51.077],[-0.73687,51.07942],[-0.73622,51.07931],[-0.73612,51.08046],[-0.73491,51.08179],[-0.73436,51.08168],[-0.73428,51.08133],[-0.73534,51.0812],[-0.73532,51.0795],[-0.73384,51.07768],[-0.73324,51.07785],[-0.733,51.07746],[-0.73192,51.07753],[-0.7319,51.07792],[-0.73087,51.07859],[-0.73125,51.07894],[-0.73211,51.07872],[-0.73324,51.08101],[-0.73061,51.08075],[-0.72981,51.08037],[-0.72981,51.08005],[-0.72761,51.07907],[-0.72323,51.07783],[-0.72286,51.07781],[-0.7223,51.07942],[-0.71998,51.07871],[-0.71977,51.07831],[-0.7186,51.07783],[-0.7146,51.07734],[-0.7117,51.07751],[-0.70901,51.07849],[-0.70671,51.07877],[-0.70452,51.0769],[-0.70184,51.07594],[-0.70079,51.07464],[-0.6991,51.07365],[-0.69891,51.07274],[-0.69786,51.07254],[-0.6981,51.07213],[-0.69737,51.072],[-0.69733,51.07151],[-0.69685,51.07143],[-0.69602,51.0722],[-0.69464,51.07235],[-0.69444,51.07292],[-0.69053,51.0738],[-0.68707,51.07558],[-0.68252,51.07528],[-0.67881,51.0763],[-0.67562,51.0764],[-0.67242,51.07723],[-0.66901,51.07736],[-0.66675,51.07958],[-0.66638,51.07957],[-0.66554,51.08077],[-0.66397,51.0817],[-0.65762,51.08222],[-0.65424,51.08338],[-0.65107,51.08359],[-0.64811,51.08337],[-0.64592,51.08435],[-0.64264,51.08441],[-0.63794,51.08527],[-0.63376,51.08654],[-0.63142,51.08819],[-0.62938,51.08896],[-0.62796,51.08887],[-0.62461,51.088],[-0.62096,51.08815],[-0.61937,51.08688],[-0.61951,51.08634],[-0.62136,51.08468],[-0.62016,51.08321],[-0.62412,51.08052],[-0.62381,51.08021],[-0.62471,51.07986],[-0.62503,51.07815],[-0.62335,51.07831],[-0.62246,51.07738],[-0.62035,51.07642],[-0.61462,51.07231],[-0.6127,51.06975],[-0.60905,51.07062],[-0.60551,51.07019],[-0.60437,51.06902],[-0.60204,51.06761],[-0.60114,51.06522],[-0.59991,51.06384],[-0.60139,51.06296],[-0.60054,51.05924],[-0.59963,51.0579],[-0.60073,51.05318],[-0.59914,51.04721],[-0.59968,51.04544],[-0.59947,51.04383],[-0.59812,51.04112],[-0.59769,51.04087],[-0.59691,51.04117],[-0.59435,51.04001],[-0.59419,51.0341],[-0.59343,51.03294],[-0.59401,51.029],[-0.59286,51.02744],[-0.58803,51.02725],[-0.58601,51.02629],[-0.58249,51.0255],[-0.58068,51.02447],[-0.58206,51.02085],[-0.58324,51.01976],[-0.58729,51.01735],[-0.58801,51.01674],[-0.5881,51.01606],[-0.58975,51.01537],[-0.59033,51.01422],[-0.5899,51.01361],[-0.59019,51.01227],[-0.58907,51.01093],[-0.58577,51.01001],[-0.5845,51.01039],[-0.58098,51.01036],[-0.58073,51.01135],[-0.57936,51.01069],[-0.57862,51.01215],[-0.57761,51.01258],[-0.57462,51.01136],[-0.57311,51.01208],[-0.57269,51.01113],[-0.57159,51.01135],[-0.57178,51.01064],[-0.56958,51.01045],[-0.56991,51.00955],[-0.56526,51.00926],[-0.56342,51.00771],[-0.56036,51.00782],[-0.55951,51.00851],[-0.56078,51.01175],[-0.55984,51.01161],[-0.5588,51.01014],[-0.55852,51.00854],[-0.55643,51.00821],[-0.55554,51.00905],[-0.55525,51.01033],[-0.55166,51.01369],[-0.55104,51.01538],[-0.55112,51.01678],[-0.55043,51.01805],[-0.54908,51.01889],[-0.54405,51.01956],[-0.54147,51.02097],[-0.53972,51.02033],[-0.53679,51.02203],[-0.53654,51.02169],[-0.53473,51.02117],[-0.533,51.02149],[-0.53267,51.02196],[-0.53355,51.02316],[-0.53296,51.0236],[-0.53083,51.02431],[-0.52913,51.02407],[-0.52639,51.02542],[-0.52252,51.02448],[-0.52112,51.02472],[-0.51997,51.02577],[-0.51925,51.02554],[-0.5195,51.02446],[-0.52136,51.02328],[-0.52217,51.02204],[-0.52321,51.02142],[-0.5237,51.01921],[-0.52543,51.01733],[-0.52606,51.01594],[-0.53317,51.01565],[-0.53327,51.0143],[-0.52683,51.01478],[-0.52748,51.01403],[-0.52637,51.01361],[-0.52235,51.01327],[-0.52355,51.01145],[-0.52424,51.00899],[-0.52588,51.00717],[-0.52604,51.00405],[-0.52656,51.00311],[-0.52664,50.99983],[-0.52625,50.99844],[-0.52678,50.99786],[-0.52502,50.99704],[-0.52111,50.99611],[-0.51918,50.99513],[-0.51818,50.99388],[-0.51813,50.99322],[-0.51524,50.99245],[-0.5123,50.99248],[-0.51263,50.99003],[-0.51026,50.99014],[-0.50948,50.98864],[-0.5078,50.98953],[-0.50574,50.99003],[-0.50441,50.99084],[-0.50327,50.99072],[-0.50397,50.98966],[-0.50246,50.98958],[-0.50253,50.98822],[-0.5037,50.98834],[-0.50483,50.98715],[-0.50318,50.98685],[-0.50339,50.9864],[-0.50084,50.98615],[-0.49998,50.98555],[-0.50103,50.98388],[-0.5003,50.98204],[-0.5012,50.97878],[-0.50076,50.97706],[-0.50214,50.9775],[-0.5042,50.97719],[-0.5058,50.97816],[-0.50905,50.97896],[-0.51152,50.97992],[-0.51677,50.97921],[-0.51874,50.97601],[-0.51893,50.97473],[-0.51834,50.97268],[-0.51888,50.97122],[-0.5245,50.9714],[-0.52574,50.97101],[-0.52754,50.96884],[-0.52793,50.96654],[-0.52517,50.96389],[-0.52312,50.96298],[-0.52135,50.96285],[-0.52079,50.96194],[-0.52134,50.95979],[-0.52279,50.95789],[-0.52225,50.95613],[-0.52157,50.95542],[-0.52421,50.95355],[-0.52665,50.95325],[-0.52901,50.95256],[-0.53006,50.95316],[-0.53179,50.95338],[-0.53214,50.95411],[-0.534,50.95425],[-0.53514,50.95529],[-0.53471,50.95648],[-0.53495,50.9572],[-0.53246,50.95831],[-0.5313,50.9596],[-0.5295,50.96002],[-0.52741,50.96144],[-0.52755,50.96316],[-0.52673,50.96374],[-0.52675,50.96415],[-0.52846,50.96552],[-0.53011,50.96634],[-0.53054,50.9671],[-0.52922,50.97015],[-0.52902,50.9706],[-0.52865,50.97146],[-0.52854,50.9716],[-0.52831,50.97189],[-0.52825,50.97263],[-0.52823,50.97277],[-0.52823,50.9728],[-0.52816,50.97323],[-0.52815,50.97333],[-0.52699,50.97369],[-0.52692,50.97372],[-0.52667,50.97389],[-0.52658,50.97406],[-0.52662,50.9751],[-0.52686,50.97448],[-0.52731,50.97467],[-0.52768,50.97471],[-0.52867,50.97482],[-0.52874,50.97485],[-0.52878,50.97496],[-0.52881,50.97503],[-0.52961,50.97737],[-0.52969,50.9777],[-0.52968,50.97773],[-0.52965,50.97789],[-0.52954,50.97815],[-0.52925,50.9788],[-0.5292,50.97891],[-0.52906,50.97896],[-0.52809,50.97912],[-0.52557,50.98012],[-0.52482,50.98051],[-0.52311,50.98196],[-0.52327,50.98225],[-0.52322,50.98204],[-0.52324,50.98201],[-0.52328,50.98197],[-0.52475,50.98069],[-0.52484,50.98059],[-0.52509,50.98046],[-0.52543,50.98028],[-0.52594,50.98008],[-0.52776,50.97932],[-0.52855,50.97914],[-0.52869,50.97915],[-0.52884,50.97915],[-0.5291,50.97906],[-0.52934,50.97889],[-0.52956,50.97855],[-0.52983,50.97747],[-0.52912,50.97505],[-0.52885,50.97482],[-0.52784,50.97457],[-0.52718,50.97452],[-0.52683,50.97416],[-0.52669,50.97402],[-0.52687,50.97394],[-0.52833,50.97332],[-0.52848,50.97206],[-0.5285,50.9719],[-0.52874,50.97144],[-0.52941,50.97015],[-0.53096,50.96714],[-0.53048,50.96624],[-0.5269,50.96389],[-0.52771,50.96327],[-0.52766,50.96147],[-0.52968,50.96019],[-0.53094,50.96019],[-0.5326,50.95861],[-0.53542,50.95719],[-0.53498,50.95638],[-0.53583,50.95571],[-0.53567,50.95497],[-0.53417,50.95395],[-0.53217,50.95377],[-0.5325,50.95331],[-0.53561,50.9534],[-0.53262,50.95315],[-0.53241,50.95314],[-0.53017,50.95285],[-0.52906,50.9521],[-0.52858,50.95246],[-0.52907,50.95183],[-0.52871,50.95176],[-0.52822,50.95248],[-0.52709,50.95254],[-0.52401,50.95344],[-0.52144,50.95528],[-0.52135,50.95518],[-0.52062,50.95586],[-0.52054,50.95592],[-0.5195,50.95623],[-0.51797,50.95589],[-0.51609,50.95544],[-0.51252,50.95407],[-0.50553,50.95378],[-0.50339,50.95306],[-0.50225,50.95172],[-0.50323,50.95007],[-0.50246,50.94907],[-0.50338,50.94792],[-0.50284,50.94616],[-0.50648,50.94338],[-0.5084,50.94319],[-0.50968,50.94386],[-0.51032,50.94379],[-0.51232,50.9432],[-0.51377,50.94206],[-0.51381,50.94145],[-0.51301,50.94082],[-0.51309,50.93967],[-0.51168,50.93751],[-0.51176,50.9364],[-0.51265,50.93571],[-0.51876,50.93585],[-0.52271,50.93545],[-0.52472,50.93638],[-0.52545,50.93841],[-0.52743,50.93811],[-0.52902,50.93845],[-0.53411,50.93668],[-0.53374,50.93403],[-0.53469,50.93315],[-0.53957,50.93155],[-0.54077,50.93129],[-0.54128,50.93161],[-0.54308,50.93049],[-0.54736,50.9296],[-0.54766,50.92664],[-0.54849,50.92537],[-0.54783,50.92376],[-0.54515,50.92132],[-0.54527,50.92041],[-0.54528,50.92038],[-0.54548,50.9202],[-0.54314,50.91897],[-0.53841,50.9174],[-0.53719,50.91649],[-0.53712,50.91643],[-0.53728,50.91638],[-0.53967,50.91563],[-0.54059,50.91432],[-0.54273,50.91362],[-0.54452,50.91404],[-0.54488,50.91413],[-0.54575,50.91433],[-0.54831,50.91418],[-0.54963,50.91411],[-0.55063,50.91372],[-0.5509,50.91364],[-0.55137,50.9135],[-0.55199,50.91282],[-0.55334,50.90874],[-0.55609,50.90526],[-0.55545,50.90327],[-0.55353,50.90169],[-0.55327,50.90147],[-0.55055,50.8988],[-0.54976,50.89871],[-0.54773,50.89935],[-0.54745,50.89944],[-0.54726,50.89943],[-0.5462,50.89938],[-0.54378,50.89802],[-0.54365,50.89743],[-0.54479,50.89638],[-0.54693,50.89527],[-0.549,50.89292],[-0.5591,50.89003],[-0.56022,50.88923],[-0.56126,50.88775],[-0.55895,50.88445],[-0.55545,50.88176],[-0.54876,50.87997],[-0.54524,50.88049],[-0.54232,50.8817],[-0.54089,50.88163],[-0.5398,50.88102],[-0.5396,50.87981],[-0.54189,50.87806],[-0.54201,50.8769],[-0.54088,50.87428],[-0.53776,50.87375],[-0.53633,50.87272],[-0.53649,50.86792],[-0.53689,50.86709],[-0.53859,50.8663],[-0.53976,50.86623],[-0.54285,50.86674],[-0.54487,50.86632],[-0.54674,50.86159],[-0.54707,50.86024],[-0.54633,50.85968],[-0.54081,50.8588],[-0.53945,50.85804],[-0.53931,50.85733],[-0.54158,50.85321],[-0.54608,50.85156],[-0.54766,50.8514],[-0.54893,50.85197],[-0.54929,50.85322],[-0.55198,50.85402],[-0.55279,50.85381],[-0.55185,50.85455],[-0.55398,50.85522],[-0.55459,50.85491],[-0.55558,50.8556],[-0.55802,50.85534],[-0.5597,50.85559],[-0.56233,50.85718],[-0.56306,50.85652],[-0.56233,50.85514],[-0.56048,50.85356],[-0.56077,50.85299],[-0.5621,50.85271],[-0.5673,50.85447],[-0.57309,50.85459],[-0.57285,50.852],[-0.57319,50.8516],[-0.57215,50.85161],[-0.57207,50.85246],[-0.57051,50.85248],[-0.57046,50.8522],[-0.57098,50.85176],[-0.571,50.85084],[-0.57381,50.849],[-0.57484,50.84928],[-0.57476,50.85078],[-0.57665,50.85081],[-0.57675,50.84938],[-0.57801,50.84747],[-0.5789,50.84725],[-0.57931,50.84635],[-0.58114,50.84633],[-0.58146,50.84532],[-0.58441,50.84624],[-0.58816,50.84663],[-0.59071,50.84646],[-0.5911,50.84618],[-0.58963,50.84457],[-0.59,50.84372],[-0.58968,50.84278],[-0.59092,50.84222],[-0.59353,50.84266],[-0.59342,50.84218],[-0.59534,50.84208],[-0.59796,50.84296],[-0.60012,50.84494],[-0.60114,50.84472],[-0.60283,50.84796],[-0.60273,50.85097],[-0.60361,50.85097],[-0.60375,50.85175],[-0.60436,50.85229],[-0.60722,50.85124],[-0.60974,50.85083],[-0.61006,50.85027],[-0.60976,50.84966],[-0.61216,50.85014],[-0.61335,50.84901],[-0.61462,50.85102],[-0.6174,50.85265],[-0.61712,50.85325],[-0.61957,50.85291],[-0.6235,50.853],[-0.6236,50.85343],[-0.62272,50.85343],[-0.62297,50.85455],[-0.62261,50.85456],[-0.62355,50.85738],[-0.63696,50.8564],[-0.64134,50.85639],[-0.64077,50.85713],[-0.6463,50.85672],[-0.64808,50.85722],[-0.6521,50.85754],[-0.6524,50.85768],[-0.65177,50.85946],[-0.65436,50.85984],[-0.6545,50.85919],[-0.66264,50.8652],[-0.66435,50.86312],[-0.66621,50.85714],[-0.67153,50.85749],[-0.67717,50.8571],[-0.67809,50.85851],[-0.67849,50.86045],[-0.67732,50.86299],[-0.67759,50.86531],[-0.67313,50.86699],[-0.68424,50.86777],[-0.68576,50.86714],[-0.68606,50.86764],[-0.68496,50.86987],[-0.68497,50.87073],[-0.68994,50.87163],[-0.69134,50.8717],[-0.69998,50.87052],[-0.70318,50.86941],[-0.70332,50.86963],[-0.70392,50.86952],[-0.70411,50.86914],[-0.70512,50.86953],[-0.70512,50.86839],[-0.71312,50.86827],[-0.71226,50.86531],[-0.71296,50.86523],[-0.71287,50.86457],[-0.72268,50.86018],[-0.73171,50.86115],[-0.73241,50.86326],[-0.73288,50.86323],[-0.73266,50.86171],[-0.73329,50.86162],[-0.73323,50.86131],[-0.75054,50.86325],[-0.77266,50.86526],[-0.77483,50.86681],[-0.77633,50.86633],[-0.77714,50.86696],[-0.7775,50.86856],[-0.78034,50.86651],[-0.77963,50.86532],[-0.77893,50.86529],[-0.77849,50.8646],[-0.77944,50.86444],[-0.77953,50.86399],[-0.77982,50.86456],[-0.78519,50.86455],[-0.785,50.86641],[-0.79712,50.86508],[-0.79782,50.86568],[-0.79961,50.86768],[-0.79633,50.86799],[-0.79637,50.86904],[-0.79514,50.86898],[-0.79531,50.86949],[-0.79419,50.86964],[-0.79438,50.87135],[-0.80222,50.8699],[-0.80328,50.86979],[-0.80454,50.87011],[-0.81005,50.86905],[-0.81551,50.86843],[-0.81747,50.8687],[-0.8208,50.87014],[-0.82132,50.86955],[-0.8229,50.86995],[-0.82326,50.86897],[-0.82404,50.86908],[-0.82472,50.86796],[-0.82754,50.86591],[-0.83079,50.85816],[-0.83232,50.85623],[-0.8359,50.85627],[-0.83851,50.85664],[-0.84147,50.85642],[-0.84433,50.85658],[-0.84487,50.85517],[-0.84949,50.85573],[-0.85033,50.85459],[-0.85151,50.85413],[-0.85475,50.85444],[-0.85608,50.85478],[-0.8562,50.85522],[-0.85673,50.8549],[-0.85714,50.85508],[-0.85922,50.85808],[-0.86304,50.85728],[-0.86298,50.85827],[-0.86046,50.85931],[-0.85853,50.85956],[-0.85542,50.86155],[-0.85629,50.86327],[-0.85901,50.86583],[-0.85923,50.86746],[-0.8646,50.86662],[-0.86483,50.86788],[-0.86524,50.8679],[-0.86494,50.86898],[-0.86655,50.86873],[-0.86747,50.86822],[-0.86804,50.86874],[-0.86724,50.86905],[-0.86784,50.87051],[-0.86577,50.87079],[-0.86671,50.87272],[-0.87253,50.87349],[-0.88069,50.87537],[-0.8857,50.87701],[-0.88789,50.87744],[-0.88876,50.87623],[-0.8883,50.87587],[-0.88873,50.87519],[-0.88928,50.87533],[-0.89072,50.87381],[-0.89106,50.8739],[-0.89224,50.87292],[-0.89076,50.87018],[-0.89549,50.86915],[-0.90096,50.87004],[-0.90421,50.86867],[-0.90814,50.86776],[-0.91297,50.86585],[-0.9152,50.86537],[-0.91793,50.86404],[-0.92175,50.86529],[-0.92138,50.86582],[-0.92311,50.86631],[-0.92182,50.86826],[-0.91994,50.86916],[-0.91799,50.87202],[-0.91862,50.87214],[-0.91881,50.87273],[-0.92063,50.87227],[-0.92207,50.87291],[-0.91985,50.87481],[-0.92029,50.87508],[-0.92713,50.87468],[-0.93201,50.87414],[-0.93885,50.87289],[-0.93863,50.87384],[-0.93947,50.87438],[-0.9394,50.87545],[-0.94119,50.87769],[-0.94535,50.88031],[-0.94624,50.88254],[-0.94837,50.88409],[-0.94781,50.88477],[-0.95224,50.88674],[-0.95448,50.88866],[-0.9576,50.89058],[-0.9576,50.89088],[-0.95563,50.89118],[-0.9549,50.89283],[-0.95106,50.8979],[-0.95214,50.89828],[-0.95325,50.89663],[-0.95632,50.89368],[-0.95697,50.89384],[-0.95652,50.89495],[-0.95798,50.89555],[-0.95833,50.89633],[-0.95743,50.8964],[-0.95745,50.89756],[-0.95681,50.89749],[-0.95646,50.89796],[-0.95836,50.89815],[-0.95812,50.89763],[-0.9588,50.89671],[-0.95956,50.89711],[-0.96162,50.89678],[-0.96243,50.89865],[-0.96373,50.89893],[-0.96616,50.89618],[-0.96839,50.89613],[-0.97123,50.89692],[-0.9769,50.89234],[-0.9894,50.90302],[-0.98913,50.90535],[-0.9877,50.90653],[-0.98789,50.90683],[-0.9866,50.90933],[-0.98367,50.9123],[-0.98352,50.91376],[-0.98629,50.91438],[-0.98957,50.91617],[-0.9898,50.91577],[-0.99066,50.9159],[-0.99333,50.91405],[-0.9939,50.91423],[-0.99391,50.91517],[-0.9944,50.91556],[-0.99621,50.91545],[-0.99702,50.91748],[-0.99622,50.91757],[-0.99654,50.91821],[-0.99703,50.9181],[-0.99724,50.91854],[-0.99759,50.92137],[-0.99661,50.92701],[-0.99477,50.93232],[-0.99391,50.93306],[-0.99376,50.93429],[-0.99151,50.93703],[-0.98706,50.94111],[-0.98383,50.94467],[-0.99137,50.94427],[-0.99437,50.94457],[-0.99668,50.94518],[-1.00011,50.94526],[-1.00208,50.94576],[-1.00169,50.94755],[-1.00568,50.94624],[-1.00623,50.9467],[-1.00577,50.94756],[-1.00609,50.94792],[-1.00511,50.94865],[-1.00486,50.94978],[-1.00536,50.94987],[-1.00602,50.94891],[-1.00799,50.94881],[-1.00805,50.94924],[-1.01005,50.94909],[-1.00995,50.94876],[-1.01099,50.94864],[-1.01022,50.94815],[-1.00993,50.94672],[-1.00995,50.94601],[-1.01124,50.94565],[-1.01086,50.9447],[-1.01494,50.94366],[-1.01415,50.94196],[-1.01222,50.94077],[-1.01334,50.93839],[-1.01273,50.93246],[-1.01085,50.92913],[-1.01266,50.92743],[-1.01383,50.92688],[-1.01264,50.92647],[-1.0133,50.92581],[-1.01234,50.92547],[-1.01402,50.925],[-1.01539,50.92566],[-1.01601,50.92472],[-1.01648,50.92473],[-1.01816,50.92185],[-1.02031,50.92049],[-1.01982,50.92009],[-1.0192,50.92033],[-1.01909,50.91989],[-1.02038,50.91871],[-1.02016,50.91835],[-1.0217,50.91721],[-1.02249,50.91787],[-1.0238,50.91794],[-1.02508,50.91614],[-1.0257,50.91626],[-1.02605,50.91584],[-1.02737,50.91583],[-1.02787,50.91541],[-1.02863,50.9158],[-1.02862,50.91541],[-1.02966,50.91519],[-1.03093,50.91433],[-1.03378,50.91418],[-1.03689,50.91481],[-1.03493,50.92122],[-1.03266,50.92444],[-1.04455,50.92356],[-1.04456,50.92255],[-1.04519,50.92194],[-1.05159,50.91885],[-1.05453,50.91313],[-1.05687,50.91394],[-1.05946,50.91411],[-1.06179,50.91481],[-1.06733,50.91521],[-1.06925,50.91632],[-1.07176,50.91682],[-1.07308,50.91661],[-1.07492,50.91676],[-1.07614,50.91425],[-1.07761,50.91356],[-1.07807,50.91446],[-1.07991,50.91534],[-1.08184,50.91681],[-1.08322,50.91909],[-1.08538,50.9199],[-1.08809,50.92259],[-1.08801,50.92129],[-1.08871,50.91999],[-1.09135,50.9176],[-1.09271,50.91576],[-1.09814,50.91732],[-1.09748,50.91867],[-1.09805,50.91924],[-1.10074,50.91972],[-1.10181,50.9193],[-1.10314,50.91946],[-1.10503,50.92015],[-1.106,50.92092],[-1.10738,50.92125],[-1.10782,50.92273],[-1.11083,50.92419],[-1.11239,50.92534],[-1.11536,50.92468],[-1.11735,50.92383],[-1.11845,50.91986],[-1.122,50.92001],[-1.12345,50.92379],[-1.12413,50.92385],[-1.1281,50.92898],[-1.13094,50.92832],[-1.13045,50.93089],[-1.13261,50.93301],[-1.13365,50.93311],[-1.13475,50.93444],[-1.13599,50.93388],[-1.13827,50.93183],[-1.13802,50.93031],[-1.13899,50.92879],[-1.14196,50.92594],[-1.14534,50.92338],[-1.14641,50.92263],[-1.14827,50.92366],[-1.14968,50.92298],[-1.15209,50.923],[-1.15331,50.92203],[-1.15394,50.92074],[-1.15474,50.9207],[-1.15367,50.91975],[-1.15566,50.91914],[-1.15549,50.91889],[-1.15642,50.91832],[-1.15588,50.91757],[-1.15371,50.91782],[-1.15258,50.91821],[-1.15218,50.91924],[-1.15262,50.91982],[-1.15104,50.91998],[-1.1499,50.9206],[-1.14592,50.92076],[-1.14546,50.92117],[-1.14084,50.91934],[-1.13978,50.90765],[-1.138,50.90683],[-1.13832,50.90631],[-1.13576,50.90668],[-1.13487,50.904],[-1.13888,50.90377],[-1.13872,50.9027],[-1.14086,50.90074],[-1.14142,50.9009],[-1.14146,50.90059],[-1.14575,50.90183],[-1.15291,50.90484],[-1.15341,50.90559],[-1.15534,50.90454],[-1.15576,50.90126],[-1.15792,50.89935],[-1.16135,50.89498],[-1.17553,50.89776],[-1.17676,50.89815],[-1.1767,50.89857],[-1.18211,50.89961],[-1.18167,50.90036],[-1.18251,50.90059],[-1.18394,50.89974],[-1.18463,50.89998],[-1.18476,50.90061],[-1.18388,50.90107],[-1.18394,50.90149],[-1.18336,50.90188],[-1.18323,50.90241],[-1.18382,50.90298],[-1.18293,50.90398],[-1.18183,50.90664],[-1.18604,50.90728],[-1.18644,50.90887],[-1.18627,50.90917],[-1.18227,50.9094],[-1.1832,50.91133],[-1.18446,50.91173],[-1.18062,50.91617],[-1.17875,50.91893],[-1.16237,50.92692],[-1.1633,50.93002],[-1.1656,50.93112],[-1.16773,50.9301],[-1.17135,50.93285],[-1.17044,50.9334],[-1.17085,50.93358],[-1.1702,50.93412],[-1.17308,50.93509],[-1.17225,50.93721],[-1.17533,50.93743],[-1.17619,50.93817],[-1.17521,50.93947],[-1.1764,50.93996],[-1.17733,50.9399],[-1.17788,50.94139],[-1.17737,50.94249],[-1.17793,50.94284],[-1.17625,50.94398],[-1.17681,50.94447],[-1.17571,50.94537],[-1.17559,50.94601],[-1.17637,50.94597],[-1.17828,50.94454],[-1.17906,50.94485],[-1.17836,50.94519],[-1.1793,50.94574],[-1.18112,50.9446],[-1.18164,50.94493],[-1.18069,50.94567],[-1.18309,50.94684],[-1.18167,50.94744],[-1.18335,50.94815],[-1.1834,50.94844],[-1.18372,50.9482],[-1.18463,50.94834],[-1.18545,50.94934],[-1.18678,50.94981],[-1.1862,50.95043],[-1.1875,50.95089],[-1.18861,50.9496],[-1.1912,50.95155],[-1.19289,50.94747],[-1.19391,50.94645],[-1.19839,50.94617],[-1.20176,50.9465],[-1.20355,50.94612],[-1.20455,50.94758],[-1.20776,50.95012],[-1.20624,50.95041],[-1.20691,50.95174],[-1.20593,50.95222],[-1.20279,50.95151],[-1.20209,50.95287],[-1.19978,50.95282],[-1.19694,50.95331],[-1.19614,50.95314],[-1.19589,50.95369],[-1.19504,50.95352],[-1.19475,50.95402],[-1.19299,50.95415],[-1.19331,50.95698],[-1.20112,50.95702],[-1.20121,50.95666],[-1.20619,50.95812],[-1.20659,50.95854],[-1.20782,50.95839],[-1.20852,50.95896],[-1.2099,50.95751],[-1.21209,50.9568],[-1.21289,50.95725],[-1.21163,50.95782],[-1.21312,50.95839],[-1.21393,50.9583],[-1.2147,50.95862],[-1.21521,50.95813],[-1.21922,50.9595],[-1.21987,50.959],[-1.22138,50.95938],[-1.22172,50.9584],[-1.22296,50.95853],[-1.22293,50.95778],[-1.22495,50.95863],[-1.22664,50.95883],[-1.22614,50.95987],[-1.22862,50.9608],[-1.22896,50.96053],[-1.23151,50.96168],[-1.23341,50.96089],[-1.24154,50.96612],[-1.25339,50.97133],[-1.25424,50.97128],[-1.25503,50.97056],[-1.25408,50.96997],[-1.25503,50.9691],[-1.25658,50.96937],[-1.25548,50.97087],[-1.25791,50.97181],[-1.25705,50.97252],[-1.25757,50.97292],[-1.25646,50.97312],[-1.26007,50.97473],[-1.25792,50.97835],[-1.25947,50.97923],[-1.26276,50.98021],[-1.26742,50.98018],[-1.2735,50.98257],[-1.28051,50.98377],[-1.28413,50.98472],[-1.2827,50.9847],[-1.28018,50.98518],[-1.28073,50.98652],[-1.28073,50.98872],[-1.28156,50.98901],[-1.28424,50.98966],[-1.28547,50.98958],[-1.28752,50.98771],[-1.28785,50.98756],[-1.28857,50.98806],[-1.28982,50.98998],[-1.28988,50.99279],[-1.29053,50.99391],[-1.29035,50.99534],[-1.28944,50.99725],[-1.29641,51.00019],[-1.29801,51.00036],[-1.30034,50.99991],[-1.30095,50.99942],[-1.30152,50.99731],[-1.30076,50.99702],[-1.30164,50.99644],[-1.3011,50.9953],[-1.30288,50.99485],[-1.3036,50.99429],[-1.30894,50.99503],[-1.30759,50.99731],[-1.30542,50.99712],[-1.30516,50.99776],[-1.30463,50.99768],[-1.30504,50.99922],[-1.30622,50.9992],[-1.30561,51.00012],[-1.30602,51.00039],[-1.30585,51.00076],[-1.30404,51.00118],[-1.30623,51.00439],[-1.30896,51.00361],[-1.31562,51.00373],[-1.31825,51.0034],[-1.3208,51.00441],[-1.3213,51.00166],[-1.32435,50.99944],[-1.32511,50.99649],[-1.32829,50.99479],[-1.33485,50.9979],[-1.33439,50.99876],[-1.33467,50.99932],[-1.33662,51.00026],[-1.33338,51.00551],[-1.3318,51.00899],[-1.32975,51.01188],[-1.32936,51.01715],[-1.32864,51.01885],[-1.32712,51.02147],[-1.3242,51.02425],[-1.32281,51.02704],[-1.32568,51.02767],[-1.32557,51.03184],[-1.32684,51.03987],[-1.32536,51.03996],[-1.32521,51.04377],[-1.3229,51.04358],[-1.32076,51.04796],[-1.31976,51.04858],[-1.31992,51.04954],[-1.31905,51.0502],[-1.31999,51.0503],[-1.31937,51.0516],[-1.31817,51.05234],[-1.31618,51.05117],[-1.31463,51.05076],[-1.31314,51.0527],[-1.31554,51.05327],[-1.31429,51.05449],[-1.31271,51.05702],[-1.31114,51.05699],[-1.30922,51.05673],[-1.3081,51.05492],[-1.30858,51.05419],[-1.31045,51.05285],[-1.31083,51.05051],[-1.31132,51.04989],[-1.30948,51.04964],[-1.29848,51.05048],[-1.29721,51.05197],[-1.29498,51.05322],[-1.29382,51.05432],[-1.29233,51.05882],[-1.29087,51.0591],[-1.29155,51.06014],[-1.29269,51.06028],[-1.29264,51.06408],[-1.29202,51.06641],[-1.28995,51.06968],[-1.2897,51.07078],[-1.29022,51.07184],[-1.2913,51.07266],[-1.29294,51.07665],[-1.29289,51.07933],[-1.29394,51.07862],[-1.29461,51.07739],[-1.29567,51.07901],[-1.29672,51.07884],[-1.29736,51.07495],[-1.30103,51.06749],[-1.30207,51.06695],[-1.30233,51.06791],[-1.30193,51.06825],[-1.30244,51.06856],[-1.30293,51.06821],[-1.30309,51.06717],[-1.30435,51.06726],[-1.3055,51.06623],[-1.30556,51.06539],[-1.3071,51.06434],[-1.30755,51.0645],[-1.30739,51.0651],[-1.30953,51.06664],[-1.30517,51.06922],[-1.30741,51.07017],[-1.30523,51.07237],[-1.30898,51.07361],[-1.30561,51.07604],[-1.30183,51.07996],[-1.3009,51.08198],[-1.29758,51.08401],[-1.29814,51.08525],[-1.29776,51.08658],[-1.29541,51.08841],[-1.29437,51.09102],[-1.28846,51.09731],[-1.24672,51.09407],[-1.24242,51.09416],[-1.23007,51.09602],[-1.22713,51.09618],[-1.22312,51.0959],[-1.21854,51.09479],[-1.2125,51.09263],[-1.19522,51.08975],[-1.19549,51.08953],[-1.19074,51.08859],[-1.19037,51.08882],[-1.18663,51.08748],[-1.18167,51.0864],[-1.1841,51.08492],[-1.18698,51.08225],[-1.18604,51.0813],[-1.18204,51.08098],[-1.18144,51.08041],[-1.17903,51.08046],[-1.17147,51.07946],[-1.17376,51.07249],[-1.1726,51.07076],[-1.17374,51.06706],[-1.17344,51.06418],[-1.17106,51.0592],[-1.17057,51.0586],[-1.16967,51.05887],[-1.16879,51.0579],[-1.16638,51.05805],[-1.16627,51.0577],[-1.16344,51.05819],[-1.15299,51.06116],[-1.15085,51.06511],[-1.15117,51.06593],[-1.14879,51.06687],[-1.1439,51.0677],[-1.14205,51.06764],[-1.13706,51.06644],[-1.13314,51.06591],[-1.12917,51.06641],[-1.12487,51.06419],[-1.12403,51.06326],[-1.12122,51.06258],[-1.11769,51.06284],[-1.11203,51.06089],[-1.1064,51.06229],[-1.09957,51.06338],[-1.09803,51.06424],[-1.09857,51.0647],[-1.09842,51.06501],[-1.09769,51.065],[-1.09681,51.06548],[-1.09764,51.06449],[-1.09671,51.06411],[-1.09512,51.06545],[-1.09121,51.0653],[-1.09004,51.06626],[-1.08853,51.06548],[-1.08621,51.06645],[-1.08465,51.06604],[-1.08323,51.06666],[-1.07946,51.06741],[-1.07815,51.06813],[-1.07531,51.06841],[-1.07286,51.06906],[-1.07127,51.07019],[-1.06915,51.07031],[-1.0651,51.06976],[-1.06362,51.06925],[-1.06148,51.06919],[-1.06107,51.06976],[-1.05745,51.06921],[-1.05559,51.06968],[-1.04981,51.06977],[-1.04378,51.07031],[-1.03677,51.06989],[-1.03479,51.07166],[-1.03406,51.07355],[-1.03443,51.07391],[-1.03558,51.07411],[-1.03603,51.07512],[-1.03625,51.0776],[-1.03533,51.07815],[-1.0358,51.08159],[-1.03802,51.0814],[-1.03733,51.08207],[-1.03928,51.08443],[-1.03942,51.08493],[-1.03906,51.08499],[-1.04033,51.08797],[-1.03934,51.09127],[-1.03881,51.09108],[-1.0333,51.09259],[-1.03044,51.0928],[-1.03043,51.09356],[-1.02542,51.09471],[-1.02236,51.09502],[-1.02218,51.09402],[-1.02165,51.094],[-1.02154,51.0935],[-1.01707,51.09278],[-1.01683,51.09577],[-1.01736,51.09656],[-1.02163,51.10036],[-1.02413,51.10508],[-1.02817,51.10679],[-1.02741,51.10745],[-1.03029,51.10955],[-1.03003,51.1098],[-1.03066,51.11018],[-1.03033,51.11053],[-1.03227,51.11224],[-1.03076,51.11301],[-1.03252,51.11485],[-1.03173,51.11494],[-1.02804,51.11767],[-1.02014,51.12189],[-1.01636,51.12474],[-1.01416,51.1259],[-1.00964,51.12723],[-0.99981,51.12927],[-0.99547,51.1316],[-0.99413,51.13153],[-0.99397,51.13261],[-0.99022,51.1351],[-0.98795,51.13601],[-0.98571,51.1365],[-0.98576,51.13543],[-0.98082,51.13593],[-0.97699,51.13579],[-0.97406,51.13517],[-0.97025,51.1334],[-0.97032,51.13301],[-0.96791,51.1327],[-0.96759,51.13297],[-0.96537,51.13254],[-0.96636,51.13102],[-0.96732,51.12727],[-0.96842,51.12574],[-0.97035,51.12402],[-0.97096,51.12396],[-0.97337,51.12224],[-0.97669,51.11936],[-0.97635,51.11863],[-0.97461,51.11771],[-0.97493,51.11665],[-0.97637,51.11535],[-0.97868,51.11469],[-0.97837,51.11395],[-0.98039,51.11385],[-0.9811,51.11354],[-0.98054,51.11129],[-0.97965,51.11144],[-0.97936,51.11059],[-0.97803,51.11073],[-0.97808,51.10929],[-0.97744,51.10928],[-0.97753,51.10855],[-0.97316,51.10819],[-0.96778,51.10704],[-0.9598,51.10815],[-0.95677,51.10911],[-0.95264,51.10946],[-0.95079,51.10864],[-0.94642,51.109],[-0.94512,51.10803],[-0.94363,51.10793],[-0.94187,51.10899],[-0.93506,51.11099],[-0.93341,51.11208],[-0.92912,51.11306],[-0.92838,51.11348],[-0.92801,51.11474],[-0.92897,51.11595],[-0.92908,51.11802],[-0.93028,51.11822],[-0.93505,51.11739],[-0.93611,51.11832],[-0.93973,51.11852],[-0.94243,51.11747],[-0.94292,51.11867],[-0.94232,51.11935],[-0.94351,51.12111],[-0.94065,51.12171],[-0.94098,51.12545],[-0.94321,51.12706],[-0.94381,51.12696],[-0.9448,51.12808],[-0.9429,51.1289],[-0.94226,51.12887],[-0.93937,51.13218],[-0.93797,51.13244],[-0.93586,51.13418],[-0.93431,51.13583],[-0.9349,51.13597],[-0.93399,51.13814],[-0.93297,51.13799],[-0.93269,51.13841],[-0.93288,51.13924],[-0.93229,51.13917],[-0.93114,51.14024],[-0.9289,51.13906],[-0.92121,51.14463],[-0.91906,51.14861],[-0.92064,51.1498],[-0.91934,51.15017],[-0.92002,51.15162],[-0.91837,51.15109],[-0.9173,51.15107],[-0.91604,51.15182],[-0.91658,51.15843],[-0.91619,51.15832],[-0.9157,51.16156],[-0.91463,51.16134],[-0.91432,51.16177],[-0.91522,51.16252],[-0.91505,51.16331],[-0.91188,51.16424],[-0.90728,51.16482],[-0.90563,51.16443],[-0.90253,51.16477],[-0.89899,51.16434],[-0.89877,51.16591],[-0.89952,51.1664],[-0.90016,51.16845],[-0.89887,51.17161],[-0.8988,51.17283],[-0.89758,51.17437],[-0.89544,51.17487],[-0.88777,51.17552],[-0.87867,51.1774],[-0.86604,51.18183],[-0.86627,51.18206],[-0.85922,51.1857],[-0.83894,51.19334],[-0.83615,51.18976],[-0.83688,51.18768],[-0.83797,51.18675],[-0.83655,51.18624],[-0.83701,51.18595],[-0.83659,51.18571]]]]}},{"type":"Feature","properties":{"name":"Lake District","kind":"national_park"},"geometry":{"type":"MultiPolygon","coordinates":[[[[-2.82861,54.21965],[-2.82843,54.21949],[-2.82962,54.21976],[-2.82958,54.2198],[-2.82861,54.21965]]],[[[-3.05157,54.23299],[-3.05158,54.23296],[-3.05191,54.23329],[-3.05175,54.23413],[-3.05173,54.23411],[-3.0511,54.23362],[-3.05154,54.23304],[-3.05157,54.23299]]],[[[-3.43947,54.3577],[-3.43963,54.35747],[-3.43908,54.35755],[-3.43911,54.3573],[-3.43659,54.35672],[-3.43213,54.3544],[-3.42794,54.35353],[-3.42324,54.35323],[-3.42285,54.35376],[-3.42074,54.35391],[-3.41745,54.35329],[-3.41973,54.3529],[-3.41888,54.3524],[-3.41925,54.3523],[-3.41845,54.35151],[-3.418,54.34933],[-3.41741,54.34881],[-3.42392,54.34506],[-3.42492,54.34521],[-3.42503,54.34518],[-3.42781,54.34401],[-3.42495,54.34517],[-3.42443,54.3449],[-3.42602,54.34397],[-3.42677,54.34308],[-3.4304,54.34198],[-3.43327,54.3428],[-3.43505,54.34387],[-3.4353,54.34341],[-3.43868,54.34619],[-3.44229,54.35023],[-3.46045,54.36426],[-3.44226,54.37101],[-3.44342,54.36901],[-3.4422,54.36701],[-3.43962,54.36446],[-3.44175,54.36318],[-3.44237,54.36149],[-3.44141,54.36093],[-3.44061,54.35867],[-3.43947,54.3577]]],[[[-3.06451,54.76367],[-3.05918,54.76289],[-3.0586,54.76313],[-3.05756,54.76263],[-3.05709,54.76151],[-3.05779,54.76068],[-3.05734,54.75853],[-3.05833,54.75641],[-3.059,54.75608],[-3.05899,54.75467],[-3.05787,54.75301],[-3.05616,54.75237],[-3.0553,54.75142],[-3.05364,54.75078],[-3.05371,54.75022],[-3.05303,54.7504],[-3.0523,54.74937],[-3.04886,54.74978],[-3.04804,54.7495],[-3.04688,54.74979],[-3.04442,54.74959],[-3.04345,54.75012],[-3.04122,54.74922],[-3.03832,54.74918],[-3.03761,54.7498],[-3.03698,54.74986],[-3.03518,54.7496],[-3.03292,54.74842],[-3.03177,54.74871],[-3.03065,54.74858],[-3.02756,54.74932],[-3.02635,54.74908],[-3.02572,54.74858],[-3.02307,54.74967],[-3.02194,54.7495],[-3.02214,54.74919],[-3.02151,54.74853],[-3.02467,54.7481],[-3.02587,54.7482],[-3.02623,54.74785],[-3.02612,54.74718],[-3.02546,54.74677],[-3.02403,54.74639],[-3.02222,54.74644],[-3.02169,54.74598],[-3.02353,54.74223],[-3.02201,54.74165],[-3.02187,54.74065],[-3.02114,54.73987],[-3.01664,54.73923],[-3.01551,54.73873],[-3.01582,54.73762],[-3.01176,54.73663],[-3.01149,54.73604],[-3.01215,54.73517],[-3.01191,54.73475],[-3.00852,54.73463],[-3.005,54.73351],[-3.00341,54.73366],[-3.00225,54.73316],[-3.00097,54.73318],[-2.99971,54.73381],[-2.99659,54.73359],[-2.99619,54.73285],[-2.99669,54.73174],[-2.99307,54.73108],[-2.99256,54.73047],[-2.99283,54.72908],[-2.99178,54.72832],[-2.98957,54.72774],[-2.98896,54.72843],[-2.9864,54.72772],[-2.98578,54.72801],[-2.98449,54.72798],[-2.98075,54.72696],[-2.97852,54.72589],[-2.9755,54.72615],[-2.97471,54.72593],[-2.97395,54.72453],[-2.97306,54.72403],[-2.97327,54.72324],[-2.97458,54.72276],[-2.97178,54.71954],[-2.96698,54.71],[-2.96333,54.70054],[-2.96042,54.69546],[-2.96002,54.6934],[-2.96062,54.69171],[-2.97362,54.6792],[-2.9676,54.67501],[-2.96402,54.67366],[-2.96184,54.67335],[-2.96122,54.67272],[-2.95253,54.66793],[-2.94053,54.66184],[-2.9289,54.65697],[-2.92671,54.65405],[-2.92439,54.65229],[-2.92317,54.64295],[-2.92096,54.64336],[-2.90251,54.64203],[-2.89479,54.64332],[-2.87995,54.64351],[-2.8766,54.64294],[-2.87189,54.64151],[-2.86917,54.64134],[-2.86851,54.63942],[-2.85218,54.64187],[-2.84239,54.64421],[-2.82302,54.6461],[-2.79381,54.63713],[-2.79409,54.63581],[-2.79345,54.63575],[-2.7936,54.63499],[-2.79219,54.63272],[-2.79089,54.6322],[-2.79,54.6327],[-2.78844,54.6316],[-2.78563,54.63251],[-2.78353,54.63268],[-2.78303,54.63229],[-2.78372,54.63132],[-2.78322,54.63072],[-2.78415,54.62908],[-2.78167,54.62626],[-2.78127,54.62527],[-2.78171,54.62513],[-2.78115,54.62443],[-2.78072,54.62426],[-2.78034,54.62514],[-2.77977,54.62527],[-2.77938,54.62498],[-2.77874,54.62246],[-2.77879,54.62163],[-2.78179,54.6204],[-2.78055,54.61981],[-2.78173,54.61919],[-2.78047,54.61849],[-2.77993,54.61869],[-2.77812,54.6175],[-2.77768,54.61678],[-2.77896,54.61573],[-2.77681,54.61395],[-2.77331,54.61194],[-2.77155,54.613],[-2.77141,54.61345],[-2.77018,54.61387],[-2.76697,54.61602],[-2.76561,54.61763],[-2.76334,54.61893],[-2.76066,54.61979],[-2.75854,54.61998],[-2.75629,54.62365],[-2.75475,54.6245],[-2.75395,54.62547],[-2.75428,54.62619],[-2.75394,54.62637],[-2.75099,54.62345],[-2.74941,54.62058],[-2.74662,54.61768],[-2.74249,54.61834],[-2.74224,54.61946],[-2.74292,54.62066],[-2.74278,54.62136],[-2.73995,54.62252],[-2.73937,54.62386],[-2.73508,54.62441],[-2.73464,54.62269],[-2.73308,54.62133],[-2.73101,54.61833],[-2.72766,54.61649],[-2.72768,54.6156],[-2.72423,54.61308],[-2.72326,54.61161],[-2.72756,54.61134],[-2.72433,54.61071],[-2.71723,54.60838],[-2.71767,54.60805],[-2.71755,54.60729],[-2.71649,54.60393],[-2.71583,54.60378],[-2.71565,54.59983],[-2.71468,54.59774],[-2.71179,54.59503],[-2.70619,54.59332],[-2.70766,54.59153],[-2.70516,54.59083],[-2.70145,54.58916],[-2.69993,54.58917],[-2.6987,54.58874],[-2.69727,54.58437],[-2.69743,54.58208],[-2.69651,54.58027],[-2.69911,54.57666],[-2.69886,54.57648],[-2.70043,54.57497],[-2.70044,54.57204],[-2.69835,54.56976],[-2.69774,54.56789],[-2.69709,54.56724],[-2.69756,54.56427],[-2.69607,54.56456],[-2.69498,54.56437],[-2.69404,54.558],[-2.69753,54.55853],[-2.70244,54.55787],[-2.70882,54.55746],[-2.71136,54.55594],[-2.71121,54.55529],[-2.71915,54.55369],[-2.71941,54.55211],[-2.71839,54.55012],[-2.71522,54.54787],[-2.71103,54.5459],[-2.70536,54.54431],[-2.70246,54.54299],[-2.70154,54.54203],[-2.69922,54.54108],[-2.69444,54.53705],[-2.69747,54.53551],[-2.69807,54.53378],[-2.69979,54.53216],[-2.70098,54.53156],[-2.69935,54.53081],[-2.69791,54.52864],[-2.70011,54.52674],[-2.70051,54.52555],[-2.69958,54.52447],[-2.69957,54.52381],[-2.69511,54.52204],[-2.6931,54.52212],[-2.69272,54.52227],[-2.69295,54.52252],[-2.69077,54.52251],[-2.68749,54.52044],[-2.68665,54.51915],[-2.68692,54.51883],[-2.685,54.51725],[-2.6835,54.51744],[-2.68103,54.51712],[-2.68059,54.51671],[-2.67919,54.51367],[-2.68114,54.51228],[-2.68112,54.50954],[-2.68011,54.50874],[-2.68099,54.50731],[-2.6805,54.50592],[-2.68096,54.5052],[-2.67855,54.5029],[-2.67861,54.50225],[-2.67733,54.50148],[-2.67613,54.49761],[-2.67291,54.4871],[-2.67331,54.47947],[-2.67278,54.47789],[-2.67076,54.47508],[-2.67112,54.47341],[-2.66626,54.47278],[-2.66332,54.4733],[-2.6611,54.47425],[-2.6604,54.47481],[-2.66059,54.47528],[-2.65986,54.47574],[-2.65794,54.47584],[-2.65737,54.47647],[-2.65647,54.47651],[-2.6533,54.47809],[-2.65238,54.47961],[-2.65097,54.47929],[-2.64958,54.48032],[-2.64786,54.48031],[-2.64617,54.4795],[-2.64602,54.47833],[-2.64656,54.47751],[-2.64572,54.47592],[-2.64511,54.47567],[-2.64412,54.47626],[-2.64296,54.47616],[-2.64292,54.4752],[-2.64096,54.47421],[-2.64028,54.47091],[-2.63867,54.46892],[-2.63739,54.46828],[-2.63692,54.46703],[-2.63511,54.46515],[-2.63375,54.46432],[-2.63453,54.46387],[-2.63434,54.46342],[-2.63394,54.46318],[-2.63167,54.46406],[-2.62994,54.46371],[-2.62909,54.46252],[-2.62824,54.4629],[-2.62573,54.46303],[-2.62704,54.46094],[-2.62705,54.45916],[-2.62663,54.45839],[-2.62507,54.45765],[-2.6246,54.45705],[-2.62532,54.45576],[-2.62537,54.45383],[-2.62283,54.45209],[-2.6221,54.45016],[-2.61984,54.44902],[-2.62072,54.44777],[-2.62089,54.44669],[-2.62205,54.44579],[-2.62141,54.44539],[-2.62065,54.44553],[-2.61898,54.44448],[-2.61783,54.44441],[-2.61809,54.44239],[-2.61442,54.44194],[-2.61054,54.44211],[-2.61039,54.44166],[-2.60679,54.43912],[-2.60561,54.43843],[-2.6053,54.43861],[-2.6045,54.43801],[-2.60463,54.4377],[-2.60407,54.43774],[-2.6028,54.4369],[-2.60061,54.43487],[-2.59951,54.43315],[-2.60047,54.43215],[-2.60205,54.42803],[-2.60195,54.42578],[-2.60036,54.4224],[-2.6,54.42],[-2.60061,54.41913],[-2.60065,54.41775],[-2.60191,54.41675],[-2.6018,54.41408],[-2.60255,54.41195],[-2.60407,54.40954],[-2.60678,54.40746],[-2.60568,54.40539],[-2.60545,54.40103],[-2.60498,54.40099],[-2.6034,54.39818],[-2.60118,54.39583],[-2.5919,54.38899],[-2.58607,54.38558],[-2.58268,54.38243],[-2.58279,54.38035],[-2.58374,54.37722],[-2.58525,54.37751],[-2.58933,54.37717],[-2.59204,54.3783],[-2.59477,54.37811],[-2.59885,54.37831],[-2.60139,54.37929],[-2.60279,54.37864],[-2.61089,54.37644],[-2.61675,54.37735],[-2.61818,54.37593],[-2.6212,54.37401],[-2.62888,54.37115],[-2.6347,54.3705],[-2.64103,54.37044],[-2.64062,54.37144],[-2.64503,54.37202],[-2.64855,54.37211],[-2.64866,54.37293],[-2.6502,54.37358],[-2.65288,54.37357],[-2.65612,54.37468],[-2.6576,54.37489],[-2.66022,54.37695],[-2.6618,54.37706],[-2.66253,54.37781],[-2.66356,54.37799],[-2.66553,54.37776],[-2.67161,54.37952],[-2.67389,54.38102],[-2.67501,54.38304],[-2.67382,54.38516],[-2.67333,54.38525],[-2.67326,54.38599],[-2.67464,54.38584],[-2.67567,54.38657],[-2.67862,54.38751],[-2.67886,54.38924],[-2.68114,54.39091],[-2.6825,54.39339],[-2.68529,54.39466],[-2.6866,54.39717],[-2.6874,54.39998],[-2.69019,54.39979],[-2.69049,54.39805],[-2.69152,54.39829],[-2.69245,54.39897],[-2.69427,54.39877],[-2.69656,54.39912],[-2.69858,54.39963],[-2.69918,54.40058],[-2.70012,54.40074],[-2.70217,54.40269],[-2.70447,54.40256],[-2.70487,54.40301],[-2.70593,54.403],[-2.70612,54.40346],[-2.70756,54.40269],[-2.7081,54.39988],[-2.71088,54.39732],[-2.71519,54.39583],[-2.7201,54.39271],[-2.7233,54.39185],[-2.7277,54.38873],[-2.72949,54.38695],[-2.73052,54.38744],[-2.73337,54.38565],[-2.73482,54.38667],[-2.73522,54.38654],[-2.7355,54.38369],[-2.73767,54.37987],[-2.74227,54.37552],[-2.74527,54.37544],[-2.7471,54.37573],[-2.74946,54.37553],[-2.75111,54.37512],[-2.75305,54.37414],[-2.75776,54.37328],[-2.76357,54.37341],[-2.76645,54.37434],[-2.7674,54.3743],[-2.76791,54.37396],[-2.77085,54.37388],[-2.77261,54.37289],[-2.77356,54.37096],[-2.7734,54.3698],[-2.77431,54.36934],[-2.77436,54.36876],[-2.77685,54.36925],[-2.77801,54.37066],[-2.77949,54.37139],[-2.77942,54.37209],[-2.78435,54.3746],[-2.78956,54.37541],[-2.79338,54.37551],[-2.79384,54.37449],[-2.79196,54.37163],[-2.78788,54.36929],[-2.79433,54.36668],[-2.79766,54.36407],[-2.79438,54.36222],[-2.79312,54.36014],[-2.79177,54.35918],[-2.78578,54.35733],[-2.78354,54.35393],[-2.78231,54.35304],[-2.78006,54.35214],[-2.77506,54.3479],[-2.77428,54.34687],[-2.77477,54.34557],[-2.77414,54.34446],[-2.77151,54.34341],[-2.76423,54.33892],[-2.76546,54.33717],[-2.76076,54.33475],[-2.76216,54.33456],[-2.76501,54.33327],[-2.76571,54.33247],[-2.76802,54.33306],[-2.76583,54.32944],[-2.76328,54.32747],[-2.766,54.32636],[-2.76502,54.32539],[-2.76547,54.32349],[-2.76628,54.32344],[-2.76572,54.32256],[-2.76769,54.32193],[-2.76608,54.32045],[-2.76713,54.3195],[-2.76678,54.3186],[-2.76716,54.31839],[-2.76733,54.31506],[-2.76792,54.31388],[-2.76954,54.31289],[-2.77161,54.31015],[-2.77067,54.30932],[-2.77231,54.307],[-2.77154,54.30463],[-2.77132,54.30012],[-2.77035,54.3005],[-2.76678,54.30035],[-2.76817,54.29842],[-2.76994,54.29743],[-2.76884,54.2965],[-2.7693,54.29466],[-2.76816,54.29436],[-2.76754,54.29367],[-2.76348,54.29298],[-2.76637,54.29058],[-2.76779,54.28807],[-2.76808,54.28643],[-2.76728,54.2796],[-2.76926,54.27894],[-2.7697,54.27704],[-2.77212,54.27487],[-2.77908,54.27332],[-2.78457,54.27299],[-2.78863,54.27587],[-2.78846,54.2769],[-2.78977,54.27744],[-2.78962,54.27774],[-2.79013,54.27788],[-2.7904,54.27758],[-2.79032,54.27906],[-2.79112,54.27921],[-2.79168,54.27436],[-2.79081,54.27327],[-2.79108,54.27092],[-2.79353,54.26461],[-2.80516,54.26535],[-2.80787,54.26513],[-2.80994,54.26377],[-2.81047,54.26402],[-2.8126,54.26394],[-2.81257,54.2629],[-2.81433,54.26234],[-2.81271,54.26028],[-2.81311,54.25849],[-2.81301,54.25831],[-2.812,54.25814],[-2.81196,54.25764],[-2.81207,54.25756],[-2.8134,54.25672],[-2.81493,54.25645],[-2.81508,54.25586],[-2.81473,54.25566],[-2.81307,54.25589],[-2.81068,54.25511],[-2.80908,54.25376],[-2.80907,54.25371],[-2.80888,54.25226],[-2.80814,54.25172],[-2.80772,54.25133],[-2.81192,54.25063],[-2.81462,54.2494],[-2.81521,54.24854],[-2.81527,54.24732],[-2.81445,54.24439],[-2.81363,54.24398],[-2.81363,54.24396],[-2.81354,54.24393],[-2.81244,54.24337],[-2.81254,54.24359],[-2.81027,54.24282],[-2.80829,54.24268],[-2.80186,54.24524],[-2.80127,54.24465],[-2.80305,54.24431],[-2.80173,54.24423],[-2.80247,54.24383],[-2.80122,54.24446],[-2.80057,54.24375],[-2.80115,54.24298],[-2.80062,54.24272],[-2.80168,54.24208],[-2.80055,54.24268],[-2.80063,54.24294],[-2.80107,54.24299],[-2.80051,54.2437],[-2.80054,54.24298],[-2.8003,54.24362],[-2.79955,54.24309],[-2.79923,54.24157],[-2.80203,54.23871],[-2.80417,54.23442],[-2.80496,54.22767],[-2.80808,54.22494],[-2.80897,54.22465],[-2.80831,54.22483],[-2.80941,54.22332],[-2.81241,54.22278],[-2.8095,54.22321],[-2.81055,54.22254],[-2.8096,54.22285],[-2.80949,54.22189],[-2.80963,54.22179],[-2.81108,54.22126],[-2.8097,54.22174],[-2.80997,54.22156],[-2.81188,54.22082],[-2.81546,54.22052],[-2.82202,54.22119],[-2.82696,54.22003],[-2.82739,54.21959],[-2.82802,54.21945],[-2.82906,54.21988],[-2.82994,54.21983],[-2.82998,54.21984],[-2.83002,54.21983],[-2.83013,54.21982],[-2.83048,54.21963],[-2.83155,54.21918],[-2.83184,54.2189],[-2.83237,54.21862],[-2.83206,54.21869],[-2.83405,54.21679],[-2.83608,54.21507],[-2.83762,54.21283],[-2.84152,54.20713],[-2.83796,54.21283],[-2.83579,54.21628],[-2.83604,54.21916],[-2.83593,54.21635],[-2.83757,54.21388],[-2.83854,54.21344],[-2.83767,54.21371],[-2.83827,54.21282],[-2.8396,54.21084],[-2.84041,54.21081],[-2.8397,54.21072],[-2.84032,54.20973],[-2.8415,54.20957],[-2.84051,54.20952],[-2.84152,54.20794],[-2.84243,54.2079],[-2.84162,54.20779],[-2.84251,54.20559],[-2.84382,54.20568],[-2.85459,54.20458],[-2.86075,54.20326],[-2.8634,54.20321],[-2.86882,54.20246],[-2.86964,54.20254],[-2.86909,54.20319],[-2.87005,54.20317],[-2.8703,54.20381],[-2.87035,54.2038],[-2.87008,54.20315],[-2.86917,54.20315],[-2.87039,54.20245],[-2.8685,54.19923],[-2.87161,54.20411],[-2.87066,54.20238],[-2.87143,54.20264],[-2.87059,54.20228],[-2.86911,54.19969],[-2.87054,54.20185],[-2.87174,54.20231],[-2.87499,54.20208],[-2.87844,54.20123],[-2.87844,54.20203],[-2.88343,54.20792],[-2.88434,54.2084],[-2.88532,54.21183],[-2.88749,54.21337],[-2.88811,54.21242],[-2.89085,54.21264],[-2.89189,54.21223],[-2.89411,54.21243],[-2.89716,54.21073],[-2.89745,54.21253],[-2.90086,54.21172],[-2.90093,54.21133],[-2.90199,54.21351],[-2.90319,54.21484],[-2.90621,54.2141],[-2.90831,54.21464],[-2.91095,54.21475],[-2.91088,54.21341],[-2.91155,54.2126],[-2.91104,54.21137],[-2.91265,54.21019],[-2.91295,54.20733],[-2.91416,54.20624],[-2.91382,54.20494],[-2.91311,54.20429],[-2.91429,54.204],[-2.91564,54.20319],[-2.91653,54.20347],[-2.91817,54.2029],[-2.91937,54.20121],[-2.91973,54.20318],[-2.93071,54.20438],[-2.93089,54.20316],[-2.93263,54.20252],[-2.93346,54.20181],[-2.93467,54.20215],[-2.93451,54.20276],[-2.93575,54.20288],[-2.93459,54.20496],[-2.93462,54.20593],[-2.94414,54.20676],[-2.94646,54.20517],[-2.95057,54.20507],[-2.95259,54.20792],[-2.95261,54.20942],[-2.95135,54.21076],[-2.95069,54.21105],[-2.95049,54.21074],[-2.94935,54.21197],[-2.94991,54.21265],[-2.95044,54.21268],[-2.9502,54.213],[-2.95153,54.21328],[-2.9517,54.21306],[-2.953,54.214],[-2.9532,54.21438],[-2.95272,54.21462],[-2.95181,54.21447],[-2.95178,54.2147],[-2.95338,54.21495],[-2.9532,54.21672],[-2.95505,54.21646],[-2.95586,54.21705],[-2.95726,54.21675],[-2.96158,54.22093],[-2.96073,54.22223],[-2.95959,54.22296],[-2.95965,54.22349],[-2.95908,54.22346],[-2.959,54.22492],[-2.96054,54.22503],[-2.9602,54.22583],[-2.96162,54.2261],[-2.9619,54.22533],[-2.96546,54.22521],[-2.97027,54.22645],[-2.97375,54.22663],[-2.97567,54.2283],[-2.97748,54.22783],[-2.98517,54.22979],[-2.98718,54.22945],[-2.98908,54.22977],[-2.99121,54.22892],[-2.99271,54.22716],[-2.99508,54.22217],[-2.99531,54.22312],[-2.99737,54.22384],[-2.99905,54.22493],[-3.00743,54.22806],[-3.00836,54.22806],[-3.0112,54.22672],[-3.01343,54.22522],[-3.01431,54.22225],[-3.01609,54.2198],[-3.01754,54.21985],[-3.01877,54.2203],[-3.02022,54.21936],[-3.02075,54.21968],[-3.02118,54.2193],[-3.02268,54.21976],[-3.02375,54.2191],[-3.0248,54.21855],[-3.02471,54.21772],[-3.0258,54.21838],[-3.02662,54.21845],[-3.02757,54.21927],[-3.02822,54.22305],[-3.02782,54.22502],[-3.02904,54.22543],[-3.02801,54.22494],[-3.02875,54.22484],[-3.02803,54.22471],[-3.02848,54.22432],[-3.02814,54.22421],[-3.02841,54.22283],[-3.02802,54.22133],[-3.02907,54.22112],[-3.02923,54.22227],[-3.03159,54.22539],[-3.03055,54.22599],[-3.03119,54.22591],[-3.03109,54.2268],[-3.03367,54.22928],[-3.0338,54.22883],[-3.03307,54.22804],[-3.03522,54.22825],[-3.03941,54.22737],[-3.03868,54.22791],[-3.03922,54.22797],[-3.03912,54.2287],[-3.03951,54.22845],[-3.03938,54.22787],[-3.03911,54.22778],[-3.03981,54.22743],[-3.04047,54.22787],[-3.03973,54.22726],[-3.04046,54.2269],[-3.04281,54.22657],[-3.04627,54.22675],[-3.04672,54.22827],[-3.04762,54.22931],[-3.04872,54.23328],[-3.04764,54.23496],[-3.04537,54.23587],[-3.04343,54.23725],[-3.03801,54.23747],[-3.03683,54.2381],[-3.0367,54.23884],[-3.03416,54.23962],[-3.0332,54.24085],[-3.03371,54.24317],[-3.03308,54.24381],[-3.03075,54.24308],[-3.0287,54.24137],[-3.03134,54.23998],[-3.0321,54.23921],[-3.03181,54.23842],[-3.03023,54.23689],[-3.02892,54.23681],[-3.02809,54.23711],[-3.02544,54.24016],[-3.02281,54.2391],[-3.02167,54.23915],[-3.01739,54.24063],[-3.01428,54.23986],[-3.0138,54.24157],[-3.01411,54.24276],[-3.01337,54.24331],[-3.01383,54.24335],[-3.01459,54.2429],[-3.01431,54.24157],[-3.01468,54.24014],[-3.01761,54.24094],[-3.02267,54.23938],[-3.0237,54.23965],[-3.02459,54.2405],[-3.02563,54.24057],[-3.02631,54.2403],[-3.02907,54.23741],[-3.03154,54.23879],[-3.03133,54.23938],[-3.02835,54.24057],[-3.02731,54.24161],[-3.02804,54.24283],[-3.02984,54.24352],[-3.03099,54.24553],[-3.03055,54.2461],[-3.02884,54.24577],[-3.02821,54.24602],[-3.028,54.24669],[-3.02852,54.24837],[-3.02958,54.2491],[-3.02989,54.2498],[-3.02931,54.25191],[-3.03028,54.25286],[-3.02866,54.25333],[-3.0254,54.25517],[-3.02455,54.25627],[-3.0238,54.25603],[-3.02337,54.25605],[-3.02304,54.25608],[-3.02136,54.25677],[-3.01886,54.25905],[-3.01561,54.26005],[-3.01379,54.26133],[-3.01255,54.26231],[-3.00992,54.26543],[-3.00821,54.26898],[-3.00982,54.26573],[-3.01322,54.26193],[-3.01509,54.26053],[-3.01846,54.25943],[-3.01904,54.25908],[-3.0214,54.25688],[-3.02303,54.25616],[-3.02378,54.25611],[-3.02396,54.25619],[-3.02455,54.25647],[-3.02541,54.25542],[-3.02899,54.25342],[-3.03053,54.25299],[-3.02966,54.25202],[-3.03025,54.25092],[-3.03013,54.24925],[-3.02862,54.24779],[-3.02858,54.24635],[-3.03131,54.24629],[-3.03177,54.24604],[-3.03148,54.24522],[-3.03421,54.24487],[-3.03564,54.24434],[-3.03649,54.24305],[-3.0367,54.24053],[-3.03696,54.24006],[-3.03787,54.2398],[-3.04016,54.24021],[-3.04625,54.24057],[-3.04791,54.24178],[-3.04808,54.24228],[-3.04798,54.24178],[-3.04642,54.24052],[-3.04791,54.23942],[-3.04821,54.23718],[-3.04915,54.23541],[-3.05058,54.23387],[-3.05128,54.23446],[-3.05107,54.23501],[-3.05177,54.23511],[-3.05206,54.23559],[-3.05213,54.23579],[-3.05346,54.2372],[-3.05639,54.23782],[-3.05984,54.24046],[-3.06141,54.24109],[-3.06215,54.24419],[-3.06306,54.24488],[-3.06456,54.24521],[-3.06548,54.24697],[-3.06673,54.24744],[-3.06766,54.24824],[-3.06959,54.25123],[-3.07177,54.25298],[-3.07311,54.25533],[-3.07487,54.25647],[-3.07933,54.25834],[-3.08452,54.25907],[-3.08847,54.25895],[-3.0926,54.25977],[-3.10087,54.25922],[-3.10638,54.25961],[-3.10742,54.25939],[-3.11328,54.25626],[-3.11789,54.25476],[-3.12233,54.2529],[-3.12465,54.25347],[-3.12884,54.25358],[-3.13365,54.25456],[-3.14121,54.2553],[-3.14386,54.25621],[-3.14651,54.25603],[-3.15314,54.2541],[-3.15677,54.25337],[-3.15869,54.25328],[-3.16071,54.25419],[-3.16171,54.25421],[-3.16319,54.2548],[-3.16739,54.25532],[-3.17023,54.25534],[-3.1715,54.25651],[-3.17306,54.257],[-3.17453,54.25702],[-3.17634,54.25647],[-3.17875,54.25664],[-3.17956,54.25754],[-3.18073,54.25793],[-3.18115,54.25892],[-3.18006,54.26104],[-3.18108,54.26276],[-3.18062,54.26561],[-3.18211,54.2659],[-3.18741,54.26786],[-3.19487,54.26912],[-3.19552,54.26943],[-3.19889,54.26979],[-3.20211,54.27123],[-3.20329,54.27113],[-3.20603,54.27275],[-3.20737,54.27313],[-3.2079,54.27378],[-3.20788,54.27488],[-3.20912,54.27602],[-3.20919,54.27665],[-3.21003,54.2771],[-3.2117,54.27601],[-3.21405,54.27316],[-3.21586,54.26932],[-3.22253,54.27063],[-3.22532,54.2709],[-3.22503,54.27326],[-3.22397,54.2756],[-3.22498,54.27649],[-3.22458,54.27693],[-3.22358,54.2769],[-3.22263,54.27763],[-3.223,54.27871],[-3.22203,54.28041],[-3.22264,54.28021],[-3.22301,54.27916],[-3.22312,54.27864],[-3.22276,54.27772],[-3.22364,54.27695],[-3.22481,54.277],[-3.22524,54.27645],[-3.22783,54.27772],[-3.22783,54.27771],[-3.22784,54.27771],[-3.22819,54.27885],[-3.22785,54.28062],[-3.22839,54.28156],[-3.23333,54.2835],[-3.23508,54.28256],[-3.23521,54.28092],[-3.23683,54.2785],[-3.23743,54.27583],[-3.23942,54.27264],[-3.24335,54.2711],[-3.24541,54.27181],[-3.24683,54.27166],[-3.24889,54.27197],[-3.25177,54.27002],[-3.2558,54.26869],[-3.25732,54.26878],[-3.25851,54.26835],[-3.26052,54.26702],[-3.26472,54.26054],[-3.26381,54.25827],[-3.26514,54.25606],[-3.26706,54.25539],[-3.2706,54.25498],[-3.27158,54.25523],[-3.27166,54.25461],[-3.27266,54.25431],[-3.27586,54.2541],[-3.27702,54.25426],[-3.27981,54.25389],[-3.28347,54.25156],[-3.28645,54.25076],[-3.28784,54.24973],[-3.28585,54.2489],[-3.28482,54.24775],[-3.28605,54.2474],[-3.28639,54.24694],[-3.28547,54.24629],[-3.28613,54.24541],[-3.29079,54.24432],[-3.3028,54.23784],[-3.30428,54.23643],[-3.30626,54.23538],[-3.30781,54.23327],[-3.31192,54.23027],[-3.3124,54.23046],[-3.31323,54.23005],[-3.31342,54.22914],[-3.31734,54.22613],[-3.32004,54.22497],[-3.32361,54.22262],[-3.32562,54.22266],[-3.32857,54.22218],[-3.32848,54.22284],[-3.33102,54.22161],[-3.33112,54.22081],[-3.33,54.21936],[-3.33103,54.2186],[-3.33084,54.21836],[-3.33161,54.21808],[-3.33156,54.21651],[-3.33259,54.2151],[-3.33392,54.21385],[-3.33499,54.21379],[-3.33519,54.21226],[-3.3361,54.21158],[-3.33595,54.21057],[-3.34051,54.20832],[-3.34114,54.20816],[-3.34124,54.20827],[-3.35114,54.21874],[-3.36493,54.23178],[-3.37929,54.24434],[-3.38657,54.24924],[-3.38918,54.25177],[-3.3927,54.25328],[-3.39409,54.25436],[-3.40373,54.26432],[-3.40472,54.26785],[-3.40888,54.27136],[-3.41095,54.27385],[-3.41357,54.27612],[-3.41716,54.27978],[-3.41967,54.28311],[-3.41962,54.28356],[-3.42103,54.28445],[-3.42093,54.28573],[-3.41988,54.28669],[-3.41993,54.28775],[-3.42215,54.29127],[-3.42269,54.29394],[-3.42093,54.29593],[-3.41855,54.2963],[-3.41748,54.29713],[-3.41596,54.30148],[-3.4158,54.30528],[-3.41613,54.30923],[-3.41757,54.3141],[-3.42491,54.32868],[-3.42508,54.33264],[-3.42369,54.33646],[-3.42324,54.33914],[-3.42141,54.34108],[-3.41434,54.34533],[-3.41232,54.34981],[-3.41114,54.35032],[-3.41,54.35035],[-3.40915,54.34972],[-3.40895,54.34889],[-3.41089,54.34522],[-3.40983,54.34252],[-3.41039,54.34084],[-3.41206,54.33908],[-3.41191,54.33815],[-3.41123,54.33755],[-3.40978,54.33719],[-3.4088,54.33653],[-3.40363,54.33541],[-3.40305,54.33515],[-3.40315,54.33482],[-3.40259,54.33452],[-3.40305,54.33481],[-3.40249,54.33512],[-3.40297,54.33529],[-3.4002,54.33515],[-3.40038,54.33463],[-3.40112,54.33435],[-3.4007,54.33408],[-3.40103,54.33315],[-3.40116,54.33309],[-3.40166,54.33304],[-3.40176,54.33281],[-3.40092,54.33226],[-3.40013,54.33265],[-3.40073,54.33178],[-3.40053,54.33168],[-3.39962,54.33189],[-3.39906,54.33113],[-3.39949,54.33193],[-3.40061,54.3318],[-3.39992,54.33267],[-3.4003,54.33278],[-3.40092,54.33236],[-3.40154,54.33295],[-3.40119,54.33297],[-3.40089,54.33311],[-3.40027,54.33423],[-3.39916,54.33442],[-3.39871,54.3335],[-3.39841,54.33356],[-3.39884,54.33418],[-3.39836,54.33429],[-3.39888,54.3344],[-3.39748,54.33517],[-3.39662,54.3352],[-3.39724,54.33531],[-3.39756,54.33526],[-3.39781,54.33517],[-3.39813,54.33572],[-3.39794,54.33507],[-3.39974,54.33446],[-3.39879,54.33513],[-3.39926,54.33491],[-3.39919,54.33524],[-3.39802,54.33592],[-3.39463,54.33733],[-3.39207,54.33945],[-3.39188,54.33878],[-3.3926,54.33801],[-3.39199,54.33765],[-3.39304,54.33761],[-3.39336,54.33725],[-3.39303,54.33706],[-3.3923,54.33728],[-3.39243,54.33658],[-3.39189,54.33651],[-3.3918,54.33678],[-3.39147,54.33655],[-3.39196,54.33621],[-3.39142,54.33652],[-3.39166,54.33688],[-3.39182,54.33684],[-3.39221,54.33657],[-3.39221,54.33732],[-3.39318,54.33726],[-3.39295,54.33752],[-3.39186,54.33761],[-3.39243,54.33803],[-3.39148,54.33852],[-3.39194,54.33849],[-3.39171,54.33884],[-3.39171,54.33967],[-3.38789,54.34106],[-3.38752,54.34091],[-3.38792,54.34067],[-3.38785,54.34062],[-3.38695,54.34042],[-3.38781,54.34064],[-3.3878,54.34071],[-3.38738,54.34092],[-3.3877,54.3412],[-3.38675,54.3427],[-3.38661,54.34442],[-3.38592,54.34407],[-3.38521,54.34398],[-3.38532,54.34451],[-3.38392,54.34472],[-3.38427,54.34524],[-3.38438,54.34525],[-3.38472,54.34494],[-3.38433,54.34474],[-3.38552,54.34454],[-3.38533,54.34404],[-3.38607,54.3442],[-3.38671,54.34489],[-3.38646,54.34579],[-3.38411,54.34798],[-3.38294,54.34989],[-3.38179,54.35055],[-3.38061,54.35075],[-3.37707,54.34946],[-3.37465,54.3494],[-3.37495,54.34963],[-3.37389,54.35031],[-3.37329,54.35135],[-3.37293,54.35106],[-3.37288,54.3513],[-3.37336,54.3514],[-3.37402,54.35026],[-3.37328,54.35338],[-3.37385,54.35546],[-3.37259,54.35559],[-3.37217,54.35389],[-3.37122,54.35331],[-3.37004,54.35333],[-3.36894,54.35367],[-3.36759,54.35517],[-3.36653,54.35563],[-3.36769,54.35699],[-3.36589,54.35733],[-3.3625,54.35733],[-3.36065,54.3578],[-3.36047,54.35857],[-3.36235,54.35864],[-3.36239,54.35897],[-3.35858,54.35998],[-3.35523,54.3617],[-3.35514,54.36181],[-3.35528,54.36212],[-3.35609,54.3626],[-3.35672,54.36324],[-3.3545,54.36296],[-3.35409,54.36311],[-3.35449,54.36406],[-3.35406,54.36419],[-3.35392,54.36462],[-3.35415,54.3654],[-3.35331,54.36573],[-3.35397,54.36578],[-3.35431,54.36544],[-3.35413,54.36462],[-3.35468,54.36409],[-3.35436,54.36336],[-3.35447,54.36318],[-3.35647,54.36351],[-3.35698,54.36336],[-3.35687,54.36303],[-3.35622,54.36249],[-3.35546,54.36205],[-3.35549,54.36168],[-3.35859,54.36012],[-3.36252,54.35907],[-3.36246,54.35848],[-3.36063,54.35846],[-3.36077,54.35792],[-3.36252,54.35749],[-3.36609,54.35749],[-3.36759,54.35725],[-3.36812,54.35673],[-3.36683,54.35576],[-3.3678,54.35533],[-3.36912,54.35394],[-3.37019,54.35351],[-3.37094,54.35354],[-3.37177,54.35404],[-3.37206,54.35572],[-3.3728,54.35606],[-3.37369,54.35594],[-3.37431,54.35523],[-3.37451,54.35218],[-3.37547,54.35017],[-3.37651,54.35015],[-3.37826,54.35088],[-3.38041,54.35131],[-3.38204,54.35106],[-3.38389,54.3503],[-3.38556,54.34768],[-3.3894,54.34461],[-3.38949,54.34248],[-3.39003,54.34208],[-3.39195,54.34129],[-3.39464,54.34096],[-3.39662,54.34036],[-3.3971,54.34034],[-3.39637,54.34061],[-3.398,54.34035],[-3.40024,54.33954],[-3.40032,54.34062],[-3.40066,54.34004],[-3.40111,54.34001],[-3.40161,54.34041],[-3.40129,54.3405],[-3.40165,54.34062],[-3.40206,54.34064],[-3.40276,54.34059],[-3.40165,54.34054],[-3.4017,54.34039],[-3.40166,54.34031],[-3.40143,54.34022],[-3.40137,54.34013],[-3.40193,54.33988],[-3.40066,54.33992],[-3.40038,54.33949],[-3.40403,54.33923],[-3.40448,54.33793],[-3.40484,54.33904],[-3.40502,54.33829],[-3.40653,54.34012],[-3.40539,54.34019],[-3.40656,54.34021],[-3.40703,54.34125],[-3.4058,54.34247],[-3.40587,54.34327],[-3.40539,54.34365],[-3.40586,54.34444],[-3.4052,54.34839],[-3.4066,54.35106],[-3.40943,54.35275],[-3.41165,54.35297],[-3.41192,54.35397],[-3.41076,54.35691],[-3.41134,54.35739],[-3.41103,54.35752],[-3.41039,54.35721],[-3.40997,54.35751],[-3.40974,54.35919],[-3.40848,54.36005],[-3.40398,54.36122],[-3.40322,54.36194],[-3.40273,54.36175],[-3.40319,54.36282],[-3.40239,54.36372],[-3.40162,54.36349],[-3.40227,54.36396],[-3.40105,54.36414],[-3.40034,54.36461],[-3.40102,54.36538],[-3.39961,54.3651],[-3.39987,54.36643],[-3.3989,54.36614],[-3.39876,54.36626],[-3.39835,54.36662],[-3.39823,54.3666],[-3.39805,54.36657],[-3.39791,54.36654],[-3.39806,54.3666],[-3.39817,54.36664],[-3.39842,54.36673],[-3.39895,54.36619],[-3.3991,54.36624],[-3.39996,54.36657],[-3.3998,54.36527],[-3.39979,54.36516],[-3.40036,54.36535],[-3.40117,54.36562],[-3.40125,54.36512],[-3.40298,54.36428],[-3.40325,54.36361],[-3.40414,54.36319],[-3.40395,54.36312],[-3.4033,54.36349],[-3.40421,54.36203],[-3.40487,54.36212],[-3.40513,54.36252],[-3.40539,54.36224],[-3.40997,54.36298],[-3.41045,54.36334],[-3.41023,54.36312],[-3.41085,54.36311],[-3.41098,54.36276],[-3.41163,54.36301],[-3.41103,54.36264],[-3.41199,54.36217],[-3.41188,54.36259],[-3.41249,54.36246],[-3.41287,54.36299],[-3.41236,54.36322],[-3.41252,54.36359],[-3.41308,54.36318],[-3.41391,54.36324],[-3.41423,54.36415],[-3.41466,54.36365],[-3.41615,54.36371],[-3.41462,54.36339],[-3.41436,54.36239],[-3.41335,54.36237],[-3.41348,54.3615],[-3.41301,54.36174],[-3.41287,54.36115],[-3.4135,54.35947],[-3.41185,54.35782],[-3.4127,54.35817],[-3.41481,54.35694],[-3.4162,54.35704],[-3.41691,54.35811],[-3.41796,54.35876],[-3.42032,54.35948],[-3.42252,54.3597],[-3.42674,54.35889],[-3.42837,54.35603],[-3.42985,54.35575],[-3.43091,54.35598],[-3.43051,54.35633],[-3.43091,54.35638],[-3.43107,54.3567],[-3.43159,54.35698],[-3.43206,54.35697],[-3.43231,54.35708],[-3.43216,54.35706],[-3.43172,54.35748],[-3.43223,54.35718],[-3.43215,54.3571],[-3.43241,54.3571],[-3.43237,54.35703],[-3.43214,54.3569],[-3.43159,54.35694],[-3.43089,54.35632],[-3.43063,54.35633],[-3.43138,54.35611],[-3.43269,54.35662],[-3.43503,54.35824],[-3.43587,54.35945],[-3.43792,54.3605],[-3.43764,54.36172],[-3.43533,54.36334],[-3.43521,54.36363],[-3.43544,54.36371],[-3.4348,54.36388],[-3.43466,54.36403],[-3.43459,54.36433],[-3.43477,54.36396],[-3.43537,54.36382],[-3.43557,54.36366],[-3.43535,54.36356],[-3.43592,54.36319],[-3.43662,54.36507],[-3.43548,54.36506],[-3.43668,54.36567],[-3.43641,54.36579],[-3.43634,54.36585],[-3.43644,54.36658],[-3.43642,54.36589],[-3.43684,54.36575],[-3.43605,54.36521],[-3.43691,54.36531],[-3.43812,54.36618],[-3.438,54.36653],[-3.43834,54.36611],[-3.43991,54.36681],[-3.44244,54.36956],[-3.44034,54.3722],[-3.43937,54.37265],[-3.4369,54.37266],[-3.43613,54.37406],[-3.43546,54.37393],[-3.43512,54.3738],[-3.43436,54.37308],[-3.43429,54.37297],[-3.43425,54.37298],[-3.43412,54.37285],[-3.43202,54.37309],[-3.43217,54.3733],[-3.43209,54.37341],[-3.43242,54.37365],[-3.43261,54.37391],[-3.43414,54.37411],[-3.43426,54.37413],[-3.43224,54.37468],[-3.43203,54.3759],[-3.43102,54.37662],[-3.43082,54.37675],[-3.43018,54.37652],[-3.43002,54.37578],[-3.42899,54.37565],[-3.42845,54.37596],[-3.42856,54.37726],[-3.42714,54.37728],[-3.42667,54.37706],[-3.42658,54.37598],[-3.42521,54.37595],[-3.42382,54.37523],[-3.42272,54.37547],[-3.42091,54.37656],[-3.42147,54.3767],[-3.42245,54.37645],[-3.42299,54.37701],[-3.42037,54.37727],[-3.41809,54.37818],[-3.41627,54.37938],[-3.4159,54.38015],[-3.41725,54.3827],[-3.42024,54.38378],[-3.41864,54.38749],[-3.4197,54.39356],[-3.42255,54.39652],[-3.428,54.39995],[-3.43084,54.40282],[-3.43183,54.40462],[-3.43142,54.40814],[-3.43491,54.41242],[-3.43456,54.41359],[-3.4361,54.41433],[-3.43938,54.41693],[-3.44316,54.41849],[-3.44376,54.42005],[-3.44616,54.42152],[-3.45795,54.42782],[-3.46422,54.43015],[-3.46756,54.43369],[-3.47421,54.43666],[-3.47756,54.43993],[-3.47924,54.44051],[-3.47954,54.44135],[-3.47875,54.44275],[-3.47614,54.44433],[-3.47173,54.44443],[-3.46897,54.44514],[-3.46966,54.44551],[-3.46825,54.44643],[-3.46768,54.44876],[-3.4669,54.44988],[-3.46517,54.451],[-3.46733,54.4561],[-3.46586,54.45803],[-3.46495,54.45852],[-3.46463,54.46062],[-3.4625,54.46248],[-3.46152,54.46395],[-3.46305,54.46696],[-3.46181,54.46944],[-3.4625,54.47163],[-3.46239,54.47358],[-3.45858,54.47855],[-3.45813,54.48143],[-3.45663,54.48588],[-3.45116,54.49503],[-3.4541,54.49717],[-3.45573,54.49743],[-3.45783,54.49881],[-3.45927,54.49902],[-3.46067,54.49877],[-3.46391,54.49971],[-3.46308,54.50083],[-3.45972,54.50259],[-3.46037,54.50333],[-3.46314,54.50384],[-3.46766,54.50519],[-3.47121,54.50519],[-3.48027,54.50938],[-3.48126,54.51109],[-3.48192,54.51143],[-3.48037,54.51528],[-3.48107,54.51612],[-3.48719,54.5161],[-3.4884,54.51637],[-3.49081,54.51775],[-3.49248,54.51798],[-3.49516,54.51776],[-3.49561,54.51854],[-3.49445,54.51966],[-3.49357,54.51987],[-3.49113,54.51898],[-3.48832,54.52052],[-3.48674,54.5209],[-3.48559,54.52164],[-3.48544,54.52242],[-3.48358,54.52273],[-3.48263,54.52361],[-3.47988,54.52499],[-3.47818,54.52558],[-3.4764,54.52575],[-3.47698,54.52643],[-3.47661,54.527],[-3.47195,54.5284],[-3.47028,54.5286],[-3.46882,54.52944],[-3.46406,54.53009],[-3.46294,54.53104],[-3.45924,54.53109],[-3.45835,54.53167],[-3.45646,54.53167],[-3.45441,54.53003],[-3.45465,54.52952],[-3.45407,54.52916],[-3.45309,54.52921],[-3.45212,54.53019],[-3.45231,54.53064],[-3.45161,54.53108],[-3.45103,54.53124],[-3.45047,54.53101],[-3.44902,54.53149],[-3.44788,54.53121],[-3.44753,54.53024],[-3.44582,54.53022],[-3.44372,54.531],[-3.44296,54.53092],[-3.44165,54.53009],[-3.43912,54.53022],[-3.4384,54.53118],[-3.43682,54.53121],[-3.43608,54.53191],[-3.43525,54.53175],[-3.43462,54.53211],[-3.43256,54.53233],[-3.43076,54.53319],[-3.42819,54.53332],[-3.42798,54.53408],[-3.42701,54.53422],[-3.42501,54.53526],[-3.42392,54.53536],[-3.42404,54.53588],[-3.42207,54.53702],[-3.41979,54.5375],[-3.41922,54.5371],[-3.41793,54.53782],[-3.41685,54.53793],[-3.41531,54.53935],[-3.4124,54.54017],[-3.41117,54.54134],[-3.41028,54.54144],[-3.40992,54.5421],[-3.40925,54.54203],[-3.40827,54.54253],[-3.40848,54.54285],[-3.40809,54.54309],[-3.40636,54.54316],[-3.40598,54.54384],[-3.40458,54.54396],[-3.40445,54.54421],[-3.40521,54.54424],[-3.40542,54.54476],[-3.40464,54.54609],[-3.40684,54.54701],[-3.40595,54.54758],[-3.41212,54.55],[-3.41441,54.55294],[-3.41586,54.55366],[-3.41723,54.55718],[-3.4168,54.56228],[-3.41717,54.5644],[-3.41652,54.566],[-3.41796,54.56664],[-3.41956,54.56661],[-3.41926,54.56747],[-3.42019,54.56789],[-3.41898,54.56929],[-3.41849,54.57109],[-3.41759,54.57197],[-3.41644,54.57243],[-3.41079,54.57396],[-3.41037,54.57547],[-3.41067,54.57612],[-3.40845,54.57932],[-3.40498,54.58119],[-3.39903,54.58299],[-3.39614,54.58455],[-3.39221,54.58873],[-3.38874,54.58935],[-3.38577,54.59088],[-3.38508,54.59173],[-3.38587,54.59288],[-3.38149,54.59295],[-3.37883,54.59271],[-3.37556,54.59303],[-3.37265,54.59188],[-3.36853,54.59082],[-3.36631,54.59406],[-3.36142,54.5954],[-3.36113,54.598],[-3.36705,54.59686],[-3.3697,54.59575],[-3.37101,54.59555],[-3.37281,54.59389],[-3.37291,54.59295],[-3.37443,54.5951],[-3.37743,54.59635],[-3.37875,54.59801],[-3.38111,54.59802],[-3.38194,54.59758],[-3.38362,54.5975],[-3.38525,54.59697],[-3.38601,54.59706],[-3.38762,54.59823],[-3.3892,54.59858],[-3.3954,54.59902],[-3.39473,54.60013],[-3.39245,54.6014],[-3.39171,54.60318],[-3.39102,54.60334],[-3.39108,54.60387],[-3.38973,54.6054],[-3.38836,54.60596],[-3.38968,54.60744],[-3.38964,54.60836],[-3.38855,54.60928],[-3.38978,54.61115],[-3.38804,54.61165],[-3.38575,54.61153],[-3.38358,54.61472],[-3.38018,54.61661],[-3.37828,54.61847],[-3.37598,54.61965],[-3.37605,54.6202],[-3.3876,54.62589],[-3.39139,54.62663],[-3.38726,54.62971],[-3.38452,54.6326],[-3.38489,54.63535],[-3.38248,54.63846],[-3.37174,54.63795],[-3.37181,54.6419],[-3.35933,54.64176],[-3.35909,54.64261],[-3.35311,54.64133],[-3.35068,54.64145],[-3.35054,54.64124],[-3.34907,54.64167],[-3.34833,54.64303],[-3.35121,54.64365],[-3.35083,54.64672],[-3.3447,54.65222],[-3.33853,54.65462],[-3.33637,54.65468],[-3.33425,54.65526],[-3.3279,54.6638],[-3.32544,54.66519],[-3.32875,54.66704],[-3.33223,54.66844],[-3.33184,54.66886],[-3.33532,54.67319],[-3.34163,54.67608],[-3.3413,54.67638],[-3.34494,54.67817],[-3.34585,54.67783],[-3.34985,54.67995],[-3.35126,54.68018],[-3.35224,54.67976],[-3.35327,54.67991],[-3.35165,54.68057],[-3.34961,54.68211],[-3.34798,54.68453],[-3.34639,54.68489],[-3.34683,54.6857],[-3.34816,54.68597],[-3.34882,54.68646],[-3.34973,54.68513],[-3.35054,54.68466],[-3.35406,54.68632],[-3.35175,54.68858],[-3.35292,54.68956],[-3.34853,54.69204],[-3.34582,54.69251],[-3.34439,54.6931],[-3.34136,54.69645],[-3.33246,54.70238],[-3.31739,54.71329],[-3.30531,54.7213],[-3.30158,54.72188],[-3.29604,54.71773],[-3.29464,54.71724],[-3.29286,54.71533],[-3.29027,54.71355],[-3.28433,54.7145],[-3.28133,54.71447],[-3.27658,54.71875],[-3.27285,54.71937],[-3.26832,54.71936],[-3.26553,54.719],[-3.26306,54.71733],[-3.26195,54.71597],[-3.26148,54.71436],[-3.2628,54.71322],[-3.2625,54.71062],[-3.25824,54.70971],[-3.25669,54.71115],[-3.25486,54.71195],[-3.2539,54.71317],[-3.25057,54.71453],[-3.24892,54.71579],[-3.24952,54.71686],[-3.2477,54.71786],[-3.24632,54.71972],[-3.24825,54.7222],[-3.24949,54.72642],[-3.23889,54.72776],[-3.23913,54.72818],[-3.23849,54.72853],[-3.2348,54.72969],[-3.23451,54.7295],[-3.23355,54.72984],[-3.23271,54.72944],[-3.22926,54.72984],[-3.22782,54.73035],[-3.2248,54.73004],[-3.22421,54.73049],[-3.22084,54.73056],[-3.21836,54.73147],[-3.21788,54.73226],[-3.21676,54.73288],[-3.21583,54.7329],[-3.21529,54.73417],[-3.21366,54.7336],[-3.21259,54.73282],[-3.20884,54.73425],[-3.20577,54.73428],[-3.20266,54.7338],[-3.20077,54.73402],[-3.19554,54.73384],[-3.19277,54.73507],[-3.1914,54.73512],[-3.16668,54.74051],[-3.16298,54.73915],[-3.15929,54.7396],[-3.15733,54.73823],[-3.15586,54.73774],[-3.15196,54.73732],[-3.14933,54.73799],[-3.14609,54.73715],[-3.14418,54.73707],[-3.1436,54.73647],[-3.1422,54.73615],[-3.14101,54.73471],[-3.13715,54.73341],[-3.13585,54.73235],[-3.13155,54.73212],[-3.11091,54.73726],[-3.10715,54.73792],[-3.10169,54.74032],[-3.10243,54.74078],[-3.10361,54.74076],[-3.10384,54.7417],[-3.10507,54.74305],[-3.10587,54.74634],[-3.11534,54.75035],[-3.11754,54.75668],[-3.06451,54.76367]]]]}},{"type":"Feature","properties":{"name":"Yorkshire Dales","kind":"national_park"},"geometry":{"type":"Polygon","coordinates":[[[-2.27162,54.06539],[-2.27443,54.06638],[-2.27529,54.06864],[-2.27459,54.06946],[-2.27452,54.07032],[-2.27543,54.07352],[-2.27471,54.07591],[-2.27531,54.07668],[-2.2756,54.07944],[-2.27523,54.08047],[-2.2757,54.08312],[-2.27624,54.08381],[-2.28036,54.08438],[-2.28058,54.08469],[-2.28373,54.08568],[-2.28463,54.08486],[-2.28625,54.08423],[-2.28642,54.08084],[-2.2851,54.07951],[-2.28441,54.07503],[-2.28541,54.07266],[-2.28725,54.07242],[-2.29208,54.07567],[-2.29608,54.08047],[-2.29753,54.08166],[-2.30315,54.08504],[-2.30688,54.08661],[-2.32102,54.08974],[-2.32865,54.09288],[-2.32984,54.09305],[-2.33353,54.09608],[-2.33674,54.09997],[-2.3374,54.10188],[-2.3382,54.10245],[-2.33935,54.10264],[-2.34262,54.1024],[-2.34629,54.1031],[-2.3601,54.10369],[-2.36309,54.10452],[-2.36589,54.10615],[-2.37006,54.10663],[-2.37336,54.10763],[-2.37756,54.10811],[-2.38032,54.11007],[-2.38157,54.11253],[-2.3835,54.1135],[-2.38623,54.11428],[-2.38824,54.11602],[-2.39175,54.11688],[-2.39165,54.11726],[-2.3932,54.11778],[-2.39269,54.12008],[-2.39372,54.12144],[-2.39548,54.1222],[-2.39617,54.12329],[-2.39849,54.12469],[-2.40192,54.12605],[-2.40414,54.12779],[-2.40732,54.12898],[-2.41467,54.13098],[-2.41779,54.13271],[-2.42131,54.13355],[-2.42599,54.13563],[-2.43127,54.13893],[-2.44163,54.14282],[-2.44697,54.14375],[-2.45163,54.14598],[-2.45616,54.14938],[-2.45894,54.15047],[-2.4607,54.15231],[-2.45878,54.15277],[-2.4581,54.15388],[-2.45843,54.1554],[-2.46136,54.15529],[-2.46368,54.15624],[-2.46542,54.15573],[-2.46794,54.15612],[-2.46866,54.15572],[-2.46937,54.15429],[-2.47158,54.1543],[-2.47224,54.1539],[-2.47442,54.15496],[-2.48066,54.15631],[-2.49646,54.15695],[-2.50031,54.1588],[-2.50448,54.16139],[-2.50728,54.16229],[-2.51146,54.16304],[-2.51281,54.16378],[-2.52477,54.16724],[-2.54251,54.17356],[-2.54515,54.17497],[-2.55213,54.17779],[-2.55806,54.18302],[-2.55896,54.18289],[-2.5637,54.18658],[-2.56457,54.18586],[-2.56657,54.18676],[-2.57021,54.18936],[-2.57801,54.19186],[-2.58255,54.19367],[-2.58635,54.19707],[-2.59244,54.19757],[-2.59389,54.19896],[-2.59144,54.19846],[-2.59017,54.19927],[-2.5898,54.19998],[-2.58997,54.20146],[-2.58944,54.2022],[-2.59468,54.20342],[-2.5966,54.20452],[-2.59725,54.20428],[-2.59907,54.20608],[-2.59863,54.20682],[-2.59642,54.20831],[-2.59608,54.20921],[-2.60078,54.21005],[-2.60183,54.21075],[-2.60326,54.21],[-2.60385,54.20787],[-2.60358,54.20745],[-2.61115,54.20679],[-2.6131,54.20728],[-2.61345,54.2106],[-2.6128,54.2107],[-2.61276,54.21126],[-2.61337,54.21353],[-2.61299,54.21364],[-2.61366,54.21518],[-2.61222,54.21704],[-2.6126,54.21842],[-2.61451,54.2193],[-2.61823,54.22427],[-2.61783,54.22763],[-2.62217,54.23552],[-2.62207,54.23746],[-2.62467,54.23747],[-2.62697,54.24022],[-2.62655,54.24116],[-2.62526,54.24124],[-2.62567,54.24269],[-2.62198,54.24293],[-2.62137,54.24541],[-2.62175,54.24719],[-2.61978,54.25107],[-2.61957,54.25392],[-2.6175,54.25649],[-2.61779,54.25973],[-2.61939,54.26434],[-2.61958,54.26676],[-2.61889,54.26791],[-2.6184,54.27178],[-2.6203,54.27183],[-2.62217,54.27327],[-2.62388,54.27364],[-2.62503,54.27621],[-2.62353,54.27695],[-2.6234,54.279],[-2.62275,54.28062],[-2.62169,54.28177],[-2.62164,54.28245],[-2.6227,54.28414],[-2.62191,54.28637],[-2.6193,54.28965],[-2.61581,54.29188],[-2.61555,54.29546],[-2.61147,54.29621],[-2.61153,54.29657],[-2.60923,54.29663],[-2.60867,54.29564],[-2.60469,54.29678],[-2.60105,54.29711],[-2.60069,54.29837],[-2.59917,54.29959],[-2.59986,54.29995],[-2.60209,54.30018],[-2.60177,54.30111],[-2.60076,54.30215],[-2.59966,54.30187],[-2.59836,54.30374],[-2.60106,54.30467],[-2.59618,54.30709],[-2.59544,54.30776],[-2.59404,54.30811],[-2.59438,54.30991],[-2.59348,54.31373],[-2.5951,54.31605],[-2.59571,54.31668],[-2.59783,54.3165],[-2.59938,54.31754],[-2.60416,54.318],[-2.60202,54.31945],[-2.60097,54.32064],[-2.60282,54.32094],[-2.6041,54.32265],[-2.60623,54.32309],[-2.60701,54.32432],[-2.59948,54.32315],[-2.59615,54.32731],[-2.59253,54.33091],[-2.5887,54.33187],[-2.58619,54.33175],[-2.58787,54.33797],[-2.59147,54.34129],[-2.59105,54.34404],[-2.59487,54.34738],[-2.5951,54.34863],[-2.59413,54.35046],[-2.5936,54.3543],[-2.59427,54.35502],[-2.59489,54.35744],[-2.59472,54.35822],[-2.59206,54.36182],[-2.59269,54.36401],[-2.59132,54.36523],[-2.59022,54.36534],[-2.58926,54.36482],[-2.58536,54.36681],[-2.58383,54.36789],[-2.5822,54.3699],[-2.58209,54.37562],[-2.58021,54.38035],[-2.58064,54.38333],[-2.58176,54.38499],[-2.58584,54.38795],[-2.58621,54.38778],[-2.58796,54.38877],[-2.59818,54.39546],[-2.60156,54.3986],[-2.60351,54.40188],[-2.60419,54.40596],[-2.60389,54.40693],[-2.60265,54.40699],[-2.60261,54.4079],[-2.60144,54.40935],[-2.6024,54.40984],[-2.60007,54.41444],[-2.59902,54.41812],[-2.59797,54.41838],[-2.59729,54.41902],[-2.59708,54.42021],[-2.59782,54.42253],[-2.59703,54.42549],[-2.59424,54.42984],[-2.59253,54.43163],[-2.59215,54.43151],[-2.59042,54.43289],[-2.58868,54.4335],[-2.58879,54.43431],[-2.58749,54.43506],[-2.58503,54.43625],[-2.58348,54.43664],[-2.58071,54.43851],[-2.57986,54.43869],[-2.58065,54.44037],[-2.5698,54.44222],[-2.55698,54.4429],[-2.55946,54.44439],[-2.56441,54.44575],[-2.56358,54.4477],[-2.56455,54.44957],[-2.56289,54.45254],[-2.56404,54.45392],[-2.57539,54.45087],[-2.58077,54.45048],[-2.58154,54.45092],[-2.58209,54.45194],[-2.58437,54.45308],[-2.58227,54.45543],[-2.58154,54.45721],[-2.58192,54.45763],[-2.58412,54.45827],[-2.58503,54.45891],[-2.58767,54.45919],[-2.58872,54.45995],[-2.59048,54.46056],[-2.5913,54.46001],[-2.59315,54.46272],[-2.59553,54.46517],[-2.60259,54.46127],[-2.60382,54.46184],[-2.60553,54.46431],[-2.60477,54.46462],[-2.60613,54.46558],[-2.60483,54.46613],[-2.60581,54.4665],[-2.60704,54.4666],[-2.60709,54.46627],[-2.61007,54.46652],[-2.61015,54.46617],[-2.61176,54.46611],[-2.61353,54.4669],[-2.61446,54.46624],[-2.61468,54.46555],[-2.61783,54.47448],[-2.61785,54.47564],[-2.62358,54.47672],[-2.63221,54.48037],[-2.63226,54.4817],[-2.63409,54.48498],[-2.63895,54.48902],[-2.64141,54.49167],[-2.64288,54.4941],[-2.64441,54.50139],[-2.64673,54.50495],[-2.6478,54.50764],[-2.6471,54.50952],[-2.64591,54.50988],[-2.64495,54.51192],[-2.64441,54.51216],[-2.64302,54.51214],[-2.64256,54.51151],[-2.64088,54.51189],[-2.63934,54.51338],[-2.63855,54.5135],[-2.63757,54.51307],[-2.63547,54.51319],[-2.63478,54.51268],[-2.63473,54.5133],[-2.63063,54.51398],[-2.63162,54.51452],[-2.63174,54.51628],[-2.6287,54.51829],[-2.62932,54.52359],[-2.62995,54.52528],[-2.63073,54.52562],[-2.63212,54.5253],[-2.63365,54.53036],[-2.63626,54.53396],[-2.6312,54.53218],[-2.62165,54.53318],[-2.61889,54.53195],[-2.61643,54.532],[-2.61216,54.53337],[-2.60834,54.53389],[-2.608,54.53467],[-2.60685,54.5352],[-2.60632,54.53596],[-2.60643,54.53685],[-2.60317,54.5379],[-2.59917,54.53858],[-2.59907,54.54068],[-2.59696,54.5425],[-2.59637,54.54406],[-2.58979,54.54516],[-2.58914,54.54669],[-2.58264,54.54922],[-2.58214,54.55584],[-2.58036,54.55611],[-2.57999,54.55566],[-2.57913,54.55577],[-2.57802,54.55637],[-2.57598,54.55665],[-2.57615,54.5568],[-2.57436,54.55751],[-2.57559,54.55838],[-2.57701,54.56133],[-2.57879,54.56247],[-2.57739,54.5628],[-2.57664,54.56384],[-2.57481,54.56402],[-2.57276,54.56469],[-2.57312,54.56556],[-2.5713,54.56583],[-2.57187,54.56601],[-2.57208,54.56655],[-2.56761,54.56901],[-2.56191,54.5655],[-2.55873,54.5628],[-2.55746,54.56108],[-2.5548,54.56041],[-2.54853,54.55712],[-2.54731,54.5569],[-2.54619,54.55572],[-2.53684,54.55769],[-2.53352,54.55278],[-2.53487,54.55242],[-2.53161,54.54686],[-2.5316,54.54616],[-2.51962,54.54663],[-2.51705,54.54703],[-2.51494,54.54529],[-2.51305,54.5458],[-2.51059,54.5452],[-2.50838,54.5455],[-2.50809,54.5453],[-2.50771,54.54581],[-2.50524,54.54565],[-2.50266,54.5461],[-2.50218,54.54652],[-2.50004,54.54578],[-2.4972,54.54323],[-2.49651,54.54352],[-2.49435,54.54245],[-2.48939,54.53897],[-2.48872,54.53481],[-2.48687,54.53054],[-2.48723,54.52964],[-2.48451,54.52852],[-2.48287,54.52868],[-2.47898,54.52806],[-2.47535,54.52839],[-2.47434,54.52941],[-2.46441,54.52488],[-2.46379,54.51983],[-2.4616,54.52068],[-2.45909,54.52083],[-2.45819,54.51893],[-2.4544,54.51541],[-2.4442,54.50918],[-2.44242,54.50787],[-2.44147,54.50646],[-2.43933,54.50594],[-2.43076,54.5003],[-2.42804,54.49702],[-2.42724,54.49425],[-2.42761,54.49277],[-2.42418,54.4926],[-2.42038,54.49177],[-2.4163,54.49056],[-2.41526,54.48978],[-2.40832,54.48725],[-2.40596,54.48703],[-2.40486,54.48664],[-2.40458,54.48649],[-2.4058,54.48567],[-2.40616,54.48476],[-2.40353,54.48528],[-2.40034,54.48497],[-2.39845,54.48346],[-2.39715,54.48316],[-2.39439,54.4817],[-2.39262,54.47919],[-2.38731,54.48002],[-2.38341,54.47988],[-2.37899,54.47903],[-2.37651,54.47539],[-2.37125,54.47095],[-2.36661,54.46596],[-2.36483,54.46455],[-2.36221,54.46338],[-2.36049,54.46297],[-2.36066,54.46268],[-2.35698,54.46211],[-2.35675,54.46177],[-2.35582,54.46178],[-2.35579,54.46205],[-2.3519,54.46172],[-2.34951,54.45667],[-2.34536,54.45544],[-2.34243,54.45505],[-2.34049,54.45338],[-2.33932,54.45288],[-2.33234,54.45222],[-2.32933,54.45056],[-2.32835,54.44905],[-2.3271,54.44808],[-2.32618,54.44639],[-2.32456,54.44537],[-2.31598,54.44163],[-2.30582,54.43857],[-2.30382,54.43574],[-2.29782,54.43374],[-2.29295,54.4325],[-2.29201,54.43185],[-2.29234,54.43273],[-2.29155,54.43615],[-2.29259,54.43755],[-2.29209,54.4385],[-2.29293,54.43933],[-2.2846,54.43845],[-2.28041,54.43892],[-2.27502,54.44063],[-2.27135,54.44086],[-2.27032,54.44187],[-2.26538,54.44287],[-2.26819,54.44718],[-2.26725,54.44713],[-2.26271,54.44865],[-2.26204,54.44843],[-2.25979,54.44852],[-2.25673,54.45016],[-2.25356,54.4505],[-2.25014,54.45187],[-2.24934,54.45195],[-2.2479,54.45151],[-2.24615,54.45182],[-2.24399,54.45],[-2.24243,54.44981],[-2.24158,54.45005],[-2.23976,54.44969],[-2.23875,54.44992],[-2.23805,54.44914],[-2.23728,54.44928],[-2.23567,54.44825],[-2.19241,54.44862],[-2.18933,54.44897],[-2.18606,54.45216],[-2.1822,54.45731],[-2.17991,54.45846],[-2.17751,54.46163],[-2.17053,54.46117],[-2.17136,54.4599],[-2.17361,54.4586],[-2.16726,54.45771],[-2.16478,54.45654],[-2.16012,54.45536],[-2.15711,54.4539],[-2.15462,54.44985],[-2.15488,54.44862],[-2.15331,54.44815],[-2.15289,54.44733],[-2.14912,54.44721],[-2.1483,54.44662],[-2.14581,54.44613],[-2.14283,54.44471],[-2.13718,54.44613],[-2.13682,54.44688],[-2.1383,54.4488],[-2.13624,54.45001],[-2.1352,54.45195],[-2.13136,54.45324],[-2.13288,54.45508],[-2.1294,54.45511],[-2.12735,54.45595],[-2.12523,54.45865],[-2.12066,54.46141],[-2.11676,54.46211],[-2.1143,54.46419],[-2.10904,54.46437],[-2.1029,54.46515],[-2.0947,54.4673],[-2.08644,54.46838],[-2.08157,54.46991],[-2.07966,54.47122],[-2.07585,54.47307],[-2.07118,54.47421],[-2.06998,54.47566],[-2.06789,54.47697],[-2.06319,54.47888],[-2.06307,54.47966],[-2.0613,54.48056],[-2.05922,54.48115],[-2.05303,54.48072],[-2.0505,54.4814],[-2.04862,54.48259],[-2.04318,54.48364],[-2.04472,54.47522],[-2.03705,54.47434],[-2.02945,54.47296],[-2.0148,54.47159],[-1.99656,54.46681],[-1.98661,54.46161],[-1.98628,54.46034],[-1.98555,54.45991],[-1.97889,54.46021],[-1.97644,54.45983],[-1.97116,54.45483],[-1.97179,54.45406],[-1.96708,54.44593],[-1.96573,54.44564],[-1.96562,54.44509],[-1.96432,54.4448],[-1.96248,54.44346],[-1.96117,54.4433],[-1.96018,54.44267],[-1.9588,54.44235],[-1.95812,54.44164],[-1.95554,54.44119],[-1.95003,54.43918],[-1.9473,54.43884],[-1.95261,54.43577],[-1.95565,54.43352],[-1.95221,54.43153],[-1.95687,54.42773],[-1.95612,54.41732],[-1.95048,54.4126],[-1.94823,54.40935],[-1.93181,54.40078],[-1.92118,54.39398],[-1.90945,54.38984],[-1.90751,54.38869],[-1.90885,54.38627],[-1.9086,54.38441],[-1.90538,54.38511],[-1.90123,54.38468],[-1.89948,54.38624],[-1.89729,54.38729],[-1.88842,54.39018],[-1.88322,54.39297],[-1.8794,54.39411],[-1.85754,54.39559],[-1.85537,54.3962],[-1.84908,54.3972],[-1.84687,54.39726],[-1.8432,54.39864],[-1.84247,54.39918],[-1.8399,54.39962],[-1.83906,54.40063],[-1.83612,54.40107],[-1.83542,54.40236],[-1.83364,54.40355],[-1.83231,54.40676],[-1.8297,54.41014],[-1.82604,54.41274],[-1.8187,54.41515],[-1.81543,54.41529],[-1.81428,54.41592],[-1.80207,54.41748],[-1.80321,54.41602],[-1.80448,54.41554],[-1.80532,54.41439],[-1.80318,54.41112],[-1.80439,54.41095],[-1.80566,54.4103],[-1.80356,54.4076],[-1.802,54.4065],[-1.7953,54.40795],[-1.79127,54.40735],[-1.78823,54.408],[-1.78686,54.40793],[-1.78588,54.40746],[-1.78373,54.4053],[-1.78195,54.40443],[-1.77978,54.40409],[-1.77782,54.40482],[-1.77626,54.40436],[-1.77622,54.40143],[-1.77543,54.40048],[-1.77475,54.40025],[-1.77033,54.40034],[-1.76609,54.40114],[-1.76405,54.40197],[-1.76108,54.40257],[-1.76102,54.4014],[-1.76374,54.4004],[-1.76277,54.39706],[-1.77527,54.39728],[-1.78565,54.39797],[-1.79538,54.39822],[-1.79771,54.39791],[-1.80505,54.39538],[-1.80979,54.39341],[-1.81863,54.38755],[-1.82487,54.38108],[-1.82517,54.37703],[-1.8297,54.37594],[-1.8309,54.37494],[-1.83577,54.37428],[-1.8399,54.37157],[-1.84151,54.37191],[-1.84138,54.37277],[-1.84223,54.37309],[-1.84256,54.37364],[-1.84332,54.37345],[-1.84385,54.37377],[-1.84561,54.37366],[-1.84642,54.37428],[-1.84771,54.37439],[-1.84761,54.37486],[-1.8508,54.37521],[-1.85463,54.37662],[-1.85636,54.37586],[-1.86013,54.37552],[-1.86048,54.37363],[-1.8627,54.37278],[-1.86062,54.36979],[-1.86422,54.36788],[-1.86318,54.36687],[-1.86356,54.36648],[-1.87052,54.36053],[-1.87384,54.35959],[-1.87694,54.35714],[-1.88051,54.35539],[-1.88155,54.35355],[-1.88276,54.35256],[-1.89206,54.3518],[-1.89502,54.35304],[-1.89789,54.35354],[-1.90037,54.35458],[-1.90602,54.35337],[-1.90991,54.35147],[-1.91821,54.3513],[-1.92459,54.3494],[-1.92616,54.35032],[-1.93208,54.35044],[-1.93931,54.35188],[-1.94202,54.35179],[-1.94471,54.35247],[-1.94577,54.35096],[-1.94579,54.34914],[-1.94681,54.34618],[-1.95114,54.34464],[-1.95246,54.34384],[-1.9535,54.34253],[-1.95174,54.34273],[-1.94834,54.34221],[-1.94626,54.34048],[-1.94619,54.33996],[-1.93911,54.33719],[-1.93711,54.33597],[-1.93613,54.33467],[-1.93624,54.3335],[-1.93541,54.33251],[-1.93551,54.33108],[-1.93507,54.33071],[-1.93554,54.33023],[-1.93483,54.32711],[-1.93565,54.32416],[-1.93502,54.32317],[-1.93552,54.32092],[-1.93509,54.32014],[-1.93602,54.31961],[-1.93861,54.31974],[-1.93809,54.31835],[-1.94027,54.31549],[-1.93878,54.31396],[-1.93669,54.31368],[-1.93524,54.31309],[-1.93433,54.31227],[-1.93438,54.31161],[-1.93294,54.31047],[-1.93325,54.3094],[-1.93268,54.30874],[-1.93311,54.30786],[-1.93274,54.30708],[-1.93215,54.30695],[-1.92933,54.30838],[-1.9262,54.3083],[-1.9212,54.3073],[-1.91997,54.30632],[-1.91959,54.30504],[-1.91878,54.30481],[-1.91142,54.30412],[-1.90701,54.30467],[-1.90565,54.3046],[-1.89728,54.29962],[-1.88749,54.2984],[-1.87987,54.2978],[-1.87973,54.29721],[-1.88048,54.29729],[-1.88058,54.2965],[-1.88123,54.29636],[-1.87954,54.29328],[-1.88204,54.29201],[-1.88056,54.29069],[-1.87673,54.28899],[-1.87552,54.28876],[-1.87594,54.28458],[-1.87704,54.2828],[-1.87576,54.28233],[-1.87304,54.28215],[-1.86809,54.28366],[-1.86672,54.28316],[-1.86594,54.28241],[-1.86515,54.27937],[-1.85943,54.27987],[-1.85888,54.27916],[-1.85262,54.27991],[-1.8477,54.27971],[-1.83987,54.2802],[-1.83835,54.27965],[-1.83171,54.2796],[-1.83083,54.2773],[-1.82906,54.27676],[-1.82885,54.27409],[-1.82604,54.27417],[-1.82578,54.27357],[-1.82231,54.27433],[-1.8151,54.2737],[-1.81052,54.27498],[-1.80673,54.27362],[-1.80264,54.27513],[-1.79938,54.27515],[-1.79749,54.27607],[-1.79704,54.27577],[-1.79275,54.27599],[-1.79048,54.27574],[-1.78697,54.27683],[-1.78456,54.2762],[-1.78333,54.27624],[-1.78177,54.27816],[-1.7797,54.27861],[-1.77927,54.27474],[-1.77964,54.26953],[-1.77877,54.26769],[-1.77543,54.26742],[-1.77363,54.26559],[-1.76616,54.26395],[-1.76652,54.26354],[-1.76337,54.26205],[-1.76408,54.26111],[-1.7676,54.26068],[-1.76877,54.25931],[-1.76981,54.25938],[-1.77046,54.25891],[-1.77249,54.25835],[-1.77487,54.25865],[-1.77505,54.25744],[-1.7761,54.25675],[-1.77594,54.25643],[-1.77747,54.25581],[-1.77775,54.25501],[-1.77855,54.25477],[-1.7781,54.25445],[-1.77876,54.2542],[-1.77992,54.25405],[-1.78114,54.25435],[-1.78181,54.25384],[-1.78176,54.25467],[-1.78247,54.25464],[-1.78389,54.25402],[-1.78885,54.2536],[-1.79011,54.25449],[-1.79233,54.2544],[-1.79399,54.25468],[-1.79578,54.25541],[-1.79797,54.25554],[-1.80022,54.2562],[-1.80372,54.25595],[-1.80604,54.25536],[-1.80784,54.25413],[-1.81008,54.25329],[-1.813,54.25282],[-1.81702,54.25268],[-1.82026,54.25139],[-1.82282,54.25094],[-1.8233,54.24746],[-1.8164,54.24085],[-1.8221,54.23579],[-1.82804,54.23163],[-1.83739,54.23144],[-1.83976,54.23008],[-1.84471,54.22808],[-1.86223,54.22282],[-1.87943,54.22026],[-1.8816,54.2186],[-1.88641,54.21001],[-1.89572,54.21032],[-1.92437,54.20016],[-1.92701,54.20032],[-1.93268,54.20004],[-1.94178,54.19919],[-1.96811,54.1919],[-1.97884,54.18826],[-1.98439,54.18571],[-2.00185,54.1764],[-2.00378,54.17443],[-2.00446,54.17289],[-1.99955,54.16794],[-1.9978,54.16515],[-1.99805,54.16209],[-1.99753,54.16053],[-1.99322,54.15562],[-1.99219,54.15506],[-1.98836,54.1553],[-1.98693,54.15661],[-1.97248,54.15806],[-1.96651,54.15308],[-1.96366,54.15216],[-1.9542,54.14301],[-1.9552,54.13921],[-1.95531,54.13669],[-1.95739,54.13561],[-1.95717,54.13259],[-1.94816,54.12536],[-1.93804,54.12346],[-1.93496,54.12232],[-1.93218,54.12244],[-1.92211,54.12033],[-1.91684,54.12062],[-1.90551,54.12248],[-1.90046,54.11633],[-1.89526,54.11392],[-1.89427,54.11081],[-1.89321,54.10967],[-1.891,54.1044],[-1.88754,54.1025],[-1.87979,54.10222],[-1.87606,54.10009],[-1.87137,54.09951],[-1.86712,54.09765],[-1.86168,54.08055],[-1.84587,54.07359],[-1.8406,54.0706],[-1.8418,54.06827],[-1.84602,54.06451],[-1.84904,54.06315],[-1.8497,54.06238],[-1.85275,54.05777],[-1.85364,54.05327],[-1.85985,54.05208],[-1.864,54.05022],[-1.86672,54.04964],[-1.86738,54.04892],[-1.87205,54.04711],[-1.87357,54.04604],[-1.87248,54.04605],[-1.87034,54.04445],[-1.86867,54.04208],[-1.87239,54.03566],[-1.85355,54.0288],[-1.84806,54.01365],[-1.8374,54.01492],[-1.83495,54.01355],[-1.83357,54.01136],[-1.83141,54.00934],[-1.83061,54.00447],[-1.83093,54.00345],[-1.82983,54.00308],[-1.82748,54.00139],[-1.82614,53.99971],[-1.82425,53.99876],[-1.82375,53.99816],[-1.82274,53.99792],[-1.82265,53.99742],[-1.82107,53.99741],[-1.81951,53.99644],[-1.81878,53.99249],[-1.82012,53.99124],[-1.82163,53.99096],[-1.8216,53.9899],[-1.82317,53.98902],[-1.82327,53.9878],[-1.82456,53.98726],[-1.82497,53.98626],[-1.82678,53.98571],[-1.82548,53.98484],[-1.8223,53.98363],[-1.81775,53.98016],[-1.81675,53.97806],[-1.82489,53.97621],[-1.85037,53.96551],[-1.86023,53.96231],[-1.86187,53.96187],[-1.86292,53.96193],[-1.86255,53.96026],[-1.86116,53.95968],[-1.86131,53.95853],[-1.86345,53.95744],[-1.86501,53.95603],[-1.87053,53.95437],[-1.87224,53.95451],[-1.8732,53.955],[-1.87583,53.95497],[-1.8782,53.9545],[-1.87873,53.95412],[-1.87994,53.95591],[-1.87972,53.95698],[-1.87809,53.95906],[-1.87888,53.96263],[-1.88169,53.96311],[-1.88551,53.96305],[-1.88954,53.9661],[-1.89311,53.96763],[-1.89274,53.97043],[-1.89338,53.97069],[-1.89344,53.97165],[-1.89302,53.97221],[-1.89417,53.97255],[-1.89485,53.97245],[-1.8952,53.97364],[-1.89495,53.97442],[-1.89334,53.97574],[-1.89262,53.97689],[-1.89252,53.98039],[-1.89162,53.98138],[-1.89339,53.98191],[-1.89489,53.98193],[-1.9,53.98014],[-1.90451,53.98076],[-1.90773,53.98051],[-1.91578,53.98241],[-1.92211,53.98307],[-1.92433,53.98418],[-1.93546,53.98325],[-1.93822,53.98217],[-1.93863,53.98392],[-1.94415,53.99188],[-1.94652,53.99103],[-1.94829,53.99094],[-1.9507,53.99111],[-1.95186,53.9918],[-1.96115,53.99026],[-1.96507,53.98915],[-1.96499,53.98863],[-1.96808,53.98714],[-1.96909,53.98599],[-1.97456,53.986],[-1.97947,53.98527],[-1.98394,53.98538],[-1.98329,53.98335],[-1.98365,53.98113],[-1.98762,53.98025],[-1.99135,53.97996],[-1.99108,53.97929],[-1.99157,53.97658],[-1.99377,53.97597],[-1.99871,53.97383],[-2.00345,53.97312],[-2.00515,53.97232],[-2.00885,53.97296],[-2.01051,53.97286],[-2.01248,53.97396],[-2.01256,53.97472],[-2.01472,53.97692],[-2.01678,53.97744],[-2.01681,53.97788],[-2.01809,53.97803],[-2.01959,53.979],[-2.02302,53.97984],[-2.02471,53.98139],[-2.02537,53.98113],[-2.02674,53.98137],[-2.02659,53.98175],[-2.02777,53.98175],[-2.02775,53.98229],[-2.03015,53.98316],[-2.03143,53.98328],[-2.03172,53.9837],[-2.03229,53.98382],[-2.03364,53.98241],[-2.03465,53.98341],[-2.03515,53.98296],[-2.03921,53.98147],[-2.03783,53.98079],[-2.03886,53.97937],[-2.03723,53.97887],[-2.03982,53.97564],[-2.04136,53.97489],[-2.0448,53.97193],[-2.04498,53.97049],[-2.04408,53.96984],[-2.04402,53.96924],[-2.04533,53.9685],[-2.04547,53.96725],[-2.05307,53.96895],[-2.06494,53.97363],[-2.06628,53.97455],[-2.0672,53.97629],[-2.06937,53.97759],[-2.07059,53.97878],[-2.07452,53.97978],[-2.07904,53.9817],[-2.08206,53.98337],[-2.08403,53.98506],[-2.08715,53.98611],[-2.08805,53.9868],[-2.09007,53.98724],[-2.09187,53.98709],[-2.09502,53.9878],[-2.09659,53.98932],[-2.09777,53.99136],[-2.09846,53.99156],[-2.09961,53.99],[-2.10035,53.99022],[-2.10257,53.9912],[-2.10267,53.99231],[-2.10344,53.99275],[-2.1065,53.99328],[-2.10615,53.99375],[-2.1076,53.99556],[-2.11494,53.99699],[-2.12122,53.99936],[-2.13014,54.00367],[-2.13213,54.0052],[-2.13451,54.00526],[-2.13878,54.00437],[-2.14003,54.00437],[-2.14023,54.00372],[-2.1415,54.00352],[-2.14178,54.00392],[-2.14454,54.00359],[-2.14369,54.0048],[-2.14587,54.00353],[-2.14743,54.00384],[-2.14811,54.00444],[-2.14791,54.0048],[-2.14938,54.00533],[-2.15014,54.00785],[-2.15277,54.00803],[-2.15285,54.00858],[-2.15365,54.00858],[-2.15638,54.00817],[-2.1566,54.00748],[-2.15747,54.00776],[-2.15797,54.0076],[-2.16207,54.00949],[-2.16142,54.0102],[-2.16154,54.01065],[-2.16663,54.01136],[-2.16831,54.01112],[-2.17068,54.01194],[-2.17211,54.01137],[-2.1746,54.01248],[-2.17558,54.01225],[-2.17589,54.01177],[-2.17781,54.01128],[-2.18114,54.01084],[-2.18657,54.01062],[-2.18809,54.01023],[-2.18938,54.00942],[-2.19007,54.00938],[-2.19063,54.01067],[-2.19407,54.00895],[-2.20455,54.00862],[-2.20689,54.00695],[-2.21032,54.00628],[-2.21434,54.00627],[-2.21917,54.00709],[-2.22301,54.00844],[-2.2273,54.01152],[-2.23103,54.01289],[-2.23279,54.01326],[-2.23535,54.01313],[-2.24667,54.01408],[-2.2507,54.01498],[-2.2545,54.0164],[-2.25896,54.01898],[-2.26481,54.02321],[-2.27364,54.02697],[-2.2806,54.03111],[-2.2803,54.03135],[-2.28175,54.03223],[-2.28298,54.03366],[-2.2853,54.03847],[-2.28516,54.04126],[-2.28554,54.04126],[-2.28599,54.04446],[-2.28593,54.05056],[-2.28532,54.05372],[-2.28563,54.05555],[-2.28164,54.05456],[-2.27972,54.05437],[-2.27937,54.05461],[-2.27895,54.05542],[-2.2792,54.05685],[-2.27783,54.05783],[-2.2762,54.06054],[-2.27542,54.06405],[-2.27401,54.06443],[-2.273,54.06548],[-2.27162,54.06539]]]}},{"type":"Feature","properties":{"name":"Loch Lomond and The Trossachs","kind":"national_park"},"geometry":{"type":"Polygon","coordinates":[[[-4.63638,56.47409],[-4.63397,56.47275],[-4.63252,56.47095],[-4.63061,56.47037],[-4.62776,56.46849],[-4.62387,56.46767],[-4.62739,56.46731],[-4.63102,56.46586],[-4.63352,56.4645],[-4.63405,56.46269],[-4.63269,56.4602],[-4.63121,56.45912],[-4.63017,56.45743],[-4.62567,56.45558],[-4.62144,56.45448],[-4.61919,56.45457],[-4.62004,56.45414],[-4.62035,56.45329],[-4.61998,56.45016],[-4.61937,56.44966],[-4.61957,56.44687],[-4.62028,56.44513],[-4.61986,56.44464],[-4.62073,56.44416],[-4.62363,56.44062],[-4.62261,56.43846],[-4.61591,56.43415],[-4.614,56.43328],[-4.60886,56.43186],[-4.60825,56.4311],[-4.60545,56.43155],[-4.5954,56.42927],[-4.5918,56.42937],[-4.58979,56.42975],[-4.58866,56.43013],[-4.58857,56.43101],[-4.58629,56.43105],[-4.58233,56.43254],[-4.5807,56.43281],[-4.57975,56.43555],[-4.58014,56.43635],[-4.57466,56.43929],[-4.57079,56.44042],[-4.57082,56.44139],[-4.56911,56.44223],[-4.56889,56.4433],[-4.56746,56.44391],[-4.56271,56.44501],[-4.5578,56.44542],[-4.55605,56.44619],[-4.55469,56.44638],[-4.5546,56.44736],[-4.55366,56.44807],[-4.54969,56.44895],[-4.54718,56.45006],[-4.54334,56.45097],[-4.54197,56.45269],[-4.5428,56.45352],[-4.54693,56.45491],[-4.54739,56.45538],[-4.54712,56.45591],[-4.54382,56.45655],[-4.54222,56.45637],[-4.54083,56.45687],[-4.53971,56.4567],[-4.53724,56.45741],[-4.53087,56.45671],[-4.52891,56.45918],[-4.52378,56.46155],[-4.5217,56.46181],[-4.51787,56.46077],[-4.51459,56.46045],[-4.51047,56.459],[-4.50768,56.45861],[-4.49626,56.45936],[-4.49552,56.46],[-4.49199,56.45995],[-4.48798,56.46064],[-4.48429,56.46222],[-4.48228,56.46236],[-4.48008,56.46293],[-4.47859,56.46395],[-4.47621,56.46461],[-4.47679,56.46564],[-4.47342,56.46765],[-4.4666,56.46805],[-4.46204,56.46719],[-4.4608,56.46624],[-4.45957,56.46675],[-4.4572,56.46704],[-4.45637,56.46682],[-4.45393,56.46695],[-4.45335,56.4667],[-4.45243,56.46529],[-4.45071,56.46404],[-4.45043,56.46066],[-4.44698,56.46153],[-4.44658,56.4619],[-4.44394,56.46225],[-4.44171,56.46343],[-4.43858,56.46358],[-4.43793,56.46317],[-4.43693,56.46308],[-4.4352,56.46474],[-4.43002,56.46687],[-4.42763,56.46863],[-4.42571,56.46913],[-4.42614,56.46986],[-4.42546,56.47068],[-4.42242,56.47012],[-4.41816,56.47008],[-4.41323,56.46949],[-4.40899,56.46767],[-4.40331,56.46659],[-4.40069,56.46519],[-4.39465,56.46317],[-4.39126,56.46241],[-4.38783,56.46221],[-4.37727,56.46462],[-4.37124,56.46443],[-4.36856,56.46464],[-4.36444,56.46397],[-4.36036,56.46265],[-4.35239,56.46442],[-4.34787,56.46433],[-4.34456,56.46474],[-4.3414,56.46556],[-4.34049,56.46613],[-4.33716,56.46688],[-4.33717,56.46835],[-4.33801,56.46946],[-4.33733,56.47175],[-4.33637,56.47198],[-4.33266,56.47717],[-4.33034,56.47646],[-4.32643,56.4767],[-4.32393,56.47707],[-4.32434,56.47762],[-4.32501,56.47756],[-4.32553,56.47836],[-4.32464,56.47817],[-4.32224,56.47862],[-4.32224,56.47809],[-4.31984,56.475],[-4.32023,56.47307],[-4.31949,56.47119],[-4.31863,56.4704],[-4.31601,56.47136],[-4.3142,56.47164],[-4.311,56.47045],[-4.30983,56.47067],[-4.30874,56.47134],[-4.30723,56.47049],[-4.30669,56.47078],[-4.30688,56.47042],[-4.30478,56.47107],[-4.30293,56.47029],[-4.30324,56.46993],[-4.3018,56.46961],[-4.30213,56.46797],[-4.30304,56.46706],[-4.3027,56.46586],[-4.29923,56.46435],[-4.29819,56.46289],[-4.29933,56.4622],[-4.29855,56.46088],[-4.29931,56.46016],[-4.29879,56.459],[-4.29941,56.45828],[-4.29781,56.45701],[-4.29667,56.45683],[-4.29593,56.45502],[-4.29477,56.45405],[-4.29455,56.44983],[-4.2932,56.44675],[-4.29337,56.44326],[-4.29249,56.44145],[-4.29309,56.44093],[-4.29229,56.44045],[-4.29207,56.43942],[-4.29403,56.43704],[-4.29487,56.4369],[-4.29507,56.43625],[-4.29708,56.43509],[-4.29751,56.43443],[-4.29781,56.4318],[-4.299,56.43083],[-4.29859,56.42887],[-4.29989,56.4272],[-4.30003,56.42459],[-4.30044,56.42351],[-4.30169,56.4228],[-4.3014,56.42199],[-4.29886,56.41967],[-4.28767,56.42042],[-4.28584,56.42099],[-4.28543,56.41992],[-4.28384,56.41965],[-4.28277,56.41825],[-4.28273,56.41733],[-4.281,56.41687],[-4.2827,56.4155],[-4.27943,56.4123],[-4.27678,56.41138],[-4.27545,56.40976],[-4.27384,56.4092],[-4.2731,56.40815],[-4.27297,56.40603],[-4.27031,56.40428],[-4.27133,56.39946],[-4.26957,56.39798],[-4.26543,56.39668],[-4.26615,56.39601],[-4.26707,56.39373],[-4.26307,56.39435],[-4.25996,56.39218],[-4.25727,56.38904],[-4.25387,56.38961],[-4.24602,56.39171],[-4.24108,56.39237],[-4.23044,56.39149],[-4.21983,56.39122],[-4.21333,56.39251],[-4.20912,56.39284],[-4.19765,56.39285],[-4.18135,56.39419],[-4.16552,56.39503],[-4.16104,56.39565],[-4.1569,56.39714],[-4.14906,56.39722],[-4.1401,56.39847],[-4.12601,56.39677],[-4.11912,56.39403],[-4.11621,56.39324],[-4.11359,56.39328],[-4.11349,56.39375],[-4.11105,56.39496],[-4.10923,56.39455],[-4.10922,56.39429],[-4.10684,56.39442],[-4.10691,56.3941],[-4.10526,56.3942],[-4.10399,56.39391],[-4.10017,56.39188],[-4.09262,56.38897],[-4.08447,56.38715],[-4.0826,56.38609],[-4.08166,56.38513],[-4.08435,56.38566],[-4.08587,56.38413],[-4.08758,56.3841],[-4.08844,56.3833],[-4.09449,56.38234],[-4.09645,56.38106],[-4.09516,56.38025],[-4.09835,56.37897],[-4.10265,56.37951],[-4.10354,56.37934],[-4.1043,56.38031],[-4.10541,56.3803],[-4.10628,56.37952],[-4.10871,56.3788],[-4.11053,56.37716],[-4.11192,56.37673],[-4.11259,56.37533],[-4.11352,56.37486],[-4.11317,56.37429],[-4.11599,56.37295],[-4.12048,56.37225],[-4.11997,56.37168],[-4.11808,56.37121],[-4.12185,56.36998],[-4.12191,56.36933],[-4.1274,56.36758],[-4.12948,56.3673],[-4.13123,56.36786],[-4.13467,56.36754],[-4.13639,56.36834],[-4.13997,56.36876],[-4.14252,56.36673],[-4.14399,56.36652],[-4.14437,56.36558],[-4.14519,56.36537],[-4.14726,56.36635],[-4.14908,56.36638],[-4.15025,56.36494],[-4.15311,56.3644],[-4.15449,56.3632],[-4.15832,56.36242],[-4.16131,56.36233],[-4.16195,56.36305],[-4.16422,56.3639],[-4.16529,56.36315],[-4.16757,56.36325],[-4.16934,56.36248],[-4.17122,56.36289],[-4.17652,56.36331],[-4.18227,56.36289],[-4.18399,56.36263],[-4.18755,56.36094],[-4.19088,56.35872],[-4.19126,56.35638],[-4.19329,56.35571],[-4.19327,56.35534],[-4.1926,56.35458],[-4.19043,56.35364],[-4.19025,56.35278],[-4.1907,56.3524],[-4.19247,56.35221],[-4.19518,56.35127],[-4.1966,56.3513],[-4.19681,56.35052],[-4.1958,56.34864],[-4.19626,56.3464],[-4.1952,56.34505],[-4.19583,56.34477],[-4.1988,56.34534],[-4.1997,56.34497],[-4.19953,56.34454],[-4.20025,56.34366],[-4.19849,56.34316],[-4.19886,56.34123],[-4.19802,56.33945],[-4.19839,56.33837],[-4.19795,56.338],[-4.19876,56.33646],[-4.19819,56.3356],[-4.19757,56.33547],[-4.19798,56.33497],[-4.19737,56.33478],[-4.1966,56.33235],[-4.19554,56.33178],[-4.1948,56.3305],[-4.1934,56.32729],[-4.19358,56.32602],[-4.19224,56.32429],[-4.19196,56.3231],[-4.19398,56.32242],[-4.19518,56.32097],[-4.20173,56.31862],[-4.20361,56.31765],[-4.20466,56.31277],[-4.20379,56.31134],[-4.2008,56.30897],[-4.19997,56.30718],[-4.1999,56.30556],[-4.19626,56.30178],[-4.19536,56.30016],[-4.19507,56.29818],[-4.19379,56.29751],[-4.19539,56.29661],[-4.19656,56.29382],[-4.1951,56.29221],[-4.19481,56.29111],[-4.19516,56.29039],[-4.1939,56.28985],[-4.19404,56.289],[-4.19334,56.28753],[-4.1902,56.287],[-4.18905,56.28544],[-4.18971,56.28374],[-4.19027,56.28363],[-4.19011,56.28262],[-4.1916,56.28191],[-4.19157,56.28089],[-4.19289,56.27958],[-4.19353,56.2793],[-4.1947,56.27936],[-4.19472,56.2788],[-4.19611,56.27804],[-4.1964,56.27728],[-4.1989,56.27661],[-4.19906,56.27598],[-4.2,56.27553],[-4.19972,56.27429],[-4.20072,56.27332],[-4.20172,56.27296],[-4.20137,56.27108],[-4.20178,56.27064],[-4.20103,56.26851],[-4.19932,56.26791],[-4.19973,56.26684],[-4.19785,56.26482],[-4.19716,56.26322],[-4.19817,56.2623],[-4.19802,56.26109],[-4.199,56.26009],[-4.19718,56.25835],[-4.19711,56.25699],[-4.19594,56.25505],[-4.19438,56.25392],[-4.19229,56.25325],[-4.18887,56.25136],[-4.1878,56.25014],[-4.18767,56.24904],[-4.18693,56.24885],[-4.18463,56.24942],[-4.18389,56.24931],[-4.18342,56.2483],[-4.18063,56.24696],[-4.18133,56.24623],[-4.18054,56.24522],[-4.17802,56.24452],[-4.17684,56.24483],[-4.17195,56.24254],[-4.17237,56.24202],[-4.17333,56.24173],[-4.17418,56.24196],[-4.17487,56.24147],[-4.17482,56.24048],[-4.17337,56.23854],[-4.17358,56.23815],[-4.17502,56.23803],[-4.17697,56.23845],[-4.17844,56.23822],[-4.18002,56.23629],[-4.17961,56.23514],[-4.18319,56.23357],[-4.18284,56.23289],[-4.18074,56.23259],[-4.17902,56.23184],[-4.17859,56.23113],[-4.17904,56.23057],[-4.17957,56.23029],[-4.18312,56.2303],[-4.18477,56.2294],[-4.18461,56.22792],[-4.18269,56.22595],[-4.17905,56.22622],[-4.17692,56.22541],[-4.17776,56.22453],[-4.17676,56.2237],[-4.17786,56.22299],[-4.17784,56.21916],[-4.17829,56.21774],[-4.17798,56.21673],[-4.18045,56.21664],[-4.18429,56.21711],[-4.18618,56.21767],[-4.18793,56.21874],[-4.19107,56.21893],[-4.19319,56.21973],[-4.19596,56.21955],[-4.19673,56.21904],[-4.19963,56.21898],[-4.20094,56.21945],[-4.20153,56.22023],[-4.2042,56.21851],[-4.20654,56.2186],[-4.21115,56.21798],[-4.21275,56.21814],[-4.21762,56.21768],[-4.22522,56.21589],[-4.2287,56.21627],[-4.22985,56.21608],[-4.23536,56.21241],[-4.23593,56.21024],[-4.23496,56.20927],[-4.23511,56.20854],[-4.23889,56.20506],[-4.23902,56.20386],[-4.24322,56.19903],[-4.24635,56.19633],[-4.24745,56.19599],[-4.25027,56.19316],[-4.25113,56.18667],[-4.26187,56.18523],[-4.27215,56.18562],[-4.28481,56.18483],[-4.28317,56.18177],[-4.28322,56.18057],[-4.2809,56.17914],[-4.27826,56.17845],[-4.27665,56.1759],[-4.27509,56.17477],[-4.27505,56.17406],[-4.27315,56.17323],[-4.27294,56.17283],[-4.26923,56.17225],[-4.26742,56.17024],[-4.26388,56.16746],[-4.26489,56.16659],[-4.26428,56.16476],[-4.26315,56.16391],[-4.27403,56.15961],[-4.27784,56.15899],[-4.28042,56.16206],[-4.28259,56.16176],[-4.28213,56.16067],[-4.28929,56.15971],[-4.29492,56.15938],[-4.29532,56.15658],[-4.29833,56.15646],[-4.30045,56.15692],[-4.30329,56.15666],[-4.30462,56.15826],[-4.31652,56.15928],[-4.32553,56.16385],[-4.32717,56.16331],[-4.33037,56.16104],[-4.33416,56.15988],[-4.34047,56.15582],[-4.34077,56.15509],[-4.34151,56.15473],[-4.34277,56.15472],[-4.34259,56.15391],[-4.34196,56.15377],[-4.34231,56.15341],[-4.34309,56.15335],[-4.3444,56.15416],[-4.34557,56.15421],[-4.34589,56.15303],[-4.34836,56.15217],[-4.34901,56.15096],[-4.35016,56.15011],[-4.35133,56.15019],[-4.35205,56.1513],[-4.35072,56.15329],[-4.35259,56.15407],[-4.35282,56.15521],[-4.3533,56.15542],[-4.35432,56.15557],[-4.35743,56.15523],[-4.36013,56.15335],[-4.36171,56.15284],[-4.35979,56.14697],[-4.36183,56.14032],[-4.35816,56.13679],[-4.35882,56.13671],[-4.36128,56.13758],[-4.36226,56.13673],[-4.36328,56.13681],[-4.36619,56.13628],[-4.36733,56.13685],[-4.36846,56.1363],[-4.36913,56.13675],[-4.37038,56.1361],[-4.37081,56.13685],[-4.37165,56.13713],[-4.3754,56.13556],[-4.3787,56.13314],[-4.38151,56.13328],[-4.38574,56.13153],[-4.38784,56.13173],[-4.38871,56.13071],[-4.38795,56.12938],[-4.40018,56.11834],[-4.40558,56.11071],[-4.41138,56.10737],[-4.41414,56.10617],[-4.41879,56.10482],[-4.42069,56.10319],[-4.42582,56.1008],[-4.42892,56.09723],[-4.43139,56.09542],[-4.43206,56.09305],[-4.43148,56.09272],[-4.43185,56.09225],[-4.43063,56.09156],[-4.43014,56.09186],[-4.42911,56.09147],[-4.42878,56.09161],[-4.42781,56.09056],[-4.42624,56.09064],[-4.42495,56.09025],[-4.42383,56.08857],[-4.4245,56.0881],[-4.42442,56.08737],[-4.42259,56.08607],[-4.42235,56.08398],[-4.4212,56.08298],[-4.41928,56.08305],[-4.41875,56.08265],[-4.4173,56.08238],[-4.41582,56.08076],[-4.41669,56.08032],[-4.41767,56.07892],[-4.41887,56.07872],[-4.41952,56.07784],[-4.41705,56.07634],[-4.41663,56.0757],[-4.41547,56.07586],[-4.41553,56.07553],[-4.41466,56.07503],[-4.41466,56.07222],[-4.41556,56.07149],[-4.41629,56.06972],[-4.4192,56.06658],[-4.41816,56.06359],[-4.41852,56.05926],[-4.41415,56.04985],[-4.4147,56.0495],[-4.41694,56.04887],[-4.42041,56.04878],[-4.42257,56.04893],[-4.42573,56.04963],[-4.43002,56.04924],[-4.43092,56.04871],[-4.4308,56.04839],[-4.43467,56.04756],[-4.43584,56.0464],[-4.43799,56.04587],[-4.43964,56.04456],[-4.44286,56.04395],[-4.44423,56.04293],[-4.44627,56.04249],[-4.44581,56.04213],[-4.44416,56.04183],[-4.44615,56.04089],[-4.4498,56.04065],[-4.45116,56.04142],[-4.45131,56.04055],[-4.4529,56.04002],[-4.45393,56.04068],[-4.45839,56.04064],[-4.45879,56.04142],[-4.45971,56.03993],[-4.46027,56.04],[-4.4603,56.04073],[-4.46088,56.04084],[-4.46145,56.04075],[-4.46099,56.04013],[-4.46147,56.03976],[-4.46231,56.03969],[-4.46321,56.04032],[-4.46464,56.04001],[-4.467,56.03906],[-4.46808,56.03775],[-4.47016,56.0367],[-4.47141,56.03665],[-4.4713,56.03729],[-4.47436,56.03701],[-4.47515,56.03734],[-4.47571,56.03719],[-4.47681,56.03606],[-4.47765,56.03578],[-4.47765,56.03483],[-4.47638,56.03363],[-4.47794,56.03317],[-4.47768,56.03293],[-4.47654,56.03307],[-4.47649,56.03279],[-4.47894,56.03228],[-4.47943,56.03184],[-4.48057,56.03214],[-4.48137,56.03181],[-4.48176,56.03066],[-4.4826,56.03032],[-4.48306,56.02958],[-4.48372,56.02951],[-4.4848,56.0299],[-4.48546,56.02962],[-4.48804,56.02954],[-4.48844,56.02867],[-4.48788,56.02827],[-4.48853,56.02831],[-4.48899,56.02799],[-4.48815,56.02724],[-4.48782,56.02578],[-4.48881,56.02485],[-4.48852,56.0244],[-4.48546,56.02269],[-4.48328,56.02292],[-4.48133,56.02244],[-4.48035,56.02141],[-4.48081,56.02045],[-4.47912,56.02002],[-4.47895,56.01927],[-4.48098,56.01651],[-4.48054,56.01613],[-4.48079,56.01536],[-4.48272,56.01566],[-4.49215,56.0149],[-4.49464,56.0151],[-4.49693,56.01468],[-4.49807,56.01526],[-4.49938,56.0149],[-4.50147,56.01525],[-4.50547,56.01507],[-4.50829,56.01357],[-4.51913,56.01018],[-4.52334,56.00985],[-4.52499,56.01022],[-4.52586,56.01081],[-4.52712,56.01068],[-4.52879,56.01127],[-4.53272,56.00985],[-4.53548,56.00942],[-4.5402,56.00783],[-4.54405,56.00821],[-4.54716,56.00804],[-4.54843,56.00573],[-4.55156,56.00304],[-4.55364,56.00216],[-4.55544,56.00238],[-4.55613,56.00373],[-4.55924,56.00378],[-4.5623,56.00502],[-4.56365,56.00472],[-4.56461,56.00506],[-4.56768,56.00509],[-4.56893,56.0047],[-4.5698,56.00505],[-4.57453,56.00271],[-4.57521,56.00277],[-4.5806,56.0016],[-4.57801,55.99925],[-4.57884,55.99901],[-4.5808,55.99863],[-4.58203,56.00066],[-4.58093,56.00089],[-4.58146,56.00144],[-4.58684,56.00037],[-4.58788,55.99976],[-4.5883,55.99887],[-4.58932,55.99961],[-4.59141,55.99954],[-4.59589,55.99867],[-4.59645,55.99796],[-4.59756,55.99774],[-4.59912,55.99802],[-4.59903,55.99867],[-4.59836,55.9989],[-4.59913,55.9998],[-4.60386,55.99998],[-4.60888,56.00074],[-4.61355,56.00068],[-4.61902,56.00142],[-4.62127,56.00113],[-4.62485,56.00127],[-4.628,56.00052],[-4.63034,56.00268],[-4.63437,56.00346],[-4.63687,56.00436],[-4.6389,56.00445],[-4.6416,56.00542],[-4.65294,56.00811],[-4.65364,56.00747],[-4.66406,56.00877],[-4.6701,56.01099],[-4.68948,56.01605],[-4.6887,56.01681],[-4.68896,56.01752],[-4.68649,56.019],[-4.68624,56.02078],[-4.68679,56.02232],[-4.68587,56.02297],[-4.68596,56.02329],[-4.68426,56.02389],[-4.68396,56.02436],[-4.68718,56.02584],[-4.68781,56.02591],[-4.68842,56.02552],[-4.68771,56.02453],[-4.6893,56.02463],[-4.69067,56.02508],[-4.69187,56.02444],[-4.69252,56.02318],[-4.69846,56.02574],[-4.69894,56.02545],[-4.69708,56.02457],[-4.69775,56.02408],[-4.70204,56.02539],[-4.70543,56.02578],[-4.70639,56.02705],[-4.71055,56.02679],[-4.71439,56.02581],[-4.71546,56.02603],[-4.71823,56.02573],[-4.71874,56.02684],[-4.7208,56.0272],[-4.72175,56.02776],[-4.72354,56.02765],[-4.72613,56.02839],[-4.72633,56.02977],[-4.73061,56.03202],[-4.73332,56.03718],[-4.73435,56.03771],[-4.73527,56.03773],[-4.73581,56.03721],[-4.73733,56.03684],[-4.73912,56.03714],[-4.74078,56.03691],[-4.74311,56.03594],[-4.74651,56.0373],[-4.75182,56.03757],[-4.75978,56.04241],[-4.76942,56.04637],[-4.77165,56.04783],[-4.77405,56.04699],[-4.7843,56.054],[-4.78248,56.05794],[-4.78062,56.06029],[-4.77579,56.06504],[-4.77446,56.06493],[-4.7749,56.06553],[-4.77412,56.06575],[-4.77495,56.06612],[-4.77439,56.06717],[-4.77359,56.06766],[-4.77568,56.06788],[-4.77612,56.0695],[-4.77494,56.07035],[-4.77548,56.07094],[-4.77556,56.07344],[-4.77443,56.07401],[-4.77461,56.0754],[-4.77357,56.07585],[-4.77307,56.07657],[-4.7736,56.07701],[-4.7722,56.07779],[-4.77295,56.07866],[-4.77246,56.08058],[-4.77272,56.08248],[-4.77317,56.08281],[-4.77182,56.08341],[-4.77118,56.08439],[-4.77252,56.08554],[-4.77133,56.08742],[-4.77133,56.08898],[-4.77204,56.08959],[-4.77191,56.09007],[-4.77437,56.09441],[-4.77551,56.09511],[-4.77606,56.09902],[-4.77551,56.10145],[-4.77577,56.1027],[-4.77533,56.10324],[-4.78187,56.10488],[-4.78562,56.10619],[-4.7872,56.11049],[-4.78633,56.11234],[-4.78551,56.11252],[-4.78519,56.11301],[-4.7859,56.11394],[-4.78635,56.11684],[-4.78492,56.1178],[-4.78329,56.12063],[-4.78071,56.12761],[-4.77925,56.12907],[-4.77829,56.12965],[-4.77684,56.12993],[-4.77434,56.1299],[-4.77264,56.12935],[-4.7714,56.12852],[-4.76776,56.12894],[-4.76641,56.12881],[-4.76524,56.12828],[-4.75896,56.12931],[-4.75534,56.13052],[-4.75614,56.13109],[-4.757,56.1328],[-4.75551,56.1343],[-4.75387,56.13494],[-4.75242,56.1362],[-4.75101,56.13609],[-4.74899,56.13692],[-4.74715,56.13689],[-4.74304,56.13837],[-4.74254,56.13894],[-4.74344,56.14031],[-4.74287,56.14155],[-4.74391,56.14183],[-4.74518,56.14361],[-4.7418,56.14493],[-4.73949,56.14657],[-4.73928,56.1471],[-4.73765,56.14787],[-4.73466,56.15184],[-4.73345,56.15202],[-4.73437,56.15329],[-4.73744,56.15421],[-4.73855,56.15408],[-4.73902,56.15457],[-4.74445,56.15472],[-4.74744,56.15413],[-4.74961,56.15404],[-4.75321,56.15456],[-4.75434,56.15552],[-4.76521,56.15843],[-4.76924,56.1607],[-4.77861,56.16277],[-4.78034,56.16293],[-4.78145,56.16267],[-4.78227,56.16321],[-4.78502,56.16389],[-4.78529,56.16453],[-4.78672,56.16523],[-4.78753,56.16532],[-4.7871,56.16633],[-4.78171,56.17295],[-4.78063,56.17649],[-4.77935,56.17769],[-4.77487,56.18001],[-4.77163,56.18343],[-4.77134,56.18428],[-4.7701,56.18498],[-4.76926,56.18695],[-4.76779,56.18691],[-4.76381,56.18882],[-4.76186,56.18904],[-4.75869,56.19036],[-4.75443,56.19263],[-4.75165,56.19357],[-4.74846,56.19582],[-4.74811,56.19655],[-4.74871,56.19799],[-4.74837,56.19884],[-4.7463,56.2001],[-4.74528,56.20162],[-4.74538,56.20252],[-4.74429,56.20317],[-4.744,56.20495],[-4.74481,56.20588],[-4.74623,56.20601],[-4.74634,56.20693],[-4.74729,56.20626],[-4.74812,56.2068],[-4.74947,56.20657],[-4.7543,56.20289],[-4.75673,56.1993],[-4.76099,56.19741],[-4.76112,56.1971],[-4.76199,56.19725],[-4.76116,56.19681],[-4.76247,56.19656],[-4.76371,56.19693],[-4.7659,56.19603],[-4.76763,56.19607],[-4.77552,56.19282],[-4.78003,56.18991],[-4.77802,56.18786],[-4.77853,56.18721],[-4.7803,56.18628],[-4.78244,56.18751],[-4.78075,56.18627],[-4.78131,56.18573],[-4.78394,56.186],[-4.78621,56.18584],[-4.78709,56.18352],[-4.78917,56.18265],[-4.79053,56.18129],[-4.7909,56.17783],[-4.7919,56.17579],[-4.79295,56.17482],[-4.79567,56.17382],[-4.7975,56.17268],[-4.79718,56.17123],[-4.79828,56.17087],[-4.79845,56.17081],[-4.7986,56.1694],[-4.80039,56.16696],[-4.80327,56.16552],[-4.8051,56.1625],[-4.8077,56.16092],[-4.80776,56.16071],[-4.808,56.15991],[-4.80955,56.1585],[-4.81096,56.15807],[-4.81109,56.15726],[-4.81373,56.15596],[-4.81683,56.15318],[-4.81676,56.15225],[-4.81726,56.15173],[-4.8173,56.1517],[-4.8182,56.15073],[-4.8176,56.15099],[-4.81738,56.14999],[-4.81931,56.14906],[-4.82109,56.14619],[-4.82139,56.1444],[-4.82412,56.14331],[-4.82651,56.1414],[-4.82773,56.13736],[-4.82752,56.13457],[-4.82872,56.13264],[-4.8294,56.1302],[-4.82871,56.12788],[-4.83166,56.12505],[-4.83182,56.12389],[-4.83258,56.12313],[-4.83401,56.12295],[-4.8345,56.12302],[-4.83656,56.12357],[-4.83893,56.12357],[-4.83886,56.1233],[-4.84127,56.12209],[-4.84334,56.11997],[-4.84735,56.11796],[-4.85012,56.11475],[-4.85326,56.11277],[-4.85764,56.10412],[-4.85819,56.10342],[-4.86166,56.10042],[-4.86263,56.10021],[-4.86543,56.10071],[-4.86793,56.10288],[-4.87246,56.10448],[-4.87535,56.1046],[-4.88233,56.10404],[-4.88281,56.10402],[-4.88282,56.10443],[-4.88379,56.10492],[-4.88432,56.10561],[-4.88564,56.10808],[-4.88684,56.10918],[-4.88869,56.11428],[-4.89085,56.11824],[-4.89149,56.12346],[-4.89124,56.12523],[-4.89049,56.12634],[-4.88991,56.12716],[-4.88805,56.12893],[-4.88797,56.12898],[-4.88631,56.12975],[-4.88406,56.13321],[-4.88267,56.13893],[-4.8828,56.13988],[-4.88341,56.1404],[-4.88257,56.14157],[-4.88283,56.14283],[-4.88369,56.14537],[-4.88496,56.14627],[-4.88703,56.15099],[-4.88835,56.15219],[-4.89146,56.15402],[-4.89579,56.1579],[-4.89621,56.15867],[-4.89854,56.16299],[-4.90037,56.16432],[-4.90123,56.16495],[-4.90076,56.16955],[-4.90076,56.16961],[-4.90077,56.16962],[-4.90136,56.17042],[-4.90286,56.17088],[-4.9062,56.17095],[-4.90666,56.17159],[-4.90736,56.17177],[-4.90786,56.17252],[-4.90618,56.17385],[-4.90804,56.17277],[-4.90773,56.17152],[-4.90997,56.17036],[-4.9118,56.16871],[-4.91327,56.16862],[-4.91279,56.16837],[-4.91495,56.16705],[-4.91513,56.16644],[-4.91768,56.16401],[-4.91737,56.16292],[-4.91549,56.16207],[-4.91488,56.16119],[-4.91693,56.16112],[-4.91456,56.16075],[-4.91335,56.15827],[-4.91302,56.15758],[-4.91209,56.15718],[-4.91107,56.15592],[-4.90927,56.15532],[-4.90895,56.15459],[-4.90749,56.15426],[-4.90744,56.1542],[-4.9078,56.15392],[-4.90666,56.15306],[-4.90534,56.15088],[-4.90233,56.14929],[-4.90131,56.14762],[-4.90027,56.14715],[-4.90025,56.14714],[-4.89997,56.14608],[-4.90063,56.14513],[-4.90095,56.142],[-4.90166,56.14135],[-4.90157,56.14067],[-4.90031,56.13953],[-4.90062,56.13759],[-4.90151,56.1364],[-4.90115,56.13544],[-4.9023,56.13449],[-4.90176,56.1332],[-4.90492,56.13196],[-4.90787,56.12992],[-4.90801,56.12882],[-4.90894,56.1287],[-4.90784,56.12842],[-4.90865,56.128],[-4.90889,56.12643],[-4.90831,56.12468],[-4.91052,56.12208],[-4.91143,56.11881],[-4.91038,56.1167],[-4.90926,56.11598],[-4.90949,56.11551],[-4.91026,56.11574],[-4.90901,56.11454],[-4.90933,56.11218],[-4.90732,56.11024],[-4.90688,56.10909],[-4.90531,56.10891],[-4.90589,56.10849],[-4.90561,56.10786],[-4.90297,56.1071],[-4.90382,56.10651],[-4.89985,56.10369],[-4.89751,56.10302],[-4.89689,56.10246],[-4.89572,56.10254],[-4.89294,56.10274],[-4.89313,56.10062],[-4.89119,56.09949],[-4.88817,56.09938],[-4.88889,56.09869],[-4.88875,56.09788],[-4.88644,56.09784],[-4.88473,56.09596],[-4.88025,56.09474],[-4.87894,56.09466],[-4.87746,56.09403],[-4.87582,56.09413],[-4.87545,56.09188],[-4.8748,56.09138],[-4.87494,56.09053],[-4.87422,56.08924],[-4.8747,56.08732],[-4.87411,56.08641],[-4.87472,56.08494],[-4.87642,56.08401],[-4.87685,56.0839],[-4.87786,56.08435],[-4.87879,56.0835],[-4.87876,56.08134],[-4.88045,56.07929],[-4.88198,56.07874],[-4.8824,56.07733],[-4.88253,56.07708],[-4.88256,56.0768],[-4.88303,56.07521],[-4.88413,56.07496],[-4.8848,56.07535],[-4.88609,56.07441],[-4.88746,56.07263],[-4.88724,56.07217],[-4.88797,56.07138],[-4.8881,56.07033],[-4.89077,56.06826],[-4.89059,56.06715],[-4.89154,56.0662],[-4.89117,56.06601],[-4.89247,56.06563],[-4.89279,56.065],[-4.89241,56.06455],[-4.89282,56.06398],[-4.89394,56.06246],[-4.89623,56.06091],[-4.89786,56.05901],[-4.89794,56.05891],[-4.89833,56.05845],[-4.89947,56.05826],[-4.90021,56.05763],[-4.90033,56.05758],[-4.90225,56.05718],[-4.90276,56.05637],[-4.90479,56.05618],[-4.90786,56.05458],[-4.9102,56.05378],[-4.91148,56.05417],[-4.91072,56.05373],[-4.91337,56.05237],[-4.91443,56.05128],[-4.91351,56.04926],[-4.91155,56.04789],[-4.91091,56.04675],[-4.90746,56.04479],[-4.90748,56.04456],[-4.90769,56.04422],[-4.90898,56.04333],[-4.90916,56.04227],[-4.90738,56.03981],[-4.90746,56.03716],[-4.90592,56.03583],[-4.90693,56.03227],[-4.90387,56.02883],[-4.90353,56.02656],[-4.90255,56.02557],[-4.90236,56.02336],[-4.90033,56.02103],[-4.90094,56.01956],[-4.90004,56.02039],[-4.89936,56.02001],[-4.90011,56.01881],[-4.90316,56.01711],[-4.90272,56.01563],[-4.90316,56.01392],[-4.9025,56.01119],[-4.90024,56.0094],[-4.89919,56.00746],[-4.89865,56.0074],[-4.8988,56.0066],[-4.89511,55.99731],[-4.89504,55.99137],[-4.89593,55.98624],[-4.89751,55.98354],[-4.90107,55.98318],[-4.90402,55.98366],[-4.90603,55.98472],[-4.91005,55.98593],[-4.91421,55.9868],[-4.91667,55.98661],[-4.91787,55.98808],[-4.92011,55.98884],[-4.92599,55.98933],[-4.92804,55.98882],[-4.92873,55.99006],[-4.931,55.99092],[-4.9337,55.9926],[-4.93408,55.9924],[-4.93412,55.99281],[-4.93624,55.99397],[-4.93996,55.99538],[-4.94172,55.99558],[-4.94512,55.99653],[-4.94668,55.99736],[-4.94909,55.99787],[-4.95477,56.00187],[-4.95769,56.0029],[-4.95833,56.00353],[-4.95918,56.00454],[-4.95959,56.00478],[-4.95971,56.0049],[-4.95989,56.00496],[-4.96156,56.00592],[-4.96165,56.00548],[-4.96162,56.00546],[-4.96419,56.00391],[-4.96947,56.00354],[-4.97255,56.00254],[-4.97353,56.0019],[-4.97798,56.00257],[-4.97983,56.00421],[-4.98152,56.00483],[-4.98276,56.00577],[-4.98397,56.00942],[-4.98338,56.01053],[-4.98621,56.0099],[-4.9866,56.00869],[-4.98783,56.00808],[-4.99093,56.00777],[-4.99252,56.00615],[-4.99399,56.00551],[-4.99883,56.00586],[-4.99884,56.00634],[-5.0003,56.00761],[-5.00157,56.00785],[-5.00278,56.00873],[-5.00487,56.00935],[-5.00574,56.01012],[-5.00763,56.01002],[-5.01061,56.01069],[-5.01524,56.01016],[-5.01728,56.01141],[-5.01918,56.01192],[-5.02334,56.00899],[-5.02414,56.00864],[-5.02518,56.00868],[-5.02744,56.00775],[-5.03188,56.00897],[-5.03392,56.01058],[-5.03397,56.01128],[-5.03577,56.01159],[-5.03699,56.0125],[-5.03837,56.01278],[-5.0403,56.01453],[-5.04381,56.01531],[-5.04625,56.0165],[-5.0463,56.01784],[-5.04826,56.01845],[-5.05074,56.02059],[-5.05162,56.02103],[-5.05399,56.02115],[-5.0557,56.02179],[-5.05979,56.01977],[-5.06198,56.01951],[-5.06519,56.01796],[-5.06981,56.01756],[-5.07362,56.01628],[-5.07865,56.01682],[-5.08373,56.01541],[-5.08446,56.01693],[-5.08347,56.02031],[-5.08372,56.02225],[-5.08131,56.02442],[-5.08098,56.0261],[-5.08138,56.02647],[-5.08084,56.02663],[-5.08126,56.02689],[-5.08081,56.02778],[-5.08222,56.02699],[-5.08261,56.0261],[-5.08372,56.02557],[-5.08467,56.02549],[-5.08501,56.02473],[-5.0864,56.02392],[-5.08723,56.02151],[-5.08911,56.01887],[-5.09733,56.0201],[-5.10209,56.02176],[-5.09989,56.02428],[-5.09734,56.02473],[-5.09386,56.02849],[-5.09495,56.0293],[-5.09616,56.03108],[-5.09229,56.03459],[-5.0911,56.05239],[-5.08755,56.05826],[-5.08824,56.05871],[-5.0885,56.0598],[-5.08923,56.06051],[-5.08999,56.06063],[-5.08912,56.06316],[-5.08776,56.06495],[-5.0873,56.06717],[-5.08321,56.07151],[-5.08146,56.07205],[-5.07873,56.07237],[-5.07893,56.07325],[-5.07785,56.07403],[-5.07779,56.07463],[-5.07522,56.07627],[-5.07405,56.07625],[-5.07168,56.07923],[-5.07019,56.07968],[-5.06735,56.08371],[-5.06644,56.08581],[-5.06223,56.08919],[-5.06265,56.09071],[-5.06177,56.091],[-5.05986,56.09321],[-5.06488,56.09472],[-5.06735,56.09582],[-5.07316,56.09713],[-5.07487,56.09713],[-5.07948,56.09522],[-5.08211,56.0952],[-5.08205,56.09678],[-5.08266,56.09816],[-5.08175,56.09984],[-5.07909,56.10151],[-5.07987,56.10216],[-5.08289,56.1032],[-5.08461,56.1032],[-5.08676,56.10394],[-5.08893,56.10605],[-5.09143,56.10729],[-5.09122,56.11213],[-5.09049,56.11398],[-5.09285,56.11491],[-5.09415,56.11629],[-5.09287,56.11722],[-5.09452,56.11771],[-5.0959,56.11963],[-5.0901,56.1231],[-5.08974,56.12404],[-5.09022,56.12552],[-5.08819,56.12782],[-5.08709,56.13026],[-5.08632,56.13074],[-5.08617,56.13397],[-5.08535,56.13485],[-5.08562,56.13515],[-5.08481,56.13556],[-5.08519,56.13607],[-5.08436,56.13741],[-5.08452,56.13812],[-5.08325,56.13891],[-5.08295,56.14016],[-5.08175,56.1407],[-5.08174,56.14114],[-5.08034,56.14186],[-5.07972,56.14278],[-5.07757,56.14424],[-5.07324,56.14686],[-5.0721,56.1471],[-5.07164,56.14791],[-5.07031,56.14879],[-5.0691,56.14896],[-5.06831,56.14972],[-5.06589,56.14988],[-5.0639,56.15156],[-5.06079,56.15152],[-5.0597,56.1522],[-5.05806,56.15157],[-5.06095,56.1547],[-5.06169,56.15831],[-5.06091,56.1586],[-5.05958,56.15825],[-5.0581,56.15826],[-5.05823,56.15995],[-5.05745,56.16069],[-5.04676,56.16366],[-5.04348,56.16588],[-5.04149,56.16667],[-5.04068,56.16826],[-5.03926,56.16874],[-5.03691,56.16902],[-5.03515,56.16992],[-5.03223,56.16953],[-5.03062,56.17032],[-5.02685,56.16993],[-5.01961,56.16531],[-5.01821,56.16493],[-5.01501,56.16304],[-5.01443,56.16218],[-5.01371,56.16189],[-5.01433,56.16087],[-5.0138,56.16052],[-5.01386,56.15973],[-5.01112,56.15846],[-5.00142,56.15853],[-4.99591,56.15816],[-4.99294,56.15849],[-4.9904,56.15798],[-4.99018,56.15818],[-4.9873,56.15787],[-4.98713,56.15752],[-4.98383,56.15762],[-4.98319,56.16007],[-4.98246,56.16136],[-4.98113,56.16243],[-4.97444,56.16322],[-4.9687,56.16306],[-4.96596,56.1626],[-4.96502,56.16287],[-4.96324,56.16249],[-4.96251,56.16274],[-4.96152,56.16341],[-4.96144,56.16511],[-4.9604,56.1676],[-4.96159,56.1698],[-4.96041,56.17061],[-4.95817,56.1713],[-4.95757,56.1722],[-4.95082,56.17489],[-4.95056,56.17619],[-4.94834,56.17879],[-4.95677,56.1823],[-4.95602,56.18343],[-4.95718,56.18591],[-4.95528,56.18791],[-4.95257,56.18855],[-4.9591,56.19069],[-4.96065,56.19159],[-4.96065,56.19248],[-4.96119,56.19295],[-4.96503,56.1931],[-4.9656,56.19574],[-4.96778,56.19783],[-4.9683,56.19899],[-4.96792,56.1999],[-4.96902,56.20174],[-4.96597,56.20351],[-4.96368,56.20428],[-4.96101,56.20643],[-4.95923,56.20684],[-4.95729,56.20794],[-4.95497,56.20795],[-4.95372,56.20696],[-4.95207,56.20665],[-4.95053,56.20907],[-4.94936,56.20999],[-4.94885,56.2117],[-4.94607,56.21376],[-4.94301,56.21391],[-4.9421,56.21341],[-4.94131,56.21351],[-4.93901,56.21288],[-4.9374,56.21182],[-4.93713,56.2122],[-4.93377,56.21128],[-4.93011,56.20918],[-4.92564,56.20755],[-4.92423,56.20724],[-4.92226,56.20718],[-4.92179,56.20744],[-4.92101,56.20717],[-4.91648,56.20689],[-4.91398,56.20619],[-4.91288,56.20775],[-4.91174,56.20793],[-4.90943,56.20942],[-4.90535,56.21091],[-4.90473,56.21159],[-4.90056,56.21336],[-4.90034,56.21371],[-4.89692,56.21469],[-4.89678,56.21556],[-4.8959,56.21592],[-4.89659,56.21652],[-4.89658,56.21817],[-4.89529,56.22048],[-4.89608,56.2212],[-4.894,56.22229],[-4.89422,56.22416],[-4.89524,56.22555],[-4.89516,56.22603],[-4.89441,56.22637],[-4.8955,56.22768],[-4.89468,56.22829],[-4.89409,56.23036],[-4.89192,56.23249],[-4.89138,56.2336],[-4.88934,56.23448],[-4.87999,56.23155],[-4.87559,56.23087],[-4.87476,56.23148],[-4.87307,56.23197],[-4.87272,56.23329],[-4.87107,56.23436],[-4.87082,56.23511],[-4.8668,56.23681],[-4.86623,56.23748],[-4.86441,56.23822],[-4.86259,56.23948],[-4.85884,56.24072],[-4.85529,56.24123],[-4.85354,56.24211],[-4.85137,56.24518],[-4.85198,56.24581],[-4.85453,56.24548],[-4.85479,56.2457],[-4.85536,56.2469],[-4.85441,56.24803],[-4.85505,56.24928],[-4.85461,56.25023],[-4.85582,56.25187],[-4.85355,56.25583],[-4.85823,56.25776],[-4.85571,56.26006],[-4.85379,56.26126],[-4.84573,56.26393],[-4.84445,56.26483],[-4.84334,56.26487],[-4.84006,56.26634],[-4.83707,56.26811],[-4.8345,56.27018],[-4.83195,56.27094],[-4.83112,56.27169],[-4.82549,56.27267],[-4.82414,56.27314],[-4.82211,56.27457],[-4.82295,56.27502],[-4.82458,56.27762],[-4.82563,56.27833],[-4.82637,56.27984],[-4.82766,56.2808],[-4.82887,56.28272],[-4.8275,56.28361],[-4.83288,56.2848],[-4.83601,56.28773],[-4.83607,56.29042],[-4.83706,56.29225],[-4.83662,56.29321],[-4.83552,56.29385],[-4.83613,56.29488],[-4.83496,56.29659],[-4.83354,56.29704],[-4.83216,56.297],[-4.82974,56.29854],[-4.8251,56.29908],[-4.8232,56.29978],[-4.81982,56.30016],[-4.81879,56.30112],[-4.81574,56.30263],[-4.81361,56.30447],[-4.81049,56.30538],[-4.80954,56.30543],[-4.80364,56.30339],[-4.80054,56.30388],[-4.79649,56.3055],[-4.79543,56.3064],[-4.79474,56.30783],[-4.79348,56.30841],[-4.79148,56.30833],[-4.78909,56.30899],[-4.78667,56.31015],[-4.78638,56.31142],[-4.78353,56.31307],[-4.78189,56.3152],[-4.7814,56.31644],[-4.78256,56.31708],[-4.78461,56.32229],[-4.78579,56.32373],[-4.78889,56.32622],[-4.78997,56.32885],[-4.7929,56.33315],[-4.7914,56.33346],[-4.79077,56.33401],[-4.78844,56.3349],[-4.78636,56.33523],[-4.78562,56.3356],[-4.78471,56.33693],[-4.78059,56.33805],[-4.77873,56.33901],[-4.78042,56.33956],[-4.78168,56.34144],[-4.783,56.34231],[-4.78274,56.34263],[-4.78349,56.3433],[-4.78312,56.34389],[-4.78698,56.34443],[-4.79496,56.34788],[-4.79987,56.3524],[-4.80085,56.35393],[-4.80112,56.35564],[-4.80771,56.35527],[-4.80969,56.35608],[-4.81008,56.35583],[-4.81384,56.35873],[-4.81868,56.36023],[-4.81921,56.36131],[-4.82092,56.36137],[-4.82243,56.36248],[-4.82208,56.36267],[-4.82678,56.36419],[-4.82807,56.36516],[-4.83155,56.36677],[-4.83387,56.36688],[-4.83478,56.36663],[-4.83647,56.36735],[-4.83983,56.36802],[-4.84499,56.36825],[-4.8487,56.36895],[-4.85015,56.36874],[-4.8527,56.36941],[-4.85321,56.36926],[-4.85448,56.37041],[-4.85376,56.37118],[-4.84632,56.37452],[-4.84545,56.37519],[-4.83914,56.37652],[-4.83665,56.3766],[-4.83346,56.37884],[-4.83403,56.37932],[-4.83317,56.38112],[-4.83449,56.38247],[-4.83594,56.38707],[-4.83523,56.39015],[-4.83215,56.39082],[-4.8281,56.39248],[-4.821,56.39451],[-4.81257,56.39811],[-4.81427,56.39859],[-4.81614,56.39985],[-4.81736,56.40286],[-4.81673,56.40374],[-4.81727,56.40471],[-4.81591,56.4047],[-4.81536,56.40534],[-4.81638,56.40607],[-4.8132,56.40684],[-4.81198,56.40761],[-4.81178,56.40852],[-4.81414,56.40833],[-4.81485,56.41048],[-4.81448,56.41406],[-4.81311,56.41649],[-4.81182,56.4175],[-4.80822,56.4174],[-4.80375,56.41624],[-4.79829,56.41678],[-4.79671,56.42096],[-4.79498,56.42292],[-4.78951,56.42397],[-4.79141,56.42568],[-4.7899,56.42729],[-4.78391,56.42732],[-4.78178,56.42701],[-4.77984,56.42817],[-4.77466,56.42944],[-4.77345,56.43002],[-4.77109,56.43038],[-4.76908,56.43154],[-4.76603,56.4321],[-4.76457,56.43203],[-4.76658,56.43385],[-4.76711,56.43525],[-4.76848,56.43598],[-4.76807,56.43649],[-4.76167,56.4357],[-4.75787,56.43662],[-4.75542,56.43651],[-4.75308,56.43706],[-4.7491,56.43628],[-4.7468,56.43549],[-4.74382,56.4354],[-4.74306,56.435],[-4.74005,56.43445],[-4.7399,56.43405],[-4.73852,56.43415],[-4.73592,56.43379],[-4.73339,56.43424],[-4.73227,56.43574],[-4.73064,56.4364],[-4.72828,56.43941],[-4.72634,56.44078],[-4.72304,56.44639],[-4.72408,56.44976],[-4.72898,56.45313],[-4.73332,56.45492],[-4.73119,56.4561],[-4.73037,56.4561],[-4.72968,56.45717],[-4.72775,56.45786],[-4.72613,56.4596],[-4.72468,56.45985],[-4.72082,56.45865],[-4.71618,56.45926],[-4.71194,56.46044],[-4.7045,56.46189],[-4.70274,56.46325],[-4.70202,56.46507],[-4.70048,56.4664],[-4.70007,56.46735],[-4.69582,56.46548],[-4.69556,56.4649],[-4.69372,56.46515],[-4.69147,56.4631],[-4.68923,56.46226],[-4.68647,56.4632],[-4.6754,56.46135],[-4.6665,56.46151],[-4.66553,56.46008],[-4.66396,56.46406],[-4.66091,56.4692],[-4.6592,56.4696],[-4.6585,56.47067],[-4.65535,56.47303],[-4.65174,56.47362],[-4.6491,56.4737],[-4.64601,56.47326],[-4.64368,56.47344],[-4.63906,56.47604],[-4.63802,56.4746],[-4.63638,56.47409]]]}},{"type":"Feature","properties":{"name":"Cairngorms","kind":"national_park"},"geometry":{"type":"Polygon","coordinates":[[[-3.54477,57.39339],[-3.5438,57.39228],[-3.54181,57.39157],[-3.54076,57.39052],[-3.5398,57.39073],[-3.53942,57.38989],[-3.53628,57.38992],[-3.5306,57.38685],[-3.52881,57.38683],[-3.52747,57.38587],[-3.52394,57.38537],[-3.52296,57.38593],[-3.51985,57.38614],[-3.51938,57.38631],[-3.52006,57.38663],[-3.51915,57.38687],[-3.51679,57.38685],[-3.51533,57.38714],[-3.51275,57.3883],[-3.51231,57.38819],[-3.51215,57.38856],[-3.51065,57.38868],[-3.50902,57.38942],[-3.50832,57.3892],[-3.50755,57.38958],[-3.50548,57.38951],[-3.5047,57.38989],[-3.50226,57.38989],[-3.49761,57.38928],[-3.49729,57.38889],[-3.49512,57.38876],[-3.49497,57.38829],[-3.49358,57.38791],[-3.49245,57.3871],[-3.4894,57.38352],[-3.48503,57.38386],[-3.48125,57.38455],[-3.48019,57.38541],[-3.47799,57.38636],[-3.47629,57.38662],[-3.47553,57.38743],[-3.47476,57.38652],[-3.47004,57.38524],[-3.46652,57.38154],[-3.46859,57.37894],[-3.46824,57.37596],[-3.4686,57.3745],[-3.46781,57.37408],[-3.46505,57.37064],[-3.46619,57.36959],[-3.46553,57.36834],[-3.46607,57.36797],[-3.46551,57.36744],[-3.46617,57.36719],[-3.46754,57.36439],[-3.46435,57.36199],[-3.46377,57.36204],[-3.46198,57.36127],[-3.46136,57.36054],[-3.45919,57.35961],[-3.45838,57.35784],[-3.45756,57.35753],[-3.45759,57.35706],[-3.45297,57.35192],[-3.45099,57.35055],[-3.44987,57.34847],[-3.44726,57.3478],[-3.44424,57.34614],[-3.43539,57.34275],[-3.43366,57.34782],[-3.43143,57.35103],[-3.426,57.35104],[-3.42436,57.35436],[-3.4205,57.3569],[-3.41375,57.35182],[-3.40618,57.35003],[-3.40052,57.34788],[-3.396,57.34686],[-3.39482,57.34629],[-3.39388,57.34629],[-3.39047,57.34494],[-3.38444,57.3433],[-3.38088,57.34307],[-3.38042,57.34314],[-3.37996,57.34431],[-3.37737,57.34523],[-3.3748,57.34567],[-3.36878,57.34475],[-3.3671,57.34506],[-3.36548,57.346],[-3.36423,57.34738],[-3.36376,57.35064],[-3.36526,57.35323],[-3.36485,57.35584],[-3.36278,57.35729],[-3.36087,57.3593],[-3.35627,57.35712],[-3.35513,57.35607],[-3.35476,57.35482],[-3.34934,57.35315],[-3.34594,57.35318],[-3.34147,57.35394],[-3.34065,57.35367],[-3.34089,57.35293],[-3.34041,57.35238],[-3.33821,57.35236],[-3.33723,57.353],[-3.33623,57.3547],[-3.33527,57.35474],[-3.33416,57.35271],[-3.33152,57.35126],[-3.33196,57.35093],[-3.33084,57.34957],[-3.3316,57.34878],[-3.33138,57.34758],[-3.32913,57.34629],[-3.32893,57.34505],[-3.32476,57.34264],[-3.32487,57.34216],[-3.32609,57.34152],[-3.32374,57.34047],[-3.32379,57.33701],[-3.32058,57.33657],[-3.31849,57.33576],[-3.31862,57.33353],[-3.31981,57.33276],[-3.31937,57.33168],[-3.31686,57.33083],[-3.31635,57.32943],[-3.31675,57.3288],[-3.314,57.32771],[-3.31289,57.32691],[-3.31249,57.3262],[-3.31351,57.3252],[-3.31309,57.32475],[-3.30715,57.32202],[-3.30704,57.31864],[-3.30482,57.31762],[-3.30418,57.31514],[-3.30158,57.31423],[-3.30275,57.31238],[-3.30227,57.3119],[-3.29751,57.31184],[-3.2953,57.31224],[-3.29356,57.31205],[-3.2895,57.31294],[-3.28545,57.31294],[-3.28355,57.31334],[-3.28125,57.31277],[-3.27973,57.31288],[-3.27884,57.31249],[-3.27807,57.31115],[-3.27639,57.31052],[-3.27449,57.3084],[-3.27311,57.30799],[-3.27161,57.30811],[-3.26885,57.30728],[-3.26827,57.30664],[-3.26903,57.30523],[-3.2649,57.30309],[-3.26223,57.30046],[-3.25932,57.30024],[-3.25717,57.29881],[-3.25592,57.2991],[-3.25484,57.30053],[-3.2504,57.3009],[-3.2495,57.29977],[-3.24739,57.30017],[-3.24306,57.29933],[-3.24299,57.29864],[-3.24211,57.29811],[-3.24056,57.29799],[-3.23927,57.29722],[-3.23838,57.29735],[-3.23828,57.29677],[-3.23672,57.29637],[-3.23641,57.29562],[-3.23333,57.29561],[-3.23139,57.29592],[-3.22844,57.29576],[-3.22742,57.29525],[-3.22421,57.29559],[-3.222,57.29532],[-3.22123,57.29585],[-3.2195,57.2959],[-3.22021,57.29646],[-3.21941,57.29689],[-3.21765,57.29686],[-3.21372,57.29876],[-3.21221,57.299],[-3.21175,57.30005],[-3.2095,57.30143],[-3.20628,57.3013],[-3.20547,57.30177],[-3.20317,57.30163],[-3.20078,57.30231],[-3.19989,57.30226],[-3.19739,57.30416],[-3.19613,57.30415],[-3.19546,57.30448],[-3.19495,57.30426],[-3.19198,57.30485],[-3.19174,57.30445],[-3.19004,57.30477],[-3.18746,57.30311],[-3.18675,57.30339],[-3.18631,57.30324],[-3.18631,57.30272],[-3.18557,57.30275],[-3.18413,57.30208],[-3.18343,57.30107],[-3.18274,57.30098],[-3.18294,57.30009],[-3.18126,57.29764],[-3.18288,57.29568],[-3.17827,57.29584],[-3.17343,57.29507],[-3.17016,57.2923],[-3.1594,57.29001],[-3.15322,57.2895],[-3.15045,57.28799],[-3.14617,57.28673],[-3.14356,57.28535],[-3.14279,57.28374],[-3.14267,57.28194],[-3.14272,57.28011],[-3.14362,57.27797],[-3.13763,57.27784],[-3.12842,57.27614],[-3.12676,57.27889],[-3.12201,57.2803],[-3.11922,57.28166],[-3.11538,57.28051],[-3.11022,57.27714],[-3.10849,57.27797],[-3.10418,57.27847],[-3.10222,57.28121],[-3.09511,57.28291],[-3.0924,57.28429],[-3.09037,57.28246],[-3.08998,57.28153],[-3.08897,57.28119],[-3.08442,57.28105],[-3.08201,57.28152],[-3.0812,57.28114],[-3.07816,57.28126],[-3.07689,57.28099],[-3.0745,57.2815],[-3.0744,57.28184],[-3.07371,57.28197],[-3.07084,57.28153],[-3.06921,57.28053],[-3.0682,57.2804],[-3.06732,57.28063],[-3.06646,57.28004],[-3.06606,57.27899],[-3.06712,57.27806],[-3.06591,57.27735],[-3.06608,57.27709],[-3.06468,57.27662],[-3.0602,57.27668],[-3.05969,57.27617],[-3.0591,57.27635],[-3.05566,57.27605],[-3.05405,57.27512],[-3.05385,57.27542],[-3.05298,57.27533],[-3.05304,57.27566],[-3.05128,57.2761],[-3.05066,57.27672],[-3.05004,57.27648],[-3.04763,57.27684],[-3.04726,57.27731],[-3.04589,57.27752],[-3.04605,57.27794],[-3.04517,57.27834],[-3.04475,57.2781],[-3.04373,57.27875],[-3.04337,57.27818],[-3.0417,57.27783],[-3.04087,57.27726],[-3.03899,57.27513],[-3.03768,57.27434],[-3.03481,57.27392],[-3.03444,57.27339],[-3.03358,57.27351],[-3.03214,57.27293],[-3.03217,57.27263],[-3.03131,57.27247],[-3.03021,57.2709],[-3.03065,57.27045],[-3.0296,57.26848],[-3.02974,57.26698],[-3.02874,57.26624],[-3.02858,57.26539],[-3.02693,57.26368],[-3.02477,57.26272],[-3.01908,57.26167],[-3.01936,57.25213],[-3.0147,57.24775],[-3.01108,57.24666],[-3.00429,57.24268],[-2.99164,57.238],[-2.987,57.23434],[-2.98689,57.23387],[-2.98171,57.23089],[-2.97962,57.22895],[-2.97478,57.22118],[-2.97516,57.21857],[-2.9789,57.21549],[-2.98169,57.21221],[-2.98374,57.21105],[-2.9814,57.2105],[-2.9743,57.20684],[-2.96819,57.20577],[-2.96172,57.20523],[-2.95677,57.20407],[-2.95138,57.20167],[-2.94974,57.20043],[-2.94925,57.19944],[-2.95105,57.19755],[-2.95848,57.19419],[-2.95835,57.1937],[-2.95731,57.19272],[-2.95699,57.19132],[-2.95527,57.18872],[-2.95608,57.18699],[-2.94911,57.18269],[-2.94232,57.18063],[-2.94217,57.17717],[-2.94028,57.16925],[-2.94411,57.16848],[-2.94838,57.16794],[-2.95374,57.1677],[-2.9594,57.16669],[-2.96112,57.16576],[-2.96165,57.16464],[-2.96233,57.16427],[-2.96569,57.16397],[-2.96837,57.16256],[-2.97149,57.16151],[-2.97566,57.16115],[-2.97661,57.15986],[-2.97724,57.15631],[-2.97817,57.15445],[-2.99006,57.14757],[-2.99829,57.14395],[-3.00145,57.13867],[-3.00418,57.13634],[-3.00429,57.1345],[-3.00757,57.12985],[-3.00667,57.12887],[-3.00381,57.12733],[-3.00237,57.12565],[-2.99687,57.12801],[-2.99407,57.12832],[-2.99236,57.12882],[-2.98457,57.12968],[-2.98143,57.12906],[-2.97479,57.1261],[-2.9714,57.12285],[-2.96763,57.12334],[-2.96047,57.12228],[-2.95705,57.12237],[-2.95468,57.12201],[-2.94939,57.12254],[-2.94722,57.12235],[-2.94485,57.12075],[-2.9382,57.11975],[-2.93776,57.11881],[-2.93635,57.1182],[-2.93109,57.11423],[-2.92534,57.11429],[-2.92207,57.11385],[-2.92012,57.11093],[-2.91729,57.10833],[-2.91224,57.10696],[-2.91072,57.10605],[-2.90905,57.10629],[-2.89927,57.10636],[-2.89715,57.10702],[-2.8931,57.10935],[-2.89083,57.11002],[-2.88751,57.10719],[-2.88756,57.10614],[-2.88324,57.10628],[-2.878,57.10594],[-2.87704,57.10488],[-2.87788,57.10399],[-2.8762,57.10275],[-2.8782,57.10105],[-2.87926,57.09776],[-2.88343,57.09192],[-2.88258,57.09042],[-2.88503,57.08702],[-2.88453,57.08449],[-2.88066,57.08089],[-2.87759,57.07973],[-2.87447,57.07979],[-2.87299,57.07944],[-2.87155,57.07985],[-2.86955,57.0799],[-2.8686,57.07961],[-2.86857,57.07931],[-2.87116,57.07859],[-2.87358,57.07718],[-2.87415,57.07584],[-2.87507,57.07519],[-2.88389,57.07228],[-2.87377,57.07173],[-2.86918,57.07192],[-2.84987,57.06957],[-2.84101,57.07053],[-2.82914,57.07015],[-2.82187,57.06935],[-2.81888,57.06692],[-2.81778,57.06491],[-2.81871,57.06353],[-2.81803,57.0632],[-2.82105,57.0607],[-2.82018,57.0595],[-2.8182,57.0588],[-2.81871,57.05807],[-2.82074,57.0571],[-2.82143,57.05579],[-2.82116,57.05494],[-2.81481,57.05129],[-2.81226,57.05117],[-2.81052,57.05065],[-2.80744,57.05108],[-2.80347,57.0505],[-2.80056,57.04968],[-2.80027,57.04933],[-2.80125,57.04853],[-2.80131,57.04754],[-2.80255,57.04656],[-2.81086,57.04128],[-2.81076,57.03652],[-2.80954,57.0343],[-2.81145,57.03155],[-2.81965,57.02776],[-2.81788,57.02449],[-2.81823,57.02038],[-2.81748,57.01751],[-2.81764,57.01414],[-2.81845,57.01154],[-2.82178,57.01032],[-2.83081,57.00905],[-2.83783,57.00538],[-2.84315,57.00345],[-2.84677,57.00057],[-2.84785,56.99769],[-2.84778,56.99481],[-2.84612,56.99195],[-2.84559,56.98896],[-2.84312,56.98504],[-2.84013,56.98498],[-2.83831,56.98355],[-2.83147,56.98178],[-2.8297,56.98052],[-2.8311,56.97803],[-2.83318,56.97699],[-2.83708,56.97581],[-2.84073,56.97367],[-2.85115,56.9726],[-2.85804,56.97435],[-2.85837,56.9755],[-2.86143,56.97884],[-2.86474,56.97956],[-2.86676,56.98045],[-2.87466,56.98038],[-2.87767,56.98236],[-2.88424,56.98569],[-2.88626,56.98576],[-2.89238,56.98681],[-2.89973,56.98577],[-2.9054,56.98327],[-2.90959,56.98301],[-2.91294,56.98171],[-2.91031,56.97581],[-2.9162,56.97566],[-2.92411,56.97238],[-2.92314,56.96909],[-2.92252,56.96193],[-2.92323,56.95593],[-2.92004,56.9508],[-2.91565,56.94717],[-2.90764,56.94279],[-2.90723,56.94141],[-2.90536,56.94023],[-2.90418,56.9377],[-2.90517,56.93669],[-2.90505,56.93562],[-2.9021,56.93278],[-2.90337,56.93086],[-2.90536,56.93099],[-2.90592,56.9304],[-2.90487,56.92856],[-2.90545,56.9261],[-2.90414,56.92283],[-2.90613,56.91771],[-2.90625,56.91514],[-2.90692,56.9141],[-2.90766,56.91374],[-2.90706,56.91134],[-2.90567,56.91094],[-2.90266,56.90904],[-2.89778,56.90493],[-2.89655,56.90431],[-2.8964,56.9036],[-2.89159,56.90223],[-2.88962,56.89712],[-2.89141,56.89676],[-2.8929,56.89707],[-2.89663,56.89675],[-2.89737,56.89646],[-2.90082,56.89453],[-2.90227,56.8942],[-2.90292,56.89249],[-2.90347,56.89212],[-2.90476,56.89207],[-2.90549,56.89134],[-2.90722,56.8906],[-2.90751,56.8896],[-2.90957,56.88922],[-2.91059,56.88854],[-2.90751,56.88848],[-2.90699,56.8876],[-2.90529,56.88636],[-2.90434,56.8867],[-2.90284,56.88602],[-2.89883,56.88577],[-2.89823,56.88373],[-2.89541,56.88001],[-2.89121,56.87817],[-2.88443,56.87166],[-2.88381,56.86915],[-2.88406,56.86718],[-2.88463,56.86669],[-2.88599,56.866],[-2.89255,56.8649],[-2.89597,56.86488],[-2.9018,56.86549],[-2.91342,56.86531],[-2.91782,56.86341],[-2.92786,56.86165],[-2.92957,56.86182],[-2.93112,56.86237],[-2.93666,56.86495],[-2.93872,56.86531],[-2.94338,56.86706],[-2.94854,56.86833],[-2.95093,56.8684],[-2.95468,56.86781],[-2.95707,56.86779],[-2.9641,56.86877],[-2.96716,56.8679],[-2.97074,56.86759],[-2.97263,56.86805],[-2.97502,56.86925],[-2.97614,56.87026],[-2.98027,56.8723],[-2.98446,56.87361],[-2.9899,56.87469],[-2.99366,56.87665],[-2.99762,56.87691],[-2.99938,56.87754],[-3.00406,56.87826],[-3.01453,56.87821],[-3.01725,56.87756],[-3.02084,56.87528],[-3.024,56.87388],[-3.02466,56.87288],[-3.02645,56.87174],[-3.03371,56.8703],[-3.03619,56.86916],[-3.03869,56.86864],[-3.04004,56.86787],[-3.04075,56.86435],[-3.04044,56.86285],[-3.03803,56.8618],[-3.02999,56.85974],[-3.02918,56.85864],[-3.03078,56.85742],[-3.03114,56.85637],[-3.03023,56.85025],[-3.03065,56.8481],[-3.03539,56.83731],[-3.03606,56.83397],[-3.03873,56.82848],[-3.04256,56.82559],[-3.04427,56.82486],[-3.04955,56.82661],[-3.0543,56.82742],[-3.06045,56.82983],[-3.06685,56.82593],[-3.07716,56.8225],[-3.08011,56.82195],[-3.09038,56.82112],[-3.09567,56.82383],[-3.10622,56.82837],[-3.10883,56.82883],[-3.11174,56.82872],[-3.11571,56.82812],[-3.11969,56.82871],[-3.12446,56.83071],[-3.12747,56.83152],[-3.13167,56.83395],[-3.1342,56.83629],[-3.13847,56.8388],[-3.14066,56.83894],[-3.14027,56.82904],[-3.14093,56.82264],[-3.1438,56.81877],[-3.14314,56.81277],[-3.1433,56.80767],[-3.13841,56.80197],[-3.13838,56.80132],[-3.14006,56.79952],[-3.14687,56.79541],[-3.15111,56.79228],[-3.15261,56.79167],[-3.15694,56.79127],[-3.16469,56.78953],[-3.16683,56.78868],[-3.17178,56.78756],[-3.17413,56.78659],[-3.17642,56.78641],[-3.18673,56.79033],[-3.193,56.79449],[-3.19677,56.79625],[-3.20044,56.79937],[-3.20156,56.79917],[-3.20607,56.79556],[-3.20687,56.79353],[-3.20792,56.79233],[-3.2114,56.78937],[-3.21563,56.78483],[-3.21752,56.78381],[-3.22208,56.78356],[-3.22271,56.78486],[-3.22062,56.78779],[-3.22054,56.78991],[-3.22149,56.79304],[-3.22004,56.79519],[-3.22013,56.79781],[-3.2238,56.80408],[-3.22669,56.80631],[-3.2309,56.80877],[-3.23513,56.81229],[-3.2404,56.81403],[-3.24408,56.81708],[-3.24695,56.81872],[-3.2498,56.81952],[-3.25117,56.82059],[-3.25192,56.82308],[-3.25355,56.82541],[-3.26227,56.82796],[-3.2663,56.82798],[-3.2765,56.82566],[-3.27878,56.82316],[-3.27854,56.82054],[-3.27922,56.8177],[-3.28274,56.81541],[-3.2861,56.81476],[-3.29755,56.8138],[-3.30206,56.81268],[-3.30799,56.80744],[-3.31331,56.80582],[-3.3427,56.80547],[-3.34254,56.80898],[-3.34333,56.81056],[-3.34748,56.81387],[-3.35169,56.82026],[-3.36002,56.81788],[-3.36673,56.81344],[-3.3649,56.81216],[-3.36449,56.80985],[-3.36281,56.80821],[-3.35921,56.80714],[-3.35801,56.80643],[-3.35756,56.80477],[-3.35948,56.80216],[-3.35926,56.8014],[-3.3603,56.80038],[-3.3626,56.80005],[-3.36717,56.79535],[-3.36675,56.79319],[-3.37027,56.79024],[-3.37412,56.78926],[-3.38001,56.78139],[-3.37945,56.78051],[-3.37951,56.7771],[-3.3898,56.76923],[-3.38841,56.76546],[-3.38532,56.76166],[-3.39149,56.76137],[-3.39206,56.76025],[-3.3942,56.75897],[-3.39504,56.75792],[-3.39498,56.75708],[-3.39591,56.7561],[-3.39824,56.75417],[-3.399,56.75418],[-3.40111,56.75263],[-3.40151,56.75292],[-3.40613,56.75337],[-3.4072,56.75481],[-3.40723,56.75574],[-3.40854,56.75592],[-3.41024,56.7569],[-3.41036,56.75879],[-3.41114,56.75944],[-3.41032,56.76229],[-3.41424,56.76255],[-3.42882,56.76856],[-3.43728,56.76857],[-3.4408,56.76975],[-3.44513,56.77587],[-3.44815,56.7767],[-3.45202,56.77964],[-3.45268,56.78116],[-3.45417,56.78238],[-3.45794,56.78444],[-3.46006,56.78632],[-3.45829,56.78818],[-3.45754,56.79033],[-3.45933,56.79213],[-3.46105,56.79315],[-3.46989,56.79448],[-3.47221,56.79514],[-3.47332,56.79449],[-3.47821,56.79322],[-3.48171,56.79317],[-3.48342,56.79695],[-3.48451,56.79778],[-3.48631,56.80067],[-3.49168,56.80143],[-3.49822,56.80699],[-3.50122,56.80659],[-3.50365,56.80668],[-3.50952,56.80497],[-3.51055,56.80726],[-3.51248,56.80779],[-3.519,56.81142],[-3.52453,56.81615],[-3.53302,56.8196],[-3.53839,56.8212],[-3.54051,56.8187],[-3.54325,56.81655],[-3.54293,56.8157],[-3.54361,56.81367],[-3.54483,56.81184],[-3.54739,56.80999],[-3.55397,56.80805],[-3.55544,56.80817],[-3.55764,56.80916],[-3.55885,56.8091],[-3.5654,56.80656],[-3.56907,56.80601],[-3.56986,56.80111],[-3.57175,56.80118],[-3.57213,56.80022],[-3.57352,56.79955],[-3.57587,56.79747],[-3.58097,56.79236],[-3.58289,56.79275],[-3.58428,56.79342],[-3.58971,56.79432],[-3.59224,56.79573],[-3.59447,56.79591],[-3.59941,56.79556],[-3.60485,56.79759],[-3.6084,56.7979],[-3.61855,56.80454],[-3.62759,56.80624],[-3.63547,56.80509],[-3.63982,56.80904],[-3.64403,56.81077],[-3.64663,56.80584],[-3.64914,56.80453],[-3.6581,56.80554],[-3.6607,56.80544],[-3.66233,56.80515],[-3.66409,56.8041],[-3.66611,56.80202],[-3.66802,56.80104],[-3.6701,56.80056],[-3.67151,56.80041],[-3.67866,56.80171],[-3.68191,56.80062],[-3.69062,56.79958],[-3.69824,56.79489],[-3.70727,56.79196],[-3.70746,56.79054],[-3.70875,56.79002],[-3.71078,56.78981],[-3.71239,56.78998],[-3.71406,56.78958],[-3.71709,56.78653],[-3.71741,56.78562],[-3.71822,56.78581],[-3.71912,56.78536],[-3.72103,56.78623],[-3.72682,56.78524],[-3.7318,56.78606],[-3.75128,56.78584],[-3.76206,56.77724],[-3.76664,56.77427],[-3.76722,56.77128],[-3.76879,56.77095],[-3.77171,56.76971],[-3.77348,56.76642],[-3.77858,56.76329],[-3.77606,56.76237],[-3.76644,56.75552],[-3.76738,56.75465],[-3.76679,56.75327],[-3.76777,56.7525],[-3.76908,56.75216],[-3.77079,56.75048],[-3.77111,56.74907],[-3.7726,56.74866],[-3.77371,56.74792],[-3.77377,56.74722],[-3.77454,56.74695],[-3.77184,56.74546],[-3.77135,56.74467],[-3.7696,56.74344],[-3.76881,56.74155],[-3.77028,56.74096],[-3.77309,56.74101],[-3.77408,56.74182],[-3.77595,56.74221],[-3.77786,56.74333],[-3.77958,56.74315],[-3.78138,56.74395],[-3.78295,56.74396],[-3.78473,56.74507],[-3.78897,56.74579],[-3.79179,56.74753],[-3.79697,56.74965],[-3.8007,56.75045],[-3.80358,56.75148],[-3.8058,56.75139],[-3.80599,56.75167],[-3.80677,56.7517],[-3.80719,56.75227],[-3.80981,56.7526],[-3.81279,56.7541],[-3.81589,56.75679],[-3.83118,56.75718],[-3.83719,56.75792],[-3.83825,56.75846],[-3.84183,56.75922],[-3.84184,56.75946],[-3.8498,56.76189],[-3.85391,56.76258],[-3.85496,56.76322],[-3.85992,56.76426],[-3.86462,56.76462],[-3.88165,56.76449],[-3.88643,56.76562],[-3.89072,56.76748],[-3.89083,56.7678],[-3.89143,56.76769],[-3.89635,56.76844],[-3.90167,56.76795],[-3.90829,56.76626],[-3.91161,56.76588],[-3.91648,56.76668],[-3.92285,56.76866],[-3.92733,56.76636],[-3.93431,56.7652],[-3.9387,56.7653],[-3.94116,56.76583],[-3.94213,56.76642],[-3.94541,56.76644],[-3.94742,56.76615],[-3.94856,56.7655],[-3.94876,56.76495],[-3.95112,56.76474],[-3.95563,56.76596],[-3.95695,56.76667],[-3.96066,56.76687],[-3.96178,56.76729],[-3.96793,56.76761],[-3.98046,56.77173],[-3.98699,56.77483],[-4.00011,56.77846],[-4.00281,56.77958],[-4.00638,56.78178],[-4.00964,56.78442],[-4.01341,56.7864],[-4.01507,56.78788],[-4.01678,56.79081],[-4.02024,56.79255],[-4.04416,56.79778],[-4.04833,56.79825],[-4.06213,56.79806],[-4.06516,56.79843],[-4.07262,56.79967],[-4.08652,56.80286],[-4.09866,56.80453],[-4.10219,56.80554],[-4.10742,56.80778],[-4.12094,56.81069],[-4.1252,56.81253],[-4.1304,56.81415],[-4.13187,56.81502],[-4.13261,56.81496],[-4.13709,56.8165],[-4.13989,56.81697],[-4.14434,56.81733],[-4.14843,56.81698],[-4.15568,56.81708],[-4.15898,56.81685],[-4.16163,56.81627],[-4.16512,56.81695],[-4.16729,56.8165],[-4.171,56.81624],[-4.17281,56.8165],[-4.1747,56.81721],[-4.17777,56.8169],[-4.18083,56.81728],[-4.18255,56.81774],[-4.1855,56.81799],[-4.18839,56.81973],[-4.19375,56.82058],[-4.20098,56.82324],[-4.20451,56.82313],[-4.20574,56.82356],[-4.20747,56.82511],[-4.20982,56.82494],[-4.21161,56.82587],[-4.21207,56.82567],[-4.212,56.82512],[-4.21441,56.8251],[-4.21755,56.8269],[-4.21881,56.82643],[-4.21911,56.82568],[-4.2206,56.82573],[-4.22157,56.82481],[-4.22382,56.82382],[-4.22686,56.82166],[-4.22823,56.82252],[-4.22858,56.82222],[-4.22937,56.82243],[-4.22979,56.82213],[-4.2303,56.82251],[-4.23421,56.8209],[-4.23937,56.81997],[-4.24319,56.81894],[-4.25198,56.81748],[-4.25281,56.81621],[-4.2576,56.81645],[-4.2603,56.81597],[-4.26625,56.81377],[-4.27024,56.81335],[-4.28868,56.81542],[-4.29146,56.8174],[-4.29515,56.81852],[-4.29887,56.8217],[-4.30213,56.82531],[-4.30665,56.82461],[-4.31292,56.82839],[-4.31533,56.82778],[-4.32184,56.82492],[-4.32362,56.82495],[-4.32842,56.82384],[-4.33045,56.82368],[-4.33111,56.82654],[-4.33026,56.82962],[-4.33076,56.83408],[-4.32972,56.83697],[-4.32615,56.83857],[-4.32402,56.84114],[-4.3212,56.84076],[-4.31846,56.84088],[-4.31232,56.84313],[-4.31212,56.84499],[-4.3111,56.84677],[-4.30911,56.8486],[-4.30531,56.85021],[-4.30448,56.85105],[-4.30479,56.85243],[-4.30598,56.85418],[-4.31157,56.85742],[-4.31277,56.85927],[-4.31255,56.86164],[-4.309,56.86959],[-4.30667,56.87279],[-4.30129,56.87584],[-4.30064,56.87704],[-4.30084,56.88038],[-4.30242,56.88252],[-4.30275,56.88507],[-4.29949,56.8877],[-4.28961,56.89083],[-4.2804,56.89179],[-4.27755,56.89243],[-4.27529,56.89391],[-4.27383,56.89557],[-4.2679,56.89941],[-4.26675,56.9012],[-4.26487,56.90291],[-4.26145,56.90593],[-4.2536,56.91169],[-4.25249,56.91313],[-4.24884,56.91327],[-4.24546,56.91419],[-4.2392,56.91405],[-4.23835,56.91667],[-4.23899,56.92035],[-4.24755,56.92994],[-4.24831,56.93181],[-4.24725,56.93573],[-4.24452,56.93749],[-4.2445,56.93817],[-4.24158,56.94037],[-4.23819,56.94185],[-4.23663,56.94306],[-4.23789,56.94335],[-4.24003,56.94221],[-4.2412,56.94198],[-4.24201,56.94217],[-4.24257,56.94259],[-4.24386,56.94756],[-4.24683,56.948],[-4.2503,56.94782],[-4.25357,56.948],[-4.26524,56.9504],[-4.26748,56.95143],[-4.26886,56.95259],[-4.27081,56.95517],[-4.27519,56.95746],[-4.27879,56.9587],[-4.29855,56.95916],[-4.30698,56.95728],[-4.31364,56.95687],[-4.32063,56.95598],[-4.32519,56.95507],[-4.32555,56.95313],[-4.32315,56.95063],[-4.32258,56.9489],[-4.32553,56.94772],[-4.32791,56.94625],[-4.33211,56.9449],[-4.33235,56.94443],[-4.33328,56.94545],[-4.33421,56.94542],[-4.33368,56.94615],[-4.33464,56.94656],[-4.33727,56.94662],[-4.34004,56.94752],[-4.34447,56.94779],[-4.34547,56.94825],[-4.346,56.94969],[-4.34708,56.94984],[-4.34719,56.95026],[-4.34979,56.95028],[-4.35052,56.95108],[-4.3525,56.95153],[-4.35247,56.95214],[-4.35367,56.95147],[-4.3585,56.95039],[-4.36292,56.95083],[-4.3662,56.95197],[-4.36797,56.95175],[-4.36996,56.9509],[-4.37814,56.9487],[-4.3789,56.95017],[-4.38016,56.95044],[-4.38389,56.94922],[-4.39226,56.94405],[-4.39096,56.94658],[-4.394,56.9481],[-4.39569,56.95255],[-4.40053,56.95621],[-4.40351,56.95775],[-4.40789,56.96069],[-4.40931,56.96202],[-4.40925,56.96309],[-4.41057,56.96452],[-4.41089,56.96586],[-4.4119,56.96665],[-4.41135,56.96726],[-4.41248,56.96794],[-4.41194,56.96924],[-4.4099,56.96986],[-4.40942,56.97034],[-4.41014,56.97239],[-4.40845,56.97331],[-4.40568,56.97392],[-4.40473,56.97549],[-4.40805,56.97519],[-4.40993,56.97453],[-4.41717,56.97444],[-4.41901,56.97487],[-4.42034,56.97427],[-4.42298,56.97537],[-4.42991,56.98002],[-4.43545,56.98229],[-4.44309,56.98382],[-4.44733,56.98334],[-4.45581,56.98362],[-4.46835,56.98719],[-4.47516,56.99008],[-4.47727,56.99153],[-4.47736,56.99245],[-4.47476,56.99434],[-4.47342,56.99465],[-4.46832,56.99732],[-4.45689,56.99826],[-4.45279,56.99935],[-4.4493,56.99966],[-4.44724,57.00025],[-4.44612,57.00186],[-4.44744,57.00494],[-4.44712,57.00545],[-4.44048,57.00848],[-4.43855,57.01006],[-4.43552,57.01128],[-4.43261,57.01303],[-4.43172,57.01691],[-4.43083,57.01794],[-4.42405,57.02176],[-4.4188,57.0243],[-4.41081,57.02632],[-4.40964,57.02846],[-4.40511,57.03097],[-4.39706,57.03324],[-4.39376,57.03451],[-4.3888,57.03498],[-4.38425,57.0371],[-4.37742,57.03895],[-4.37122,57.0414],[-4.36618,57.04779],[-4.36455,57.05186],[-4.37028,57.05233],[-4.37338,57.05382],[-4.37351,57.0574],[-4.36812,57.0609],[-4.36548,57.06157],[-4.36334,57.06263],[-4.36181,57.06499],[-4.35539,57.06911],[-4.3545,57.07159],[-4.35145,57.07173],[-4.35277,57.07226],[-4.35274,57.07513],[-4.34756,57.07809],[-4.34671,57.07916],[-4.34312,57.07929],[-4.34103,57.08181],[-4.33826,57.08218],[-4.33774,57.08328],[-4.33519,57.08543],[-4.33618,57.08749],[-4.3335,57.08923],[-4.32825,57.09117],[-4.32953,57.09273],[-4.32966,57.0939],[-4.32686,57.09728],[-4.32246,57.09909],[-4.31589,57.09702],[-4.30946,57.09868],[-4.31133,57.09476],[-4.31041,57.09209],[-4.30705,57.08989],[-4.3037,57.09013],[-4.29288,57.09539],[-4.29154,57.09506],[-4.2855,57.09666],[-4.28484,57.09577],[-4.27835,57.09391],[-4.27456,57.09646],[-4.26965,57.09886],[-4.26068,57.09848],[-4.26154,57.10018],[-4.25367,57.10363],[-4.25311,57.10655],[-4.25158,57.10765],[-4.24687,57.10806],[-4.24518,57.10936],[-4.24232,57.11074],[-4.24154,57.11228],[-4.23983,57.1138],[-4.23462,57.11439],[-4.23358,57.11585],[-4.23066,57.11819],[-4.22627,57.12049],[-4.22353,57.12076],[-4.22048,57.12255],[-4.21787,57.12151],[-4.21553,57.12113],[-4.20986,57.12184],[-4.20868,57.12248],[-4.20405,57.1231],[-4.19944,57.12436],[-4.19745,57.12308],[-4.19489,57.12262],[-4.18989,57.12336],[-4.18695,57.12248],[-4.18276,57.12285],[-4.17536,57.1249],[-4.17165,57.12709],[-4.1641,57.12678],[-4.16193,57.12642],[-4.15868,57.12505],[-4.15787,57.12381],[-4.15515,57.12255],[-4.15349,57.12247],[-4.15014,57.12369],[-4.14813,57.12402],[-4.14822,57.12515],[-4.14275,57.12802],[-4.13865,57.12915],[-4.14025,57.13253],[-4.13811,57.13337],[-4.13399,57.13315],[-4.13018,57.13361],[-4.12148,57.13589],[-4.10939,57.13668],[-4.1022,57.13898],[-4.10047,57.13998],[-4.09831,57.13968],[-4.09654,57.13835],[-4.09016,57.13608],[-4.08525,57.13591],[-4.08321,57.13614],[-4.0799,57.13765],[-4.07831,57.13952],[-4.06769,57.14601],[-4.0668,57.14767],[-4.06475,57.14931],[-4.0627,57.14934],[-4.06019,57.14759],[-4.05773,57.14506],[-4.05411,57.14249],[-4.04908,57.14204],[-4.03908,57.14352],[-4.03271,57.14614],[-4.03073,57.14749],[-4.02996,57.14973],[-4.02935,57.15003],[-4.02563,57.14907],[-4.01925,57.14985],[-4.00462,57.15344],[-4.0028,57.15434],[-4.00162,57.15567],[-4.0011,57.15757],[-3.99851,57.16091],[-3.99084,57.15948],[-3.98772,57.15958],[-3.98632,57.16004],[-3.98161,57.16757],[-3.98148,57.16916],[-3.98504,57.17452],[-3.98488,57.17491],[-3.97811,57.17356],[-3.97075,57.173],[-3.96963,57.17369],[-3.96902,57.17651],[-3.96561,57.17858],[-3.96268,57.17848],[-3.96113,57.17691],[-3.96032,57.17677],[-3.95152,57.1787],[-3.94262,57.17694],[-3.93367,57.18086],[-3.92986,57.18322],[-3.9287,57.18512],[-3.92649,57.18705],[-3.92368,57.18738],[-3.92093,57.18881],[-3.91621,57.19035],[-3.91399,57.19162],[-3.90842,57.19588],[-3.90759,57.19765],[-3.9089,57.20534],[-3.90787,57.20671],[-3.90274,57.2099],[-3.90099,57.21247],[-3.8999,57.22116],[-3.90463,57.22104],[-3.9114,57.22149],[-3.92222,57.22391],[-3.92321,57.22765],[-3.92288,57.22889],[-3.92113,57.23173],[-3.91863,57.23329],[-3.91872,57.23486],[-3.92172,57.23601],[-3.92295,57.23696],[-3.92321,57.23832],[-3.9252,57.24123],[-3.92467,57.24231],[-3.92509,57.24458],[-3.92604,57.24516],[-3.92581,57.24739],[-3.92518,57.24794],[-3.92638,57.24811],[-3.92321,57.24937],[-3.92199,57.2507],[-3.92218,57.25126],[-3.9203,57.25148],[-3.91731,57.25095],[-3.91581,57.25163],[-3.91327,57.25162],[-3.9114,57.2529],[-3.91165,57.25334],[-3.90938,57.25499],[-3.9083,57.25526],[-3.90723,57.255],[-3.90526,57.25514],[-3.90447,57.25543],[-3.90508,57.2566],[-3.90531,57.25633],[-3.90427,57.25874],[-3.9047,57.25913],[-3.90771,57.25839],[-3.90772,57.25931],[-3.91069,57.26105],[-3.91376,57.26182],[-3.91463,57.26304],[-3.91686,57.2644],[-3.9226,57.2668],[-3.92333,57.27247],[-3.92946,57.27265],[-3.93062,57.2722],[-3.93203,57.26988],[-3.93414,57.26908],[-3.93781,57.26955],[-3.94096,57.26943],[-3.94608,57.27002],[-3.95042,57.26995],[-3.95471,57.27048],[-3.95955,57.27266],[-3.95551,57.27927],[-3.95581,57.28081],[-3.95958,57.28574],[-3.95967,57.2874],[-3.95334,57.28798],[-3.95121,57.2892],[-3.95038,57.28994],[-3.95091,57.29162],[-3.95267,57.29259],[-3.93732,57.30034],[-3.92668,57.30184],[-3.92333,57.30324],[-3.91486,57.30418],[-3.91252,57.30655],[-3.90852,57.30727],[-3.90513,57.30892],[-3.90506,57.31001],[-3.90233,57.31514],[-3.89961,57.31682],[-3.88938,57.31873],[-3.88719,57.31965],[-3.88727,57.32129],[-3.8867,57.32215],[-3.8724,57.32603],[-3.86486,57.3273],[-3.8633,57.3287],[-3.86215,57.331],[-3.85662,57.33558],[-3.85303,57.33497],[-3.84329,57.33945],[-3.83951,57.34413],[-3.83844,57.34471],[-3.83704,57.34488],[-3.83487,57.34456],[-3.8219,57.34676],[-3.81901,57.34609],[-3.81464,57.34663],[-3.81272,57.34773],[-3.80875,57.34755],[-3.80881,57.34886],[-3.80236,57.3518],[-3.80197,57.35288],[-3.79636,57.35498],[-3.79685,57.35604],[-3.79539,57.35772],[-3.79194,57.35908],[-3.78765,57.35916],[-3.78326,57.35749],[-3.77715,57.35389],[-3.76692,57.35142],[-3.76318,57.35148],[-3.75816,57.35226],[-3.75153,57.35152],[-3.74473,57.34734],[-3.73912,57.34492],[-3.73561,57.34508],[-3.73285,57.34702],[-3.73119,57.34931],[-3.72969,57.35004],[-3.72574,57.35021],[-3.72365,57.3525],[-3.72146,57.35277],[-3.7104,57.35125],[-3.70262,57.34946],[-3.70109,57.3496],[-3.69837,57.35272],[-3.6926,57.35637],[-3.69105,57.35827],[-3.68857,57.35951],[-3.68267,57.3603],[-3.67525,57.3608],[-3.66727,57.36239],[-3.65383,57.36082],[-3.64751,57.36113],[-3.64074,57.36205],[-3.63213,57.36632],[-3.62161,57.37313],[-3.62231,57.37402],[-3.6242,57.37379],[-3.62529,57.37416],[-3.62822,57.3741],[-3.62934,57.37438],[-3.63034,57.37535],[-3.63211,57.37613],[-3.63309,57.37909],[-3.63396,57.38017],[-3.63337,57.38249],[-3.63385,57.38295],[-3.63372,57.38419],[-3.63209,57.38701],[-3.63276,57.39117],[-3.63014,57.39173],[-3.62131,57.39211],[-3.61615,57.39282],[-3.61265,57.39278],[-3.61119,57.39324],[-3.60672,57.39226],[-3.60434,57.39285],[-3.60111,57.39406],[-3.59902,57.3956],[-3.59804,57.40194],[-3.59466,57.40507],[-3.59248,57.40569],[-3.58435,57.40615],[-3.57932,57.40693],[-3.57714,57.40743],[-3.57174,57.40975],[-3.56715,57.41064],[-3.56405,57.41021],[-3.55426,57.40783],[-3.54957,57.40635],[-3.54843,57.40553],[-3.54769,57.40363],[-3.54845,57.40065],[-3.55128,57.397],[-3.55088,57.39655],[-3.54974,57.39635],[-3.54756,57.39524],[-3.5468,57.39439],[-3.54477,57.39339]]]}},{"type":"Feature","properties":{"name":"Bannau Brycheiniog","kind":"national_park"},"geometry":{"type":"Polygon","coordinates":[[[-3.12025,52.07322],[-3.11962,52.0728],[-3.12021,52.07192],[-3.11865,52.07075],[-3.11821,52.06997],[-3.1186,52.06837],[-3.11655,52.06641],[-3.11651,52.0659],[-3.11144,52.0649],[-3.1117,52.06398],[-3.11097,52.06395],[-3.11066,52.06342],[-3.10975,52.0633],[-3.10865,52.06268],[-3.10793,52.06197],[-3.10803,52.06094],[-3.10691,52.05988],[-3.10571,52.05916],[-3.10144,52.0583],[-3.10099,52.05735],[-3.10059,52.05709],[-3.09981,52.05718],[-3.09916,52.056],[-3.09874,52.05596],[-3.09777,52.0548],[-3.09695,52.05493],[-3.09613,52.05376],[-3.09487,52.05289],[-3.09237,52.05185],[-3.09161,52.051],[-3.09078,52.05082],[-3.09063,52.05025],[-3.09291,52.04872],[-3.09283,52.04749],[-3.08743,52.04243],[-3.08638,52.0411],[-3.08627,52.04017],[-3.08802,52.03784],[-3.08949,52.03629],[-3.09056,52.03575],[-3.09209,52.03368],[-3.09297,52.03137],[-3.09294,52.02879],[-3.09919,52.02268],[-3.09278,52.01751],[-3.08909,52.01553],[-3.08695,52.01396],[-3.08617,52.01011],[-3.08426,52.00435],[-3.0824,52.00256],[-3.0788,51.99754],[-3.07589,51.99606],[-3.0739,51.99415],[-3.0731,51.99282],[-3.06954,51.98952],[-3.06853,51.98706],[-3.06857,51.98433],[-3.06812,51.9836],[-3.06511,51.98144],[-3.05959,51.97863],[-3.05945,51.97801],[-3.05743,51.97651],[-3.05709,51.97533],[-3.05267,51.97308],[-3.05138,51.97203],[-3.04628,51.9696],[-3.04297,51.96845],[-3.03998,51.96667],[-3.03808,51.96469],[-3.03794,51.96356],[-3.03695,51.96266],[-3.03645,51.96126],[-3.0352,51.9597],[-3.03092,51.95912],[-3.02585,51.95734],[-3.02237,51.95282],[-3.0219,51.9504],[-3.0186,51.94795],[-3.0132,51.94499],[-3.01077,51.94075],[-3.00847,51.93802],[-3.00858,51.93627],[-3.01029,51.93284],[-3.01008,51.93056],[-3.00812,51.92708],[-3.00213,51.92394],[-2.99916,51.92347],[-2.98728,51.92576],[-2.98645,51.92554],[-2.98352,51.92576],[-2.98115,51.92667],[-2.98056,51.92768],[-2.97931,51.92702],[-2.97765,51.92722],[-2.9773,51.92778],[-2.97691,51.92766],[-2.97609,51.92595],[-2.97458,51.9252],[-2.97448,51.92448],[-2.97504,51.92421],[-2.974,51.92283],[-2.974,51.92138],[-2.97615,51.92119],[-2.97495,51.91863],[-2.97334,51.9179],[-2.97313,51.91696],[-2.97375,51.9166],[-2.97289,51.91554],[-2.97279,51.91462],[-2.97143,51.91396],[-2.97119,51.91348],[-2.97216,51.91308],[-2.9739,51.91148],[-2.97352,51.91114],[-2.97236,51.91129],[-2.97235,51.91081],[-2.97399,51.91045],[-2.97533,51.90945],[-2.97286,51.90894],[-2.97245,51.90789],[-2.97285,51.90748],[-2.97249,51.9068],[-2.97285,51.906],[-2.97196,51.90509],[-2.97151,51.90501],[-2.97147,51.90535],[-2.97076,51.90553],[-2.96842,51.90456],[-2.96731,51.90482],[-2.96741,51.90399],[-2.96856,51.90301],[-2.96846,51.90266],[-2.96763,51.90237],[-2.96726,51.9007],[-2.96883,51.89955],[-2.96849,51.89903],[-2.96883,51.8985],[-2.96734,51.89773],[-2.96814,51.89509],[-2.96935,51.89277],[-2.97065,51.89199],[-2.97072,51.8898],[-2.9725,51.88634],[-2.9758,51.88334],[-2.97305,51.88257],[-2.97178,51.88153],[-2.97059,51.88116],[-2.96619,51.88117],[-2.96278,51.88051],[-2.96063,51.88048],[-2.959,51.88064],[-2.95631,51.88213],[-2.95555,51.88163],[-2.95758,51.8773],[-2.96204,51.87035],[-2.96029,51.86698],[-2.95755,51.86568],[-2.95396,51.86317],[-2.95266,51.86374],[-2.95238,51.86348],[-2.9527,51.86295],[-2.95225,51.86033],[-2.95551,51.85523],[-2.9547,51.85434],[-2.9553,51.85265],[-2.95703,51.85123],[-2.95806,51.84815],[-2.9611,51.84577],[-2.96172,51.84434],[-2.96477,51.84271],[-2.97507,51.84232],[-2.98002,51.84085],[-2.98155,51.83913],[-2.98304,51.83552],[-2.98399,51.83439],[-2.98545,51.83377],[-2.9881,51.83343],[-2.99069,51.83362],[-3.00079,51.84224],[-3.01294,51.84254],[-3.01486,51.83913],[-3.01646,51.83788],[-3.02621,51.83354],[-3.02862,51.83316],[-3.02966,51.83339],[-3.03031,51.83301],[-3.0314,51.83296],[-3.03559,51.83331],[-3.03955,51.83403],[-3.04136,51.834],[-3.04151,51.83336],[-3.04301,51.83234],[-3.04345,51.83143],[-3.04426,51.8309],[-3.04481,51.83098],[-3.04595,51.82966],[-3.04457,51.8283],[-3.04316,51.82782],[-3.0416,51.82777],[-3.0391,51.82607],[-3.03704,51.82546],[-3.03878,51.82505],[-3.03791,51.82391],[-3.03586,51.82302],[-3.04062,51.81855],[-3.04234,51.81465],[-3.03975,51.81302],[-3.0387,51.81111],[-3.03765,51.81095],[-3.03576,51.80991],[-3.0282,51.80209],[-3.02631,51.80083],[-3.02632,51.79996],[-3.02747,51.79939],[-3.02483,51.79869],[-3.01718,51.78695],[-3.01489,51.78171],[-3.01495,51.77972],[-3.01648,51.77818],[-3.01828,51.7776],[-3.01981,51.7775],[-3.02005,51.77653],[-3.01975,51.77626],[-3.01784,51.77616],[-3.0164,51.77661],[-3.01273,51.77663],[-3.01209,51.77647],[-3.00992,51.77471],[-3.00778,51.77205],[-3.00751,51.77073],[-3.00498,51.76937],[-3.00237,51.76677],[-3.00202,51.76545],[-3.00304,51.764],[-3.0025,51.76196],[-3.00337,51.76106],[-3.00316,51.76055],[-3.0022,51.76048],[-2.99923,51.76164],[-2.99667,51.76149],[-2.99586,51.76102],[-2.99485,51.75854],[-2.99552,51.75774],[-2.99793,51.75682],[-2.99793,51.75642],[-2.99689,51.75523],[-2.99605,51.75112],[-2.99529,51.75022],[-2.99558,51.74816],[-2.99468,51.74697],[-2.99464,51.74584],[-2.99185,51.74207],[-2.99196,51.73882],[-2.99304,51.73747],[-2.99019,51.73568],[-2.98877,51.7338],[-2.98954,51.73312],[-2.99073,51.73318],[-2.99171,51.73288],[-2.99464,51.73144],[-2.99634,51.72997],[-2.99845,51.72909],[-3.00105,51.72948],[-3.00184,51.73007],[-3.00305,51.73207],[-3.00538,51.73179],[-3.00733,51.73235],[-3.0082,51.7319],[-3.00823,51.73038],[-3.0094,51.72799],[-3.01107,51.72633],[-3.01096,51.72585],[-3.00959,51.72518],[-3.00955,51.7241],[-3.01143,51.72245],[-3.01241,51.72201],[-3.01201,51.7212],[-3.01224,51.72019],[-3.01099,51.7193],[-3.0117,51.71777],[-3.01139,51.71619],[-3.01244,51.71466],[-3.01137,51.71335],[-3.01176,51.71103],[-3.01469,51.70921],[-3.01381,51.70866],[-3.01097,51.70844],[-3.01067,51.70791],[-3.01252,51.70592],[-3.01413,51.70517],[-3.01588,51.70483],[-3.01667,51.7036],[-3.01619,51.70295],[-3.0171,51.70236],[-3.0177,51.70253],[-3.01819,51.70209],[-3.02314,51.7031],[-3.02147,51.70733],[-3.02221,51.70937],[-3.02109,51.71373],[-3.0217,51.71659],[-3.02294,51.71741],[-3.0262,51.71842],[-3.02881,51.72148],[-3.03123,51.72265],[-3.03119,51.72313],[-3.03263,51.72391],[-3.03391,51.72555],[-3.03376,51.72647],[-3.03157,51.72835],[-3.03208,51.72849],[-3.03171,51.72935],[-3.03213,51.72945],[-3.03158,51.73125],[-3.03068,51.73269],[-3.02958,51.73611],[-3.02715,51.73923],[-3.0289,51.74356],[-3.02771,51.74536],[-3.03136,51.75087],[-3.0354,51.75258],[-3.03454,51.75369],[-3.03795,51.75393],[-3.04099,51.75491],[-3.04349,51.75605],[-3.04313,51.75709],[-3.04453,51.756],[-3.0495,51.76061],[-3.04954,51.76175],[-3.05058,51.76231],[-3.05147,51.7645],[-3.04998,51.76524],[-3.04804,51.76565],[-3.04885,51.76756],[-3.04763,51.76804],[-3.04766,51.76985],[-3.04681,51.77006],[-3.04491,51.76989],[-3.04273,51.77084],[-3.04882,51.77499],[-3.05886,51.78362],[-3.07694,51.78888],[-3.0823,51.78819],[-3.09033,51.79014],[-3.09404,51.78981],[-3.09642,51.7905],[-3.09783,51.79207],[-3.1016,51.79354],[-3.10346,51.79481],[-3.10869,51.79631],[-3.11792,51.79431],[-3.13043,51.79261],[-3.13237,51.79304],[-3.14861,51.79434],[-3.15106,51.79512],[-3.15454,51.79562],[-3.15508,51.79574],[-3.15537,51.79639],[-3.15426,51.79742],[-3.15378,51.79851],[-3.15536,51.79903],[-3.15783,51.79891],[-3.15721,51.79964],[-3.15767,51.8001],[-3.15758,51.80128],[-3.16161,51.802],[-3.16477,51.80236],[-3.16609,51.80208],[-3.16732,51.80245],[-3.16972,51.80528],[-3.17138,51.80594],[-3.17328,51.80776],[-3.17432,51.80817],[-3.17591,51.80845],[-3.1784,51.80818],[-3.18071,51.80882],[-3.18558,51.80867],[-3.18622,51.80906],[-3.18891,51.80883],[-3.1917,51.81044],[-3.19246,51.81319],[-3.20278,51.81277],[-3.20434,51.81295],[-3.20688,51.81377],[-3.20875,51.81345],[-3.23879,51.81233],[-3.2834,51.82547],[-3.30865,51.8061],[-3.30997,51.79357],[-3.31701,51.79431],[-3.33447,51.7904],[-3.34343,51.79141],[-3.34922,51.79001],[-3.35141,51.78992],[-3.36088,51.79123],[-3.36387,51.79106],[-3.36467,51.7877],[-3.36377,51.78705],[-3.3639,51.78547],[-3.36519,51.78403],[-3.36487,51.78253],[-3.36597,51.78113],[-3.3675,51.7808],[-3.3698,51.7818],[-3.37102,51.78152],[-3.37196,51.78255],[-3.37493,51.78332],[-3.37815,51.78242],[-3.38061,51.78275],[-3.38127,51.78145],[-3.38529,51.7805],[-3.3854,51.77809],[-3.38602,51.7775],[-3.3878,51.77726],[-3.38939,51.77923],[-3.39023,51.77843],[-3.39144,51.77879],[-3.39258,51.77864],[-3.39578,51.77903],[-3.39471,51.7817],[-3.39384,51.78199],[-3.39523,51.78395],[-3.39475,51.78452],[-3.395,51.78513],[-3.39591,51.78577],[-3.39887,51.7853],[-3.40372,51.78574],[-3.40383,51.78461],[-3.40296,51.78343],[-3.4032,51.78289],[-3.40259,51.78197],[-3.40212,51.78191],[-3.40168,51.77989],[-3.40065,51.77965],[-3.40047,51.77892],[-3.3994,51.77802],[-3.40029,51.77718],[-3.40106,51.7741],[-3.40207,51.77336],[-3.40296,51.77378],[-3.40406,51.77256],[-3.41231,51.77067],[-3.41743,51.76907],[-3.4149,51.76627],[-3.41099,51.76383],[-3.41122,51.76305],[-3.41163,51.76296],[-3.41141,51.76236],[-3.40692,51.75942],[-3.4078,51.75838],[-3.4084,51.75873],[-3.40973,51.75863],[-3.41058,51.75766],[-3.41156,51.75751],[-3.41353,51.75763],[-3.41465,51.75805],[-3.41798,51.75807],[-3.41828,51.75762],[-3.4201,51.75717],[-3.42074,51.75669],[-3.42327,51.7574],[-3.42431,51.75734],[-3.42689,51.75852],[-3.42824,51.7585],[-3.42864,51.75875],[-3.43083,51.75842],[-3.43203,51.75882],[-3.4331,51.7588],[-3.4341,51.75965],[-3.4368,51.76055],[-3.43865,51.76251],[-3.45014,51.76239],[-3.45264,51.76186],[-3.46204,51.75906],[-3.4628,51.75678],[-3.46222,51.75546],[-3.46259,51.75508],[-3.46322,51.75522],[-3.46442,51.75483],[-3.46551,51.75411],[-3.46598,51.753],[-3.46568,51.74992],[-3.46686,51.74868],[-3.46697,51.74765],[-3.46792,51.74651],[-3.46758,51.74536],[-3.46835,51.74398],[-3.46957,51.74392],[-3.47229,51.74316],[-3.47365,51.74191],[-3.47632,51.74188],[-3.47665,51.74163],[-3.47864,51.74147],[-3.47895,51.74072],[-3.48067,51.74008],[-3.48601,51.73933],[-3.48646,51.73988],[-3.48927,51.73915],[-3.49986,51.74074],[-3.50892,51.74374],[-3.51456,51.74466],[-3.51497,51.74598],[-3.51676,51.74655],[-3.51674,51.74801],[-3.5207,51.74877],[-3.52353,51.75192],[-3.52412,51.75209],[-3.52608,51.75177],[-3.52754,51.75219],[-3.5276,51.75305],[-3.53037,51.75384],[-3.53114,51.75372],[-3.53076,51.75255],[-3.53247,51.75223],[-3.53384,51.75262],[-3.53887,51.74928],[-3.54041,51.74948],[-3.54337,51.74877],[-3.5466,51.75043],[-3.54972,51.75103],[-3.55056,51.75079],[-3.55145,51.75123],[-3.55233,51.75115],[-3.55274,51.7507],[-3.55508,51.74991],[-3.55709,51.75022],[-3.55713,51.75137],[-3.55799,51.75258],[-3.55976,51.75322],[-3.56219,51.7536],[-3.56722,51.75594],[-3.5684,51.75696],[-3.5687,51.75837],[-3.57205,51.76073],[-3.57732,51.75899],[-3.57907,51.75893],[-3.57985,51.7596],[-3.58557,51.7586],[-3.58775,51.75714],[-3.59031,51.75678],[-3.59004,51.75548],[-3.59121,51.75479],[-3.59421,51.75736],[-3.59451,51.75814],[-3.5956,51.75874],[-3.59447,51.76068],[-3.59452,51.76168],[-3.59794,51.76422],[-3.59642,51.76569],[-3.59794,51.76783],[-3.59742,51.76978],[-3.5995,51.77128],[-3.60104,51.77151],[-3.60093,51.77254],[-3.60233,51.77285],[-3.60338,51.77394],[-3.6041,51.7741],[-3.60457,51.77384],[-3.60501,51.77269],[-3.60888,51.77188],[-3.61221,51.77184],[-3.61557,51.77357],[-3.61718,51.7741],[-3.6183,51.77391],[-3.61983,51.77488],[-3.62244,51.7745],[-3.62402,51.77487],[-3.62491,51.77443],[-3.62506,51.7739],[-3.62683,51.77507],[-3.62865,51.77483],[-3.62982,51.77601],[-3.63301,51.77707],[-3.63392,51.77797],[-3.63679,51.77724],[-3.63796,51.77734],[-3.63868,51.77918],[-3.64035,51.77968],[-3.64008,51.78047],[-3.64055,51.78103],[-3.64468,51.78159],[-3.64502,51.78202],[-3.64594,51.78228],[-3.64709,51.7821],[-3.64799,51.78241],[-3.6498,51.78199],[-3.65095,51.78216],[-3.65112,51.78313],[-3.65262,51.78401],[-3.65305,51.78544],[-3.6551,51.78504],[-3.65569,51.78529],[-3.65644,51.78636],[-3.65639,51.78906],[-3.65944,51.79142],[-3.66063,51.79337],[-3.66172,51.79429],[-3.6634,51.79351],[-3.66384,51.79368],[-3.6652,51.79344],[-3.66522,51.793],[-3.66582,51.79339],[-3.66931,51.79282],[-3.66979,51.79369],[-3.67341,51.79388],[-3.67232,51.79289],[-3.67317,51.79231],[-3.67566,51.79397],[-3.67886,51.79431],[-3.68184,51.79519],[-3.68922,51.79502],[-3.69017,51.79555],[-3.69083,51.7969],[-3.69315,51.79802],[-3.69461,51.79825],[-3.69685,51.79916],[-3.69984,51.79919],[-3.7033,51.7984],[-3.70412,51.80081],[-3.70543,51.80123],[-3.70553,51.80323],[-3.7064,51.80339],[-3.70979,51.80265],[-3.71298,51.80261],[-3.72021,51.80184],[-3.72101,51.80101],[-3.72307,51.80068],[-3.72299,51.79962],[-3.72362,51.79941],[-3.72652,51.79942],[-3.72668,51.79917],[-3.72845,51.79912],[-3.72877,51.79936],[-3.73008,51.79822],[-3.73219,51.79779],[-3.73353,51.79659],[-3.73475,51.79723],[-3.73584,51.79702],[-3.73719,51.7956],[-3.73874,51.79529],[-3.73894,51.79378],[-3.73995,51.79273],[-3.74164,51.7895],[-3.74604,51.79029],[-3.75055,51.78918],[-3.75242,51.78827],[-3.75475,51.7864],[-3.75614,51.78473],[-3.75718,51.78522],[-3.75812,51.78625],[-3.7578,51.78632],[-3.75834,51.78764],[-3.75891,51.78797],[-3.75856,51.78911],[-3.75991,51.79007],[-3.75975,51.79122],[-3.76027,51.79164],[-3.7614,51.79155],[-3.76222,51.79196],[-3.76473,51.79143],[-3.76766,51.79211],[-3.76963,51.79225],[-3.76985,51.79265],[-3.77211,51.79186],[-3.77298,51.79389],[-3.77184,51.79662],[-3.77257,51.79706],[-3.77835,51.79716],[-3.77944,51.79811],[-3.78189,51.79827],[-3.78405,51.79788],[-3.78411,51.79928],[-3.78881,51.79919],[-3.78934,51.80014],[-3.79202,51.80225],[-3.79332,51.80158],[-3.79642,51.80437],[-3.79786,51.80489],[-3.79676,51.80608],[-3.79705,51.80708],[-3.79815,51.80604],[-3.80037,51.80549],[-3.80461,51.80713],[-3.80678,51.80691],[-3.81003,51.80746],[-3.81094,51.80725],[-3.81139,51.80755],[-3.81214,51.80712],[-3.81406,51.80681],[-3.81444,51.80633],[-3.8162,51.80619],[-3.8175,51.80532],[-3.81938,51.80658],[-3.82247,51.80705],[-3.82359,51.80801],[-3.82546,51.80799],[-3.83275,51.80913],[-3.83797,51.80973],[-3.84081,51.80978],[-3.84417,51.81039],[-3.84814,51.81208],[-3.85124,51.81217],[-3.85098,51.81397],[-3.85165,51.81483],[-3.8514,51.81609],[-3.85354,51.81715],[-3.85446,51.8186],[-3.85406,51.81936],[-3.85538,51.81973],[-3.85604,51.82029],[-3.85817,51.82004],[-3.8594,51.81943],[-3.86065,51.81957],[-3.86379,51.81908],[-3.86667,51.81949],[-3.87193,51.81833],[-3.87338,51.81784],[-3.8735,51.8168],[-3.87872,51.81578],[-3.878,51.814],[-3.87883,51.81389],[-3.88258,51.81189],[-3.88433,51.81043],[-3.88757,51.8095],[-3.89043,51.81016],[-3.89297,51.8091],[-3.89531,51.80878],[-3.89922,51.80917],[-3.89994,51.80965],[-3.90112,51.80961],[-3.90282,51.81035],[-3.90502,51.81057],[-3.90675,51.81149],[-3.90707,51.81216],[-3.9092,51.81266],[-3.90974,51.81359],[-3.91529,51.8146],[-3.9192,51.81705],[-3.92012,51.81832],[-3.92106,51.81698],[-3.92371,51.81547],[-3.92351,51.81349],[-3.92493,51.81242],[-3.92626,51.81192],[-3.92628,51.8114],[-3.92687,51.81117],[-3.92777,51.81212],[-3.93189,51.81355],[-3.935,51.81353],[-3.93648,51.81394],[-3.93796,51.81372],[-3.94221,51.81516],[-3.94926,51.8158],[-3.95011,51.81624],[-3.9521,51.81843],[-3.954,51.81864],[-3.95742,51.81963],[-3.96113,51.82274],[-3.95863,51.83031],[-3.96072,51.83292],[-3.96303,51.83381],[-3.96477,51.83403],[-3.96757,51.83394],[-3.97127,51.8332],[-3.97307,51.83441],[-3.97274,51.83576],[-3.97446,51.83733],[-3.97612,51.84021],[-3.97504,51.84162],[-3.97144,51.84348],[-3.97,51.84527],[-3.96735,51.84691],[-3.96479,51.84782],[-3.96142,51.85039],[-3.95897,51.85158],[-3.95719,51.85301],[-3.95741,51.85335],[-3.9594,51.85332],[-3.96108,51.85373],[-3.96208,51.85515],[-3.96185,51.85662],[-3.96238,51.85851],[-3.96554,51.8609],[-3.96687,51.86238],[-3.96991,51.86379],[-3.97086,51.86505],[-3.9743,51.86634],[-3.97686,51.86878],[-3.98026,51.86976],[-3.97915,51.87068],[-3.97933,51.87121],[-3.98252,51.87183],[-3.98354,51.87235],[-3.98716,51.87289],[-3.98964,51.87542],[-3.9862,51.87691],[-3.98174,51.88077],[-3.98082,51.88282],[-3.97943,51.88419],[-3.97527,51.88701],[-3.96919,51.88962],[-3.9617,51.89216],[-3.95716,51.89326],[-3.95067,51.89641],[-3.94809,51.89719],[-3.94439,51.89925],[-3.93753,51.90185],[-3.93503,51.90402],[-3.93382,51.90458],[-3.92762,51.90649],[-3.92379,51.90801],[-3.92064,51.90883],[-3.91727,51.90851],[-3.91078,51.91069],[-3.90807,51.91026],[-3.90539,51.91074],[-3.8988,51.91097],[-3.89589,51.91226],[-3.88836,51.91259],[-3.88531,51.91388],[-3.88148,51.91444],[-3.87594,51.91641],[-3.87194,51.91672],[-3.87006,51.91636],[-3.87096,51.91766],[-3.87076,51.91799],[-3.86896,51.91678],[-3.86782,51.91646],[-3.8653,51.91744],[-3.86255,51.91757],[-3.85966,51.91515],[-3.85874,51.91366],[-3.85629,51.91584],[-3.8532,51.917],[-3.85137,51.91826],[-3.84654,51.92023],[-3.84142,51.92545],[-3.83938,51.92618],[-3.83705,51.92595],[-3.83493,51.92645],[-3.8309,51.92791],[-3.83024,51.92845],[-3.82619,51.93012],[-3.82696,51.93224],[-3.82655,51.93272],[-3.82628,51.93562],[-3.8255,51.93679],[-3.82542,51.93825],[-3.82609,51.93808],[-3.82563,51.93852],[-3.82443,51.93893],[-3.81968,51.94279],[-3.81369,51.94575],[-3.81187,51.94726],[-3.80871,51.94817],[-3.80781,51.94889],[-3.80692,51.95088],[-3.79963,51.95396],[-3.79679,51.95484],[-3.79685,51.95568],[-3.79782,51.95562],[-3.79796,51.95618],[-3.79912,51.95664],[-3.79978,51.95762],[-3.79965,51.95914],[-3.80015,51.95978],[-3.79884,51.96083],[-3.79555,51.96189],[-3.79456,51.96277],[-3.7927,51.96296],[-3.79095,51.96364],[-3.78818,51.96626],[-3.78643,51.96641],[-3.78368,51.96725],[-3.78233,51.96716],[-3.78249,51.96893],[-3.78594,51.97329],[-3.78525,51.97551],[-3.78558,51.97672],[-3.78502,51.97858],[-3.78386,51.98022],[-3.78452,51.9815],[-3.78377,51.98313],[-3.78319,51.98682],[-3.7839,51.98998],[-3.78099,51.99176],[-3.78107,51.99231],[-3.77888,51.99322],[-3.77941,51.9941],[-3.77563,51.9957],[-3.77326,51.996],[-3.77075,51.99768],[-3.76279,51.99982],[-3.75923,52.00257],[-3.75672,52.00319],[-3.75173,52.00324],[-3.74728,52.00251],[-3.74633,52.00168],[-3.74599,51.99929],[-3.74374,51.99721],[-3.74184,51.99638],[-3.74073,51.99452],[-3.73579,51.99279],[-3.73466,51.99149],[-3.73228,51.9903],[-3.72987,51.9895],[-3.72536,51.98863],[-3.72172,51.98859],[-3.71908,51.98818],[-3.71286,51.98412],[-3.70941,51.98248],[-3.70686,51.98196],[-3.70327,51.98185],[-3.69745,51.9806],[-3.69315,51.97795],[-3.68521,51.97666],[-3.68336,51.97686],[-3.68263,51.97668],[-3.6797,51.97462],[-3.67635,51.97137],[-3.67543,51.96925],[-3.67198,51.96478],[-3.67058,51.96413],[-3.66722,51.96165],[-3.66336,51.95997],[-3.65286,51.95728],[-3.64926,51.95754],[-3.64762,51.95734],[-3.64735,51.95795],[-3.64655,51.95796],[-3.64013,51.95759],[-3.63907,51.9572],[-3.63644,51.95697],[-3.631,51.95679],[-3.62774,51.95624],[-3.62427,51.9541],[-3.61799,51.95258],[-3.61527,51.95279],[-3.61163,51.95207],[-3.59817,51.9513],[-3.59291,51.95455],[-3.5886,51.9563],[-3.58808,51.95711],[-3.58475,51.95899],[-3.58428,51.95976],[-3.58196,51.96118],[-3.57638,51.96134],[-3.57528,51.96107],[-3.57489,51.96062],[-3.57397,51.96063],[-3.57255,51.96125],[-3.57008,51.96118],[-3.5687,51.96153],[-3.56576,51.96348],[-3.5647,51.96373],[-3.56138,51.96365],[-3.55699,51.96469],[-3.55387,51.9644],[-3.55183,51.96473],[-3.55159,51.96425],[-3.55015,51.96372],[-3.54826,51.96237],[-3.54631,51.9617],[-3.54049,51.96138],[-3.5366,51.96059],[-3.53123,51.96079],[-3.52873,51.95946],[-3.52731,51.95819],[-3.52423,51.95755],[-3.52336,51.95671],[-3.52208,51.95644],[-3.52151,51.95565],[-3.51725,51.9542],[-3.51356,51.95341],[-3.51028,51.95371],[-3.5063,51.9554],[-3.50443,51.95565],[-3.50122,51.95551],[-3.49653,51.95596],[-3.48793,51.955],[-3.47885,51.95608],[-3.47762,51.95555],[-3.47627,51.95547],[-3.47515,51.95565],[-3.47145,51.95718],[-3.46747,51.9573],[-3.46319,51.95794],[-3.45644,51.96003],[-3.45218,51.96287],[-3.44899,51.96375],[-3.44125,51.96416],[-3.44046,51.96407],[-3.43962,51.96334],[-3.43585,51.96303],[-3.43466,51.96445],[-3.43244,51.96495],[-3.43143,51.9649],[-3.42983,51.96585],[-3.42424,51.96706],[-3.4206,51.96832],[-3.41387,51.96882],[-3.40717,51.96968],[-3.39907,51.96717],[-3.39846,51.96747],[-3.39715,51.96748],[-3.39318,51.96699],[-3.38963,51.96689],[-3.38629,51.96589],[-3.38576,51.9662],[-3.38515,51.96568],[-3.38666,51.96447],[-3.38468,51.96215],[-3.38528,51.96167],[-3.38518,51.96125],[-3.38353,51.95866],[-3.37818,51.96003],[-3.36909,51.96042],[-3.36252,51.96033],[-3.35967,51.96101],[-3.35794,51.96197],[-3.35614,51.96271],[-3.35585,51.96259],[-3.3556,51.96071],[-3.35351,51.95902],[-3.35247,51.95696],[-3.35291,51.95558],[-3.35273,51.95426],[-3.34979,51.94887],[-3.34884,51.94641],[-3.34896,51.94559],[-3.3484,51.94489],[-3.34845,51.94367],[-3.34761,51.94346],[-3.34498,51.94153],[-3.34481,51.94088],[-3.34343,51.94112],[-3.33989,51.94045],[-3.33796,51.94048],[-3.3355,51.94072],[-3.33088,51.94188],[-3.32706,51.94198],[-3.32443,51.94249],[-3.31857,51.94282],[-3.31323,51.94265],[-3.30628,51.94378],[-3.30572,51.94128],[-3.30648,51.939],[-3.30394,51.93862],[-3.30194,51.93866],[-3.30136,51.93819],[-3.29675,51.93708],[-3.29334,51.93726],[-3.29101,51.93812],[-3.28925,51.93979],[-3.28843,51.94094],[-3.2878,51.94321],[-3.2865,51.94446],[-3.28367,51.94556],[-3.28031,51.94569],[-3.27798,51.94619],[-3.27439,51.94864],[-3.27351,51.95073],[-3.27449,51.95304],[-3.27463,51.95466],[-3.27389,51.95777],[-3.27301,51.95917],[-3.27138,51.96004],[-3.26726,51.96341],[-3.26448,51.9649],[-3.26072,51.96636],[-3.25805,51.96859],[-3.2573,51.96993],[-3.2579,51.97254],[-3.25778,51.97458],[-3.25569,51.97684],[-3.25483,51.9787],[-3.25336,51.97986],[-3.25225,51.98153],[-3.2511,51.98221],[-3.25134,51.98239],[-3.25032,51.98454],[-3.24816,51.98726],[-3.24779,51.98861],[-3.24817,51.98938],[-3.24765,51.98977],[-3.24792,51.99005],[-3.24713,51.99018],[-3.24689,51.99105],[-3.24623,51.99104],[-3.24635,51.99162],[-3.24445,51.994],[-3.24442,51.99438],[-3.2449,51.99452],[-3.2443,51.99513],[-3.24447,51.99587],[-3.24315,51.99655],[-3.24146,51.99667],[-3.24157,51.99818],[-3.24067,51.9988],[-3.24133,51.99894],[-3.24026,51.99986],[-3.24072,52.00092],[-3.23953,52.00225],[-3.23987,52.00284],[-3.23957,52.00382],[-3.23873,52.00449],[-3.23831,52.00574],[-3.23929,52.00578],[-3.23802,52.00719],[-3.23787,52.00807],[-3.23491,52.00923],[-3.23411,52.01012],[-3.23426,52.01097],[-3.23314,52.01083],[-3.23192,52.01151],[-3.23008,52.0117],[-3.22956,52.0122],[-3.22546,52.01391],[-3.22616,52.01176],[-3.22219,52.01042],[-3.22123,52.01052],[-3.21965,52.01002],[-3.22028,52.0092],[-3.21941,52.00907],[-3.21558,52.00965],[-3.2117,52.01087],[-3.21063,52.01252],[-3.20393,52.01624],[-3.19705,52.01867],[-3.19499,52.01983],[-3.19403,52.01978],[-3.19164,52.02078],[-3.18957,52.02222],[-3.18755,52.02284],[-3.18727,52.02337],[-3.18565,52.0239],[-3.18349,52.02547],[-3.18224,52.0269],[-3.18057,52.02709],[-3.17782,52.0285],[-3.17603,52.02893],[-3.17226,52.03092],[-3.17136,52.03177],[-3.17059,52.03487],[-3.16975,52.03571],[-3.16804,52.03969],[-3.16242,52.04226],[-3.16099,52.04403],[-3.16046,52.04612],[-3.15456,52.04886],[-3.15004,52.05277],[-3.14962,52.05417],[-3.15044,52.05543],[-3.14843,52.05809],[-3.14646,52.05983],[-3.14649,52.06083],[-3.14552,52.06267],[-3.14413,52.06382],[-3.14056,52.06569],[-3.13989,52.06635],[-3.13941,52.06785],[-3.13806,52.06827],[-3.14198,52.07313],[-3.14028,52.07631],[-3.13901,52.07696],[-3.13722,52.07685],[-3.13508,52.07345],[-3.13393,52.07305],[-3.13234,52.07306],[-3.13102,52.07345],[-3.12857,52.07534],[-3.12595,52.07827],[-3.1239,52.07783],[-3.12233,52.07643],[-3.12123,52.07612],[-3.12174,52.0748],[-3.12076,52.07454],[-3.12025,52.07322]]]}},{"type":"Feature","properties":{"name":"Pembrokeshire Coast","kind":"national_park"},"geometry":{"type":"MultiPolygon","coordinates":[[[[-4.70221,51.64228],[-4.70079,51.64153],[-4.69966,51.64144],[-4.69777,51.64063],[-4.69382,51.63991],[-4.6938,51.6397],[-4.69173,51.63992],[-4.68695,51.64198],[-4.68457,51.64202],[-4.68272,51.6416],[-4.68179,51.64178],[-4.68173,51.64154],[-4.68044,51.64116],[-4.6805,51.64066],[-4.67912,51.64017],[-4.67892,51.63966],[-4.67937,51.63922],[-4.67902,51.639],[-4.67759,51.63896],[-4.67685,51.63865],[-4.67521,51.63901],[-4.67467,51.63773],[-4.67515,51.63745],[-4.67682,51.63781],[-4.67775,51.63749],[-4.67698,51.63635],[-4.67722,51.63564],[-4.67725,51.63561],[-4.67778,51.63553],[-4.67762,51.63531],[-4.67904,51.63545],[-4.67883,51.63497],[-4.68055,51.63474],[-4.68123,51.63384],[-4.68121,51.63348],[-4.68023,51.63317],[-4.68024,51.63263],[-4.68023,51.63258],[-4.67959,51.63237],[-4.67963,51.63236],[-4.68032,51.63239],[-4.68029,51.63186],[-4.68031,51.63183],[-4.68091,51.63192],[-4.68087,51.63148],[-4.68159,51.63125],[-4.68138,51.63109],[-4.68139,51.63096],[-4.68251,51.63075],[-4.68309,51.63043],[-4.68316,51.63042],[-4.68314,51.63041],[-4.68406,51.62992],[-4.68427,51.62992],[-4.68409,51.63001],[-4.68434,51.62992],[-4.68564,51.62995],[-4.68575,51.63032],[-4.68582,51.6303],[-4.68642,51.6302],[-4.68596,51.63081],[-4.68813,51.631],[-4.68816,51.63101],[-4.68814,51.63101],[-4.68853,51.63121],[-4.6885,51.63178],[-4.69067,51.63157],[-4.69059,51.63121],[-4.69238,51.63148],[-4.69254,51.63194],[-4.69326,51.63216],[-4.69326,51.63217],[-4.69329,51.63218],[-4.69337,51.63238],[-4.693,51.63295],[-4.69326,51.63402],[-4.6944,51.6345],[-4.69663,51.63401],[-4.69723,51.63339],[-4.69818,51.63338],[-4.69822,51.63302],[-4.69832,51.6329],[-4.6989,51.63337],[-4.69966,51.63259],[-4.70001,51.63267],[-4.70095,51.63205],[-4.70347,51.63202],[-4.70519,51.6327],[-4.70443,51.63321],[-4.7039,51.63314],[-4.70245,51.63443],[-4.70296,51.63475],[-4.7023,51.63568],[-4.70317,51.63573],[-4.70355,51.63604],[-4.70125,51.63662],[-4.701,51.63743],[-4.70134,51.63837],[-4.70166,51.63877],[-4.70316,51.63892],[-4.70328,51.63917],[-4.70376,51.63898],[-4.70591,51.63918],[-4.70665,51.63972],[-4.7066,51.64053],[-4.70799,51.64055],[-4.70826,51.64139],[-4.70879,51.64139],[-4.70951,51.64218],[-4.70773,51.64266],[-4.70514,51.64221],[-4.70363,51.64335],[-4.7032,51.64262],[-4.70221,51.64228]]],[[[-4.71424,51.64394],[-4.71407,51.64335],[-4.71584,51.6431],[-4.7167,51.64241],[-4.7165,51.64196],[-4.71714,51.64161],[-4.71838,51.64181],[-4.71845,51.64199],[-4.71866,51.64185],[-4.71878,51.64187],[-4.71888,51.64205],[-4.71981,51.64204],[-4.71958,51.64257],[-4.71964,51.6427],[-4.71964,51.64275],[-4.71968,51.64279],[-4.71975,51.64277],[-4.72004,51.64282],[-4.71984,51.64301],[-4.71993,51.64349],[-4.71954,51.64366],[-4.71905,51.64322],[-4.71904,51.64321],[-4.71669,51.64359],[-4.71618,51.64336],[-4.71619,51.64381],[-4.71561,51.64393],[-4.71424,51.64394]]],[[[-4.69296,51.67107],[-4.69277,51.67091],[-4.69182,51.67092],[-4.6916,51.6709],[-4.69097,51.67044],[-4.69145,51.67021],[-4.69156,51.67017],[-4.69166,51.67019],[-4.6926,51.67059],[-4.69284,51.6705],[-4.69329,51.67062],[-4.6934,51.67065],[-4.69401,51.67096],[-4.6935,51.67097],[-4.69336,51.67128],[-4.69296,51.67107]]],[[[-5.28963,51.69523],[-5.28966,51.6952],[-5.29019,51.69522],[-5.29007,51.69527],[-5.28951,51.69545],[-5.28963,51.69523]]],[[[-5.27399,51.7035],[-5.27319,51.70311],[-5.2732,51.70314],[-5.27318,51.70312],[-5.27321,51.70317],[-5.2733,51.7034],[-5.27271,51.70309],[-5.27266,51.70284],[-5.27162,51.70248],[-5.27137,51.70218],[-5.27132,51.70216],[-5.27061,51.70184],[-5.2704,51.70159],[-5.27043,51.70114],[-5.26942,51.70164],[-5.26967,51.70197],[-5.26873,51.70138],[-5.26886,51.70179],[-5.26883,51.70186],[-5.26837,51.70202],[-5.26824,51.70199],[-5.26743,51.70167],[-5.26715,51.70212],[-5.26682,51.70215],[-5.26634,51.7021],[-5.26614,51.70218],[-5.26585,51.70225],[-5.26556,51.70228],[-5.26465,51.70184],[-5.26549,51.70177],[-5.2651,51.70164],[-5.26511,51.70163],[-5.2658,51.70144],[-5.26536,51.70012],[-5.26608,51.70026],[-5.26673,51.69964],[-5.26756,51.70037],[-5.26794,51.70033],[-5.26763,51.70009],[-5.26818,51.70012],[-5.26807,51.69987],[-5.2692,51.7004],[-5.26907,51.70004],[-5.26966,51.69962],[-5.26891,51.69924],[-5.26921,51.69892],[-5.27053,51.69936],[-5.27021,51.69903],[-5.27043,51.69854],[-5.27062,51.69825],[-5.27102,51.69819],[-5.27044,51.69788],[-5.27045,51.69784],[-5.27122,51.69759],[-5.26979,51.69687],[-5.27041,51.6968],[-5.26968,51.69655],[-5.27069,51.69642],[-5.27009,51.69596],[-5.27087,51.69595],[-5.27056,51.69573],[-5.27162,51.69549],[-5.27116,51.69536],[-5.27198,51.69527],[-5.27276,51.69584],[-5.27332,51.69584],[-5.27376,51.69512],[-5.27415,51.69479],[-5.27478,51.69465],[-5.27434,51.6945],[-5.27434,51.69417],[-5.27551,51.6939],[-5.2758,51.69391],[-5.27606,51.69421],[-5.27641,51.69386],[-5.27736,51.69337],[-5.27755,51.69332],[-5.27977,51.69352],[-5.28002,51.69376],[-5.2802,51.69361],[-5.28047,51.69355],[-5.28169,51.69374],[-5.28192,51.69346],[-5.28259,51.69349],[-5.28256,51.69387],[-5.28315,51.69343],[-5.28605,51.6934],[-5.28815,51.6934],[-5.28818,51.69373],[-5.28884,51.69382],[-5.28846,51.69392],[-5.28838,51.69393],[-5.2884,51.69394],[-5.28823,51.69399],[-5.28874,51.69412],[-5.28791,51.69405],[-5.28774,51.69453],[-5.28899,51.69463],[-5.28925,51.69556],[-5.29013,51.69557],[-5.28909,51.69597],[-5.28933,51.69633],[-5.28764,51.69657],[-5.28728,51.6969],[-5.28579,51.69666],[-5.28548,51.697],[-5.28442,51.6971],[-5.2846,51.69746],[-5.28401,51.69737],[-5.28404,51.69778],[-5.28337,51.69787],[-5.28355,51.69788],[-5.28329,51.69793],[-5.28406,51.69819],[-5.28303,51.69811],[-5.28304,51.69813],[-5.283,51.69813],[-5.28305,51.69819],[-5.28318,51.69861],[-5.2814,51.69887],[-5.28104,51.69891],[-5.28108,51.69892],[-5.28103,51.69893],[-5.28118,51.69894],[-5.28187,51.69906],[-5.28202,51.69924],[-5.28195,51.69929],[-5.28083,51.69939],[-5.28142,51.69966],[-5.28136,51.6997],[-5.28163,51.69976],[-5.28175,51.69981],[-5.2804,51.69983],[-5.28081,51.69995],[-5.28052,51.70016],[-5.2804,51.7002],[-5.28047,51.7002],[-5.28045,51.70022],[-5.28169,51.70024],[-5.28164,51.70047],[-5.28148,51.70058],[-5.28162,51.7006],[-5.28158,51.70079],[-5.28108,51.70093],[-5.28117,51.70093],[-5.28044,51.70115],[-5.28045,51.70108],[-5.27973,51.70137],[-5.27946,51.70145],[-5.27915,51.70142],[-5.27932,51.70149],[-5.27887,51.70163],[-5.27882,51.70162],[-5.2781,51.70137],[-5.27765,51.7018],[-5.27827,51.70194],[-5.27748,51.70194],[-5.27751,51.70196],[-5.2774,51.70196],[-5.27735,51.70201],[-5.27733,51.70201],[-5.27735,51.70202],[-5.27723,51.70214],[-5.27715,51.70213],[-5.27721,51.70217],[-5.27679,51.70262],[-5.27522,51.70283],[-5.27562,51.70315],[-5.27542,51.70317],[-5.27575,51.70326],[-5.27595,51.70342],[-5.2748,51.70315],[-5.27472,51.70339],[-5.27461,51.70347],[-5.27399,51.7035]]],[[[-4.88049,51.71673],[-4.87781,51.71628],[-4.87314,51.7169],[-4.87181,51.71608],[-4.8712,51.71663],[-4.87001,51.71666],[-4.86811,51.71629],[-4.86408,51.7146],[-4.85779,51.70803],[-4.85828,51.7077],[-4.85788,51.70753],[-4.85841,51.7074],[-4.85759,51.70715],[-4.8579,51.70679],[-4.8585,51.70726],[-4.86017,51.70624],[-4.86093,51.70614],[-4.86007,51.70612],[-4.85916,51.70653],[-4.85834,51.70624],[-4.85715,51.7069],[-4.85743,51.70767],[-4.85701,51.70772],[-4.85542,51.7067],[-4.85565,51.70575],[-4.85438,51.70541],[-4.85479,51.70544],[-4.85436,51.70527],[-4.85468,51.70509],[-4.85427,51.70493],[-4.85407,51.70522],[-4.85352,51.70486],[-4.85251,51.70476],[-4.8514,51.70399],[-4.85167,51.70383],[-4.85079,51.70366],[-4.85053,51.70342],[-4.85093,51.7033],[-4.85023,51.70327],[-4.85023,51.70298],[-4.84892,51.7025],[-4.84912,51.70173],[-4.85032,51.70126],[-4.85009,51.70038],[-4.85247,51.69805],[-4.85264,51.69709],[-4.8521,51.69624],[-4.85269,51.69539],[-4.85281,51.69522],[-4.85244,51.69554],[-4.85187,51.69604],[-4.85129,51.6977],[-4.84739,51.70026],[-4.84585,51.70063],[-4.84514,51.69997],[-4.84625,51.69754],[-4.84512,51.6977],[-4.84438,51.69731],[-4.84251,51.69515],[-4.84058,51.6944],[-4.83789,51.69432],[-4.83714,51.6944],[-4.83757,51.69456],[-4.83705,51.69472],[-4.83637,51.69466],[-4.83697,51.69479],[-4.83751,51.69466],[-4.83866,51.69463],[-4.83998,51.69503],[-4.84323,51.69768],[-4.84344,51.69966],[-4.84139,51.70019],[-4.84114,51.69976],[-4.84087,51.70015],[-4.84013,51.7001],[-4.84032,51.69993],[-4.839,51.70017],[-4.83564,51.6988],[-4.83446,51.70006],[-4.83541,51.69881],[-4.83482,51.69844],[-4.83168,51.69866],[-4.83068,51.69911],[-4.82678,51.69911],[-4.82755,51.69866],[-4.82887,51.69263],[-4.83767,51.69278],[-4.84199,51.69324],[-4.84702,51.69426],[-4.8479,51.69423],[-4.84801,51.69383],[-4.85257,51.69396],[-4.85477,51.6946],[-4.85679,51.69454],[-4.86115,51.69516],[-4.86608,51.6969],[-4.86917,51.69669],[-4.87422,51.69753],[-4.87601,51.6982],[-4.87962,51.69824],[-4.88001,51.69894],[-4.88167,51.69832],[-4.88407,51.69856],[-4.88819,51.69943],[-4.89958,51.70318],[-4.90176,51.70355],[-4.90473,51.70585],[-4.90458,51.70723],[-4.90406,51.70743],[-4.90406,51.70785],[-4.90414,51.7079],[-4.90414,51.70791],[-4.90085,51.70835],[-4.89612,51.70764],[-4.89444,51.70773],[-4.89123,51.70608],[-4.89112,51.70602],[-4.89211,51.70757],[-4.88813,51.71034],[-4.88608,51.71555],[-4.88534,51.71645],[-4.88403,51.71667],[-4.88049,51.71673]]],[[[-4.85808,51.71998],[-4.85799,51.71819],[-4.85909,51.71964],[-4.85881,51.72011],[-4.8585,51.72003],[-4.85808,51.71998]]],[[[-4.85542,51.72027],[-4.85525,51.71999],[-4.85498,51.72023],[-4.85457,51.71933],[-4.85488,51.71872],[-4.85484,51.71832],[-4.85475,51.71804],[-4.8553,51.71803],[-4.8557,51.71845],[-4.85578,51.72025],[-4.85542,51.72027]]],[[[-5.16613,51.72128],[-5.16682,51.72098],[-5.16648,51.72141],[-5.16649,51.72155],[-5.16672,51.72174],[-5.16653,51.7223],[-5.16574,51.72288],[-5.16558,51.72308],[-5.16554,51.7233],[-5.16475,51.7232],[-5.16613,51.72128]]],[[[-5.16388,51.72496],[-5.16362,51.72456],[-5.16411,51.72491],[-5.16404,51.72553],[-5.16396,51.72516],[-5.16388,51.72496]]],[[[-5.2919,51.72749],[-5.29272,51.72735],[-5.29353,51.72747],[-5.29285,51.7276],[-5.29256,51.72781],[-5.29164,51.72809],[-5.29026,51.72778],[-5.29122,51.72761],[-5.29171,51.72758],[-5.2919,51.72749]]],[[[-4.90367,51.74313],[-4.90517,51.74121],[-4.90507,51.74119],[-4.904,51.74096],[-4.90261,51.73999],[-4.90058,51.73734],[-4.89795,51.73625],[-4.8961,51.73548],[-4.89146,51.73415],[-4.88896,51.73291],[-4.88725,51.73141],[-4.88732,51.73056],[-4.88853,51.72947],[-4.88846,51.72855],[-4.88957,51.72701],[-4.88797,51.72498],[-4.88952,51.72246],[-4.89201,51.71949],[-4.89607,51.71956],[-4.89289,51.71883],[-4.89266,51.71841],[-4.89345,51.71699],[-4.8929,51.71353],[-4.89493,51.71103],[-4.89589,51.71074],[-4.89632,51.71076],[-4.89711,51.71079],[-4.8988,51.7117],[-4.90111,51.71195],[-4.90156,51.71252],[-4.90176,51.71176],[-4.90132,51.7115],[-4.90387,51.71206],[-4.90901,51.71119],[-4.90901,51.71114],[-4.90913,51.71123],[-4.90964,51.71274],[-4.9113,51.71467],[-4.91125,51.71573],[-4.91191,51.71546],[-4.91374,51.71562],[-4.91646,51.71619],[-4.91903,51.7173],[-4.92154,51.71768],[-4.92204,51.72343],[-4.92112,51.72552],[-4.92036,51.7254],[-4.91963,51.72759],[-4.92082,51.72765],[-4.9215,51.72947],[-4.9211,51.73184],[-4.92172,51.73733],[-4.91984,51.73826],[-4.91774,51.73869],[-4.91687,51.74002],[-4.91416,51.74218],[-4.9126,51.74194],[-4.90733,51.74299],[-4.90794,51.74366],[-4.90757,51.74416],[-4.90513,51.74417],[-4.90392,51.7437],[-4.90367,51.74313]]],[[[-5.26324,51.73635],[-5.26294,51.73603],[-5.26277,51.73581],[-5.26268,51.7359],[-5.26242,51.73603],[-5.26247,51.7359],[-5.2621,51.73603],[-5.2621,51.73548],[-5.26208,51.73548],[-5.26208,51.73545],[-5.26171,51.73542],[-5.26186,51.73507],[-5.26216,51.73492],[-5.26256,51.7348],[-5.26264,51.73488],[-5.26268,51.73477],[-5.26276,51.73474],[-5.26294,51.73395],[-5.263,51.7338],[-5.2631,51.73376],[-5.26397,51.73356],[-5.26455,51.73356],[-5.26535,51.73413],[-5.26543,51.73426],[-5.26557,51.73429],[-5.26604,51.73461],[-5.26618,51.73399],[-5.26625,51.73386],[-5.26698,51.73394],[-5.26712,51.73463],[-5.26698,51.73477],[-5.26709,51.73489],[-5.26721,51.73511],[-5.26723,51.73518],[-5.26643,51.73513],[-5.26637,51.73536],[-5.26615,51.73572],[-5.26601,51.73567],[-5.26536,51.73624],[-5.26536,51.73628],[-5.26533,51.73627],[-5.26537,51.7363],[-5.26541,51.73663],[-5.26423,51.73688],[-5.26324,51.73635]]],[[[-4.66543,51.75339],[-4.66457,51.75295],[-4.66469,51.75435],[-4.66415,51.75562],[-4.66309,51.75533],[-4.66232,51.75433],[-4.65825,51.75594],[-4.65695,51.75558],[-4.65484,51.75551],[-4.65504,51.75417],[-4.653,51.75405],[-4.65228,51.75316],[-4.6513,51.75281],[-4.6443,51.75279],[-4.64336,51.75315],[-4.63813,51.75036],[-4.63825,51.75017],[-4.63682,51.74977],[-4.63602,51.74843],[-4.63326,51.74634],[-4.63368,51.74567],[-4.63311,51.74531],[-4.63249,51.74389],[-4.63269,51.74331],[-4.63225,51.74288],[-4.63316,51.74203],[-4.63314,51.74151],[-4.63526,51.74015],[-4.63804,51.73963],[-4.63924,51.73871],[-4.64593,51.7362],[-4.64659,51.73625],[-4.64758,51.73543],[-4.64826,51.7341],[-4.64536,51.73415],[-4.64519,51.73399],[-4.65407,51.73297],[-4.66278,51.73129],[-4.67627,51.72716],[-4.67868,51.72539],[-4.6807,51.7251],[-4.68643,51.72246],[-4.68779,51.72155],[-4.68779,51.72067],[-4.69036,51.71827],[-4.69004,51.71665],[-4.69222,51.7166],[-4.69534,51.71395],[-4.69791,51.71113],[-4.69792,51.7108],[-4.69619,51.70985],[-4.69791,51.71038],[-4.69852,51.70946],[-4.69624,51.70912],[-4.6958,51.70981],[-4.69542,51.70975],[-4.6962,51.70855],[-4.69583,51.70825],[-4.69588,51.70719],[-4.6954,51.70687],[-4.69502,51.7067],[-4.69534,51.70652],[-4.69511,51.7059],[-4.69386,51.70536],[-4.69305,51.70451],[-4.69216,51.7044],[-4.69251,51.70376],[-4.6916,51.70349],[-4.69118,51.70246],[-4.69016,51.70238],[-4.69037,51.7021],[-4.68963,51.70175],[-4.69002,51.70144],[-4.68825,51.7],[-4.68785,51.69888],[-4.68511,51.69834],[-4.68139,51.69808],[-4.68024,51.69728],[-4.68128,51.6972],[-4.6813,51.69747],[-4.68209,51.69754],[-4.68502,51.69622],[-4.68582,51.69454],[-4.68643,51.69429],[-4.6861,51.69387],[-4.68679,51.69388],[-4.6874,51.69361],[-4.687,51.69347],[-4.68772,51.69348],[-4.68783,51.69318],[-4.68921,51.69287],[-4.68968,51.69182],[-4.68845,51.69119],[-4.68881,51.69038],[-4.68975,51.69023],[-4.68965,51.68993],[-4.69033,51.68965],[-4.69159,51.68965],[-4.69143,51.68936],[-4.69196,51.68932],[-4.69239,51.68864],[-4.69197,51.68833],[-4.6948,51.68804],[-4.69505,51.68773],[-4.69446,51.68721],[-4.69516,51.68632],[-4.6959,51.68611],[-4.6972,51.68629],[-4.69715,51.68623],[-4.69695,51.68599],[-4.69615,51.68526],[-4.69749,51.6851],[-4.69715,51.68374],[-4.69775,51.68305],[-4.69658,51.68233],[-4.69827,51.68209],[-4.69863,51.6818],[-4.69877,51.68145],[-4.698,51.68107],[-4.69901,51.68076],[-4.69939,51.6803],[-4.69935,51.6799],[-4.69863,51.67963],[-4.69871,51.67948],[-4.69884,51.67933],[-4.70034,51.67906],[-4.70181,51.67696],[-4.70187,51.67454],[-4.70085,51.67345],[-4.69802,51.67211],[-4.69818,51.67228],[-4.69692,51.67238],[-4.69675,51.67272],[-4.69803,51.67345],[-4.69609,51.67282],[-4.694,51.67297],[-4.69331,51.67244],[-4.69335,51.67196],[-4.69501,51.67198],[-4.69585,51.67147],[-4.69579,51.67099],[-4.69697,51.67057],[-4.69746,51.67073],[-4.70032,51.66863],[-4.70214,51.66861],[-4.70322,51.66826],[-4.70407,51.66762],[-4.70895,51.66394],[-4.71428,51.65879],[-4.71592,51.65666],[-4.71636,51.65519],[-4.71598,51.65512],[-4.71606,51.6543],[-4.71301,51.65366],[-4.71094,51.65218],[-4.71103,51.65194],[-4.71167,51.65156],[-4.71209,51.65212],[-4.71264,51.6521],[-4.71268,51.65214],[-4.71279,51.65209],[-4.71334,51.65208],[-4.71394,51.6523],[-4.71438,51.65254],[-4.71561,51.65228],[-4.7161,51.65259],[-4.71684,51.65258],[-4.72086,51.65165],[-4.72086,51.65159],[-4.72086,51.65157],[-4.72096,51.65159],[-4.72114,51.65168],[-4.72136,51.65131],[-4.72203,51.65203],[-4.72233,51.6519],[-4.72242,51.65191],[-4.72317,51.65234],[-4.72385,51.65215],[-4.72431,51.65239],[-4.72437,51.65215],[-4.72467,51.65203],[-4.72519,51.6519],[-4.72596,51.65224],[-4.72609,51.65196],[-4.7272,51.65173],[-4.7276,51.65199],[-4.72867,51.6519],[-4.72898,51.65194],[-4.7291,51.65216],[-4.72959,51.65204],[-4.72972,51.65206],[-4.72971,51.65248],[-4.73046,51.65218],[-4.73101,51.65241],[-4.73087,51.65211],[-4.73145,51.65211],[-4.73223,51.65271],[-4.73447,51.65235],[-4.73456,51.65229],[-4.73456,51.65229],[-4.73456,51.65228],[-4.73523,51.65183],[-4.73555,51.6519],[-4.73564,51.65204],[-4.73566,51.65204],[-4.73568,51.65208],[-4.73571,51.65204],[-4.73619,51.65204],[-4.7365,51.65211],[-4.73757,51.65318],[-4.73854,51.65349],[-4.73875,51.65322],[-4.73879,51.65354],[-4.74065,51.65413],[-4.74071,51.65346],[-4.74209,51.65412],[-4.7421,51.65368],[-4.74225,51.65369],[-4.74351,51.65391],[-4.74369,51.65364],[-4.74414,51.6533],[-4.74521,51.65305],[-4.745,51.65278],[-4.74609,51.65261],[-4.74785,51.65278],[-4.74914,51.65369],[-4.74963,51.65329],[-4.75006,51.6534],[-4.75086,51.65367],[-4.75096,51.65363],[-4.75141,51.65375],[-4.75211,51.65332],[-4.75253,51.6533],[-4.75257,51.65333],[-4.75265,51.65332],[-4.75266,51.65332],[-4.75273,51.65331],[-4.75301,51.65327],[-4.75426,51.6532],[-4.75685,51.65368],[-4.76012,51.65137],[-4.76163,51.64877],[-4.76135,51.64681],[-4.76043,51.64631],[-4.75613,51.64606],[-4.75609,51.64605],[-4.75598,51.64456],[-4.75616,51.64428],[-4.75616,51.64428],[-4.75616,51.64427],[-4.75614,51.64426],[-4.75594,51.64406],[-4.75594,51.64401],[-4.75772,51.6438],[-4.75839,51.64425],[-4.75839,51.64424],[-4.7584,51.64425],[-4.7584,51.64419],[-4.75843,51.64379],[-4.75849,51.64378],[-4.75927,51.64375],[-4.76099,51.64443],[-4.76229,51.64374],[-4.76282,51.64398],[-4.76302,51.64395],[-4.76303,51.64395],[-4.76306,51.64394],[-4.76387,51.64382],[-4.76413,51.64367],[-4.76415,51.64366],[-4.76417,51.64365],[-4.76417,51.64364],[-4.76492,51.64319],[-4.76492,51.64363],[-4.76581,51.64392],[-4.76587,51.64497],[-4.76679,51.64416],[-4.76707,51.64412],[-4.76849,51.64473],[-4.76858,51.64418],[-4.76957,51.6438],[-4.76961,51.64379],[-4.76973,51.64436],[-4.77048,51.64379],[-4.77016,51.6436],[-4.7705,51.64271],[-4.77281,51.64251],[-4.77348,51.64256],[-4.77406,51.64325],[-4.77437,51.64262],[-4.77495,51.64292],[-4.77551,51.64254],[-4.77469,51.6423],[-4.77712,51.64243],[-4.77726,51.64129],[-4.77608,51.64085],[-4.77514,51.63991],[-4.77564,51.63947],[-4.77718,51.63932],[-4.77952,51.6379],[-4.78042,51.63705],[-4.78042,51.63704],[-4.78043,51.63704],[-4.78039,51.63702],[-4.78006,51.63684],[-4.78035,51.63669],[-4.78048,51.63665],[-4.78047,51.63663],[-4.78089,51.63642],[-4.7805,51.63619],[-4.78052,51.63612],[-4.78024,51.63586],[-4.78106,51.63493],[-4.78301,51.63533],[-4.78302,51.63509],[-4.78307,51.63503],[-4.78359,51.63495],[-4.78365,51.63496],[-4.78369,51.63539],[-4.7842,51.63506],[-4.78438,51.6351],[-4.78441,51.63521],[-4.7849,51.63507],[-4.78608,51.63537],[-4.78627,51.63557],[-4.78628,51.63586],[-4.7867,51.63604],[-4.78692,51.63628],[-4.78727,51.63679],[-4.78691,51.63811],[-4.78793,51.63834],[-4.7882,51.63814],[-4.78862,51.63859],[-4.7899,51.63825],[-4.79032,51.63873],[-4.79061,51.63838],[-4.79065,51.63877],[-4.79101,51.63854],[-4.79118,51.63894],[-4.79184,51.63913],[-4.79257,51.63763],[-4.7928,51.63745],[-4.79304,51.63738],[-4.7938,51.6375],[-4.79362,51.638],[-4.79428,51.63766],[-4.79407,51.63814],[-4.79496,51.63777],[-4.79546,51.63769],[-4.79546,51.63769],[-4.79548,51.63769],[-4.79533,51.63762],[-4.7955,51.63755],[-4.79578,51.6376],[-4.79597,51.63773],[-4.79602,51.63773],[-4.79604,51.63774],[-4.79606,51.63773],[-4.79637,51.63772],[-4.79666,51.63784],[-4.79656,51.6379],[-4.79606,51.63792],[-4.79648,51.63803],[-4.79658,51.63819],[-4.79623,51.6387],[-4.79737,51.63846],[-4.79853,51.63906],[-4.79997,51.6382],[-4.80133,51.63838],[-4.8015,51.63856],[-4.80165,51.63882],[-4.80168,51.63877],[-4.80168,51.63878],[-4.80175,51.63882],[-4.8019,51.63865],[-4.80218,51.63849],[-4.80349,51.63899],[-4.80376,51.63877],[-4.80655,51.63905],[-4.80754,51.63987],[-4.80687,51.64004],[-4.80749,51.64019],[-4.80672,51.6402],[-4.80746,51.64036],[-4.80651,51.64034],[-4.8074,51.64045],[-4.8072,51.64075],[-4.80699,51.64094],[-4.80351,51.64225],[-4.80428,51.64331],[-4.80656,51.64381],[-4.80717,51.64422],[-4.81112,51.64405],[-4.81092,51.64444],[-4.81142,51.64421],[-4.81214,51.64441],[-4.81185,51.64493],[-4.81238,51.64462],[-4.81288,51.64513],[-4.81317,51.64492],[-4.81563,51.64521],[-4.81648,51.64408],[-4.81622,51.64389],[-4.81726,51.64378],[-4.81668,51.64364],[-4.81695,51.6432],[-4.81995,51.64312],[-4.81989,51.64283],[-4.82012,51.64272],[-4.82063,51.64257],[-4.82285,51.64283],[-4.82294,51.64259],[-4.82503,51.64259],[-4.82612,51.64327],[-4.82462,51.64312],[-4.82644,51.64344],[-4.82601,51.64364],[-4.82644,51.64389],[-4.82596,51.64419],[-4.82624,51.64437],[-4.82537,51.64475],[-4.82583,51.64492],[-4.82502,51.64568],[-4.82537,51.64617],[-4.8276,51.64725],[-4.82977,51.64716],[-4.83047,51.64776],[-4.83189,51.64802],[-4.83273,51.64775],[-4.83326,51.64794],[-4.83324,51.64775],[-4.83485,51.6479],[-4.83499,51.64754],[-4.83532,51.64769],[-4.83542,51.64708],[-4.83612,51.64657],[-4.83613,51.64521],[-4.83838,51.64537],[-4.83848,51.64496],[-4.83854,51.64494],[-4.83942,51.64522],[-4.84023,51.64486],[-4.84119,51.64499],[-4.84136,51.64477],[-4.84137,51.64478],[-4.84137,51.6448],[-4.84137,51.6448],[-4.84138,51.64481],[-4.84134,51.64502],[-4.84358,51.64478],[-4.84471,51.64491],[-4.84492,51.64495],[-4.84505,51.64513],[-4.84515,51.64527],[-4.84528,51.64508],[-4.84623,51.64533],[-4.84654,51.64615],[-4.84746,51.64657],[-4.84756,51.64716],[-4.84836,51.64733],[-4.84991,51.64651],[-4.85106,51.64684],[-4.8522,51.64653],[-4.85306,51.6469],[-4.85604,51.64719],[-4.8572,51.64688],[-4.85765,51.64713],[-4.86079,51.64711],[-4.8636,51.64585],[-4.86712,51.64343],[-4.86751,51.64111],[-4.86752,51.64101],[-4.86352,51.64004],[-4.86286,51.63964],[-4.86291,51.63927],[-4.8619,51.63901],[-4.86177,51.63872],[-4.86327,51.6383],[-4.8631,51.63803],[-4.86555,51.63843],[-4.86612,51.63803],[-4.86873,51.63859],[-4.86894,51.63827],[-4.86897,51.63826],[-4.8703,51.63826],[-4.87005,51.63804],[-4.87048,51.63777],[-4.87171,51.63807],[-4.87323,51.63739],[-4.87524,51.63739],[-4.87553,51.63693],[-4.87617,51.63724],[-4.87711,51.63715],[-4.87835,51.63516],[-4.88011,51.63501],[-4.87977,51.63445],[-4.88076,51.63378],[-4.88022,51.63388],[-4.88036,51.63268],[-4.87965,51.63206],[-4.88104,51.63177],[-4.88106,51.63232],[-4.88125,51.632],[-4.88184,51.63225],[-4.88219,51.63189],[-4.88279,51.63231],[-4.88451,51.63218],[-4.88471,51.63151],[-4.88577,51.63127],[-4.88573,51.63098],[-4.886,51.63096],[-4.88619,51.63101],[-4.88646,51.63142],[-4.88684,51.631],[-4.88829,51.63088],[-4.88836,51.6305],[-4.88876,51.63107],[-4.89018,51.63139],[-4.89123,51.63095],[-4.89681,51.62863],[-4.89756,51.62789],[-4.897,51.62759],[-4.89839,51.62731],[-4.89888,51.62689],[-4.89828,51.6264],[-4.89837,51.62631],[-4.90007,51.62567],[-4.90038,51.62485],[-4.89965,51.62421],[-4.90083,51.62446],[-4.90106,51.6242],[-4.90047,51.62358],[-4.9005,51.62403],[-4.89937,51.62364],[-4.90004,51.62355],[-4.89876,51.62289],[-4.89873,51.62285],[-4.89872,51.62285],[-4.89872,51.62284],[-4.89854,51.62278],[-4.89847,51.62275],[-4.89817,51.62259],[-4.89844,51.6225],[-4.89854,51.62246],[-4.898,51.62179],[-4.89816,51.62168],[-4.89843,51.62164],[-4.89857,51.62141],[-4.8994,51.62086],[-4.89979,51.62118],[-4.90041,51.62104],[-4.90029,51.62028],[-4.90144,51.62008],[-4.90206,51.61942],[-4.90297,51.61954],[-4.90265,51.61935],[-4.90389,51.61926],[-4.90406,51.61706],[-4.90195,51.6167],[-4.90131,51.61646],[-4.90043,51.61606],[-4.90044,51.61606],[-4.90075,51.61604],[-4.90068,51.61597],[-4.90082,51.61515],[-4.90079,51.61509],[-4.90108,51.6143],[-4.89945,51.61358],[-4.89714,51.61313],[-4.89697,51.61296],[-4.89632,51.61212],[-4.89616,51.61178],[-4.89605,51.61117],[-4.89627,51.61035],[-4.89643,51.61013],[-4.89684,51.6106],[-4.89799,51.61025],[-4.89825,51.61031],[-4.89986,51.61126],[-4.9008,51.61148],[-4.9008,51.61116],[-4.90083,51.61115],[-4.90105,51.61131],[-4.90191,51.61044],[-4.90193,51.61045],[-4.90264,51.61253],[-4.90385,51.61241],[-4.90395,51.61216],[-4.90425,51.61274],[-4.9065,51.61168],[-4.90785,51.61206],[-4.90848,51.6129],[-4.90824,51.61194],[-4.90892,51.61156],[-4.91063,51.61082],[-4.91091,51.61091],[-4.91159,51.61063],[-4.91184,51.61101],[-4.91333,51.61134],[-4.91502,51.61113],[-4.91424,51.61003],[-4.9143,51.60997],[-4.9143,51.60996],[-4.91432,51.60994],[-4.91382,51.60939],[-4.914,51.60868],[-4.91447,51.60834],[-4.91565,51.608],[-4.91638,51.60783],[-4.9184,51.60867],[-4.91964,51.61004],[-4.923,51.61143],[-4.9209,51.61013],[-4.92246,51.608],[-4.92253,51.6068],[-4.92192,51.60652],[-4.9217,51.60568],[-4.92225,51.60522],[-4.92318,51.60524],[-4.9236,51.60488],[-4.92215,51.60436],[-4.92236,51.60431],[-4.92261,51.60431],[-4.92261,51.60429],[-4.92264,51.60429],[-4.92265,51.60425],[-4.92359,51.60406],[-4.92285,51.6034],[-4.92313,51.60291],[-4.92314,51.60291],[-4.92314,51.6029],[-4.92317,51.60285],[-4.92466,51.60221],[-4.92407,51.60164],[-4.92407,51.60164],[-4.92509,51.60181],[-4.92529,51.60099],[-4.92557,51.60065],[-4.92768,51.60047],[-4.92566,51.60021],[-4.92566,51.6002],[-4.92548,51.59956],[-4.92561,51.59931],[-4.92323,51.59762],[-4.92331,51.59745],[-4.92344,51.59742],[-4.92341,51.59726],[-4.92344,51.5972],[-4.92622,51.59615],[-4.92666,51.59649],[-4.92762,51.59769],[-4.92907,51.59797],[-4.92957,51.59826],[-4.9296,51.59835],[-4.92961,51.59835],[-4.92961,51.59838],[-4.92983,51.59841],[-4.93034,51.5987],[-4.93196,51.59876],[-4.93346,51.59843],[-4.93393,51.5989],[-4.93514,51.59878],[-4.93552,51.59903],[-4.93588,51.5985],[-4.93643,51.59845],[-4.93659,51.59781],[-4.93796,51.5978],[-4.9381,51.59723],[-4.93942,51.59721],[-4.93961,51.59754],[-4.93965,51.59765],[-4.93983,51.59764],[-4.94075,51.59764],[-4.94158,51.59821],[-4.94215,51.59928],[-4.94249,51.59903],[-4.94162,51.59792],[-4.94163,51.59778],[-4.94164,51.5977],[-4.94184,51.59734],[-4.94198,51.59729],[-4.94259,51.59724],[-4.94417,51.59791],[-4.94441,51.59834],[-4.94456,51.59749],[-4.9448,51.59711],[-4.9452,51.59698],[-4.94597,51.59716],[-4.94619,51.59755],[-4.94619,51.5976],[-4.94638,51.59761],[-4.94703,51.59764],[-4.94767,51.5985],[-4.94773,51.59821],[-4.94785,51.59737],[-4.9479,51.59713],[-4.94837,51.59704],[-4.94949,51.59818],[-4.94939,51.59854],[-4.94935,51.59859],[-4.94937,51.5986],[-4.94937,51.59861],[-4.9499,51.59918],[-4.94967,51.59989],[-4.9497,51.5999],[-4.94967,51.59996],[-4.95163,51.60051],[-4.95167,51.60047],[-4.95169,51.60047],[-4.95181,51.60033],[-4.95259,51.5998],[-4.95271,51.6001],[-4.9526,51.60032],[-4.95285,51.60043],[-4.95325,51.60138],[-4.9533,51.60139],[-4.95336,51.60151],[-4.9534,51.60149],[-4.95341,51.6015],[-4.95388,51.60143],[-4.95418,51.60145],[-4.95426,51.60152],[-4.95433,51.60146],[-4.95439,51.60146],[-4.95492,51.60199],[-4.95495,51.60204],[-4.95499,51.60196],[-4.95541,51.60115],[-4.95609,51.60136],[-4.95636,51.60179],[-4.95635,51.6019],[-4.95573,51.60279],[-4.95528,51.60268],[-4.95519,51.60288],[-4.95583,51.60373],[-4.95811,51.60407],[-4.95871,51.60424],[-4.95882,51.6045],[-4.95981,51.60426],[-4.96086,51.60443],[-4.96179,51.60481],[-4.96186,51.60487],[-4.96196,51.60488],[-4.96298,51.60531],[-4.96327,51.60513],[-4.9638,51.60524],[-4.9642,51.60542],[-4.96418,51.60591],[-4.9646,51.60564],[-4.96493,51.60559],[-4.9654,51.60586],[-4.96547,51.60552],[-4.96556,51.60551],[-4.96577,51.60526],[-4.96596,51.60507],[-4.96659,51.60526],[-4.96656,51.60571],[-4.96659,51.6057],[-4.96723,51.60584],[-4.96791,51.60558],[-4.96808,51.60568],[-4.96828,51.60581],[-4.96832,51.6058],[-4.97012,51.60577],[-4.97108,51.60592],[-4.97228,51.6058],[-4.9735,51.60601],[-4.97492,51.6075],[-4.97467,51.60811],[-4.97417,51.60819],[-4.97442,51.60869],[-4.97368,51.60906],[-4.97495,51.60927],[-4.9741,51.60937],[-4.97378,51.6098],[-4.97545,51.61034],[-4.97748,51.61015],[-4.9774,51.60929],[-4.97789,51.60935],[-4.98012,51.60967],[-4.98017,51.60966],[-4.98077,51.60974],[-4.98177,51.60942],[-4.98276,51.60957],[-4.98301,51.60923],[-4.98343,51.60992],[-4.98312,51.61013],[-4.98403,51.61107],[-4.98455,51.61118],[-4.98464,51.61123],[-4.98581,51.61145],[-4.98648,51.6116],[-4.98667,51.61173],[-4.98715,51.61229],[-4.98811,51.61262],[-4.98957,51.61282],[-4.99041,51.61213],[-4.99007,51.611],[-4.99026,51.611],[-4.99049,51.61108],[-4.99044,51.611],[-4.99059,51.61102],[-4.99053,51.61099],[-4.99063,51.61099],[-4.99043,51.61068],[-4.99045,51.61068],[-4.99099,51.61115],[-4.9911,51.61116],[-4.9911,51.61116],[-4.9921,51.61125],[-4.99225,51.61143],[-4.99238,51.6119],[-4.99184,51.61155],[-4.99148,51.61168],[-4.9921,51.61186],[-4.99188,51.61235],[-4.99295,51.61256],[-4.99346,51.61245],[-4.99357,51.61179],[-4.99396,51.61222],[-4.99384,51.61171],[-4.99444,51.6112],[-4.99488,51.6114],[-4.99497,51.61116],[-4.99524,51.61156],[-4.99607,51.61168],[-4.99692,51.61121],[-4.99694,51.61069],[-4.99832,51.61083],[-4.99853,51.61034],[-4.99866,51.61067],[-4.99872,51.61065],[-4.99872,51.61066],[-4.9989,51.61059],[-4.99912,51.61081],[-4.99974,51.61064],[-4.99997,51.61019],[-5.00068,51.61043],[-5.00069,51.61042],[-5.00073,51.61043],[-5.00109,51.61013],[-5.00113,51.61014],[-5.00186,51.61049],[-5.00191,51.61046],[-5.00196,51.61049],[-5.00381,51.60944],[-5.00434,51.6094],[-5.00633,51.60932],[-5.00574,51.60885],[-5.00608,51.60877],[-5.00786,51.60907],[-5.00781,51.60906],[-5.00788,51.60907],[-5.00733,51.60888],[-5.00659,51.60861],[-5.00759,51.60857],[-5.00918,51.60889],[-5.0095,51.60899],[-5.00956,51.60897],[-5.0127,51.60961],[-5.01531,51.61072],[-5.01604,51.61109],[-5.01607,51.61109],[-5.01616,51.61108],[-5.01644,51.6112],[-5.01737,51.61276],[-5.01965,51.61388],[-5.02075,51.61403],[-5.02061,51.61466],[-5.02242,51.61423],[-5.02589,51.61476],[-5.02661,51.61535],[-5.0267,51.61492],[-5.02728,51.61503],[-5.02738,51.61508],[-5.02773,51.6153],[-5.02777,51.61535],[-5.02844,51.61532],[-5.03016,51.61592],[-5.0296,51.61689],[-5.02964,51.61687],[-5.02964,51.61687],[-5.02961,51.61692],[-5.02967,51.61686],[-5.03026,51.61659],[-5.03035,51.61612],[-5.03104,51.61615],[-5.03174,51.61698],[-5.03183,51.61701],[-5.03283,51.61816],[-5.03395,51.61821],[-5.03542,51.6175],[-5.03668,51.61769],[-5.03858,51.6175],[-5.03959,51.61785],[-5.04018,51.61907],[-5.04103,51.61955],[-5.04376,51.61941],[-5.04453,51.61864],[-5.04605,51.61896],[-5.04755,51.61982],[-5.04789,51.62039],[-5.04919,51.61998],[-5.05056,51.62043],[-5.05043,51.62022],[-5.05095,51.62028],[-5.05033,51.62],[-5.05035,51.61978],[-5.0504,51.61975],[-5.05056,51.61991],[-5.05106,51.6196],[-5.05169,51.61998],[-5.05139,51.61957],[-5.0524,51.61966],[-5.05295,51.62004],[-5.05291,51.62074],[-5.05358,51.62095],[-5.05426,51.62055],[-5.05475,51.62062],[-5.05437,51.61988],[-5.05535,51.62021],[-5.05539,51.61997],[-5.05576,51.62021],[-5.05655,51.62011],[-5.05656,51.62038],[-5.05708,51.62013],[-5.05803,51.62064],[-5.05941,51.6206],[-5.05968,51.62163],[-5.05911,51.62225],[-5.05939,51.62238],[-5.06014,51.62177],[-5.06072,51.62242],[-5.06114,51.62223],[-5.06155,51.62281],[-5.06238,51.62292],[-5.06244,51.62293],[-5.0623,51.6238],[-5.06293,51.62441],[-5.06298,51.62448],[-5.06254,51.62516],[-5.0621,51.62524],[-5.06166,51.62529],[-5.06236,51.62561],[-5.06223,51.62611],[-5.06271,51.62564],[-5.06273,51.62565],[-5.06285,51.62613],[-5.06235,51.62842],[-5.06213,51.62921],[-5.06183,51.62957],[-5.06038,51.63027],[-5.06049,51.63044],[-5.06044,51.63046],[-5.06048,51.6305],[-5.06037,51.63082],[-5.05967,51.63119],[-5.05992,51.63154],[-5.05751,51.63266],[-5.05483,51.63293],[-5.05361,51.63278],[-5.05256,51.63325],[-5.05098,51.633],[-5.05048,51.63332],[-5.05007,51.63427],[-5.05187,51.6349],[-5.05187,51.63594],[-5.05296,51.63645],[-5.05027,51.63724],[-5.05,51.63842],[-5.05036,51.6411],[-5.0523,51.64541],[-5.05422,51.64662],[-5.05623,51.64705],[-5.05629,51.64734],[-5.05523,51.64746],[-5.05489,51.64807],[-5.05552,51.65013],[-5.05689,51.65208],[-5.05865,51.65321],[-5.05976,51.65347],[-5.05875,51.65384],[-5.05855,51.65476],[-5.06013,51.65748],[-5.06127,51.65885],[-5.06501,51.66333],[-5.06712,51.66451],[-5.06848,51.66433],[-5.07065,51.66501],[-5.07282,51.66436],[-5.0731,51.66495],[-5.07465,51.66463],[-5.07514,51.66505],[-5.07694,51.66447],[-5.07807,51.66466],[-5.07833,51.66512],[-5.07893,51.66494],[-5.08022,51.6652],[-5.08032,51.66578],[-5.0814,51.66531],[-5.08156,51.66527],[-5.08178,51.66523],[-5.08191,51.66508],[-5.08223,51.66494],[-5.08317,51.66483],[-5.08297,51.6653],[-5.08482,51.66526],[-5.08452,51.66546],[-5.08533,51.66565],[-5.08527,51.66624],[-5.08596,51.66588],[-5.086,51.66587],[-5.08714,51.6663],[-5.08902,51.66593],[-5.08976,51.66637],[-5.08947,51.66706],[-5.09106,51.66672],[-5.09126,51.66643],[-5.0915,51.66636],[-5.09237,51.66635],[-5.09314,51.66731],[-5.09401,51.66751],[-5.0948,51.66857],[-5.09614,51.66787],[-5.09893,51.66741],[-5.09885,51.66719],[-5.10081,51.66724],[-5.10217,51.66769],[-5.10289,51.66847],[-5.10377,51.66837],[-5.10345,51.66817],[-5.10428,51.66829],[-5.10436,51.66955],[-5.10506,51.66929],[-5.10554,51.6697],[-5.1072,51.66883],[-5.10778,51.66892],[-5.10762,51.66914],[-5.10861,51.66978],[-5.10782,51.67009],[-5.10912,51.67065],[-5.10927,51.67129],[-5.11114,51.67175],[-5.11124,51.67204],[-5.1121,51.67171],[-5.11342,51.67207],[-5.11365,51.67231],[-5.11312,51.67234],[-5.11359,51.67248],[-5.11281,51.6727],[-5.11308,51.67311],[-5.11257,51.6733],[-5.11256,51.67385],[-5.11303,51.67404],[-5.11329,51.67381],[-5.11354,51.67422],[-5.11433,51.674],[-5.11455,51.67362],[-5.116,51.67363],[-5.11608,51.67324],[-5.11661,51.67316],[-5.11689,51.67317],[-5.11733,51.6735],[-5.11776,51.67301],[-5.11835,51.67314],[-5.11862,51.67229],[-5.12016,51.67116],[-5.12143,51.67105],[-5.12233,51.67148],[-5.12234,51.67105],[-5.12348,51.67125],[-5.12339,51.67184],[-5.1209,51.67204],[-5.12069,51.67239],[-5.12023,51.67248],[-5.11941,51.67251],[-5.11931,51.67301],[-5.11988,51.67334],[-5.11907,51.67339],[-5.11876,51.67399],[-5.11816,51.67401],[-5.11856,51.67417],[-5.11856,51.67417],[-5.11755,51.67418],[-5.1175,51.67472],[-5.11833,51.67554],[-5.11924,51.67566],[-5.11992,51.67634],[-5.11939,51.67651],[-5.11995,51.67662],[-5.11929,51.6766],[-5.11904,51.67714],[-5.11849,51.67705],[-5.12003,51.67764],[-5.11953,51.678],[-5.12022,51.67768],[-5.12078,51.67796],[-5.12017,51.67811],[-5.1207,51.6783],[-5.12035,51.67827],[-5.12052,51.67886],[-5.12188,51.67884],[-5.1215,51.67957],[-5.12183,51.67925],[-5.12228,51.67946],[-5.12173,51.67963],[-5.12237,51.67999],[-5.12232,51.68049],[-5.12289,51.68065],[-5.12315,51.6804],[-5.12348,51.68071],[-5.12365,51.68034],[-5.12397,51.68044],[-5.12404,51.68076],[-5.12389,51.68077],[-5.12406,51.68088],[-5.12425,51.68174],[-5.12543,51.68094],[-5.12567,51.68162],[-5.12439,51.68188],[-5.12519,51.68221],[-5.12475,51.68218],[-5.12469,51.68267],[-5.12436,51.68242],[-5.1232,51.68248],[-5.12029,51.68404],[-5.11625,51.68373],[-5.1155,51.68459],[-5.11381,51.68425],[-5.11366,51.68455],[-5.11261,51.68452],[-5.11225,51.68483],[-5.11318,51.68512],[-5.11245,51.68514],[-5.11247,51.6856],[-5.11161,51.68559],[-5.11223,51.68604],[-5.10778,51.68517],[-5.10677,51.68616],[-5.10671,51.68685],[-5.10751,51.68746],[-5.1082,51.68716],[-5.10947,51.68748],[-5.10909,51.68781],[-5.10997,51.68804],[-5.10981,51.68753],[-5.1115,51.68781],[-5.11104,51.68788],[-5.1114,51.68809],[-5.11058,51.68799],[-5.11019,51.68831],[-5.11001,51.6886],[-5.11077,51.68886],[-5.11011,51.6888],[-5.11005,51.68916],[-5.11161,51.6896],[-5.11202,51.68936],[-5.11364,51.68965],[-5.11227,51.68968],[-5.1137,51.69003],[-5.11287,51.6906],[-5.11336,51.69097],[-5.11267,51.69158],[-5.11373,51.69197],[-5.11244,51.69176],[-5.11193,51.69144],[-5.10996,51.6923],[-5.10743,51.69195],[-5.10501,51.69211],[-5.10361,51.69189],[-5.10226,51.69128],[-5.10089,51.69121],[-5.10061,51.69142],[-5.09833,51.69109],[-5.09544,51.69014],[-5.09447,51.69018],[-5.09384,51.69056],[-5.09092,51.69022],[-5.08788,51.69049],[-5.08469,51.6901],[-5.084,51.69027],[-5.08395,51.69026],[-5.08223,51.68981],[-5.08025,51.68985],[-5.08013,51.68984],[-5.07788,51.68841],[-5.07527,51.68781],[-5.07594,51.68697],[-5.07927,51.68555],[-5.08042,51.68536],[-5.08197,51.68407],[-5.0819,51.68471],[-5.08274,51.68436],[-5.08483,51.68488],[-5.08672,51.68455],[-5.08664,51.68469],[-5.08751,51.6849],[-5.08814,51.6847],[-5.08742,51.68481],[-5.08689,51.68454],[-5.08667,51.6845],[-5.08665,51.68441],[-5.08592,51.68429],[-5.08322,51.6823],[-5.08144,51.6821],[-5.08037,51.68281],[-5.08084,51.68192],[-5.07847,51.67923],[-5.07593,51.67873],[-5.07364,51.67779],[-5.06793,51.6768],[-5.06538,51.67677],[-5.05964,51.67779],[-5.05849,51.67756],[-5.0569,51.67665],[-5.05357,51.67666],[-5.05285,51.67616],[-5.05105,51.67594],[-5.04939,51.67638],[-5.04682,51.67622],[-5.0455,51.6766],[-5.04359,51.67807],[-5.04227,51.68114],[-5.04383,51.68292],[-5.04463,51.6848],[-5.04688,51.68535],[-5.04963,51.68681],[-5.05114,51.68683],[-5.05669,51.68786],[-5.05509,51.68861],[-5.05419,51.68866],[-5.05357,51.6894],[-5.05173,51.69045],[-5.05109,51.69209],[-5.05118,51.69387],[-5.0475,51.69385],[-5.04475,51.69471],[-5.04251,51.6945],[-5.04202,51.69473],[-5.04083,51.69455],[-5.03847,51.69343],[-5.03745,51.69379],[-5.0372,51.69406],[-5.03706,51.69385],[-5.03786,51.69333],[-5.03633,51.69151],[-5.03644,51.691],[-5.03826,51.6914],[-5.03849,51.68945],[-5.0412,51.68921],[-5.04097,51.68709],[-5.04255,51.6859],[-5.03943,51.68278],[-5.03904,51.68261],[-5.03784,51.68296],[-5.03677,51.68292],[-5.03637,51.68239],[-5.03552,51.68229],[-5.03582,51.68121],[-5.03285,51.6813],[-5.03321,51.67963],[-5.03359,51.67967],[-5.03385,51.67883],[-5.03474,51.67881],[-5.03481,51.67728],[-5.03388,51.67711],[-5.03258,51.67741],[-5.03199,51.67399],[-5.03265,51.67195],[-5.03138,51.67118],[-5.03118,51.6705],[-5.02967,51.66965],[-5.02874,51.6682],[-5.02892,51.66756],[-5.0266,51.66554],[-5.026,51.66342],[-5.02191,51.6623],[-5.01703,51.66182],[-5.01083,51.66055],[-5.0043,51.66014],[-5.00737,51.65599],[-5.01078,51.65315],[-5.01082,51.65276],[-5.01154,51.65307],[-5.01064,51.65034],[-5.00744,51.64597],[-5.01198,51.64574],[-5.0144,51.64511],[-5.01428,51.64487],[-5.00864,51.64313],[-5.0071,51.64203],[-5.00022,51.6406],[-4.99664,51.64058],[-4.99117,51.64217],[-4.98559,51.64229],[-4.9776,51.64146],[-4.97222,51.64036],[-4.96731,51.64015],[-4.96712,51.63951],[-4.9659,51.63961],[-4.96556,51.63913],[-4.96241,51.63975],[-4.95838,51.63899],[-4.95349,51.63893],[-4.95135,51.6386],[-4.94972,51.63796],[-4.94568,51.63755],[-4.93872,51.63763],[-4.93637,51.63741],[-4.93494,51.63873],[-4.93501,51.63985],[-4.93299,51.6398],[-4.92969,51.64236],[-4.92548,51.64774],[-4.92099,51.64819],[-4.9163,51.64711],[-4.91205,51.64702],[-4.91073,51.6481],[-4.90831,51.65151],[-4.90648,51.65193],[-4.90147,51.65205],[-4.90027,51.65336],[-4.89884,51.6529],[-4.89671,51.65118],[-4.89262,51.64931],[-4.8899,51.64866],[-4.88322,51.64624],[-4.88024,51.64595],[-4.87957,51.64786],[-4.88048,51.6503],[-4.88046,51.6515],[-4.87791,51.65124],[-4.8769,51.65177],[-4.87805,51.65344],[-4.87742,51.6572],[-4.87613,51.66054],[-4.87325,51.66224],[-4.8731,51.66308],[-4.86733,51.66309],[-4.86723,51.66359],[-4.8687,51.66508],[-4.86625,51.66475],[-4.86633,51.66665],[-4.85252,51.66711],[-4.85249,51.66991],[-4.85526,51.67092],[-4.85375,51.67109],[-4.84882,51.67257],[-4.84315,51.67273],[-4.83601,51.67237],[-4.83026,51.67138],[-4.8122,51.6694],[-4.80853,51.66796],[-4.80287,51.66731],[-4.78265,51.66623],[-4.77636,51.66682],[-4.77172,51.66675],[-4.76688,51.66615],[-4.76114,51.66463],[-4.74929,51.66412],[-4.74783,51.6637],[-4.74832,51.66263],[-4.75331,51.66043],[-4.75432,51.66042],[-4.75474,51.65994],[-4.75167,51.65999],[-4.74841,51.65943],[-4.73888,51.6554],[-4.73636,51.65514],[-4.72902,51.65563],[-4.72571,51.65664],[-4.72277,51.65819],[-4.71261,51.66581],[-4.72197,51.66997],[-4.72283,51.67121],[-4.72568,51.67325],[-4.72683,51.67465],[-4.72285,51.67443],[-4.72255,51.67509],[-4.72132,51.67596],[-4.72025,51.67613],[-4.71609,51.67828],[-4.71544,51.67965],[-4.71578,51.68077],[-4.71536,51.68302],[-4.71366,51.68407],[-4.71325,51.68401],[-4.71067,51.68611],[-4.70858,51.6887],[-4.70746,51.69195],[-4.7088,51.6964],[-4.71266,51.70013],[-4.71596,51.7015],[-4.72152,51.70324],[-4.72262,51.70465],[-4.72782,51.70918],[-4.72758,51.71032],[-4.72722,51.71028],[-4.72518,51.71461],[-4.72323,51.71613],[-4.72125,51.71713],[-4.71912,51.71909],[-4.71691,51.72459],[-4.71416,51.72744],[-4.71354,51.7272],[-4.7099,51.72894],[-4.70606,51.73153],[-4.70346,51.73172],[-4.70294,51.73314],[-4.69956,51.7326],[-4.69682,51.73101],[-4.69638,51.73017],[-4.69533,51.73026],[-4.69501,51.7307],[-4.69539,51.73154],[-4.69408,51.73167],[-4.69385,51.73295],[-4.69194,51.73347],[-4.69198,51.73124],[-4.68827,51.72926],[-4.68661,51.72707],[-4.68608,51.72697],[-4.68442,51.72809],[-4.68346,51.72799],[-4.68403,51.72735],[-4.68346,51.72578],[-4.68336,51.72629],[-4.68236,51.72706],[-4.67854,51.72863],[-4.67719,51.72977],[-4.67503,51.73265],[-4.67598,51.73355],[-4.67752,51.73829],[-4.67884,51.73976],[-4.67976,51.73988],[-4.67948,51.74152],[-4.68033,51.74327],[-4.6794,51.74524],[-4.67645,51.74523],[-4.67596,51.74562],[-4.67653,51.74763],[-4.67559,51.74903],[-4.6753,51.7506],[-4.67777,51.75319],[-4.67749,51.75365],[-4.6763,51.75418],[-4.67227,51.75516],[-4.66771,51.75581],[-4.66662,51.75516],[-4.66543,51.75339]]],[[[-5.29751,51.74472],[-5.29746,51.74452],[-5.29653,51.74461],[-5.29636,51.7446],[-5.29608,51.74439],[-5.29596,51.74425],[-5.29597,51.74431],[-5.29569,51.7441],[-5.29423,51.74376],[-5.29316,51.74343],[-5.29286,51.74344],[-5.2921,51.74326],[-5.29161,51.74281],[-5.2904,51.74236],[-5.29036,51.74233],[-5.29019,51.74229],[-5.28913,51.7419],[-5.28804,51.74178],[-5.288,51.74181],[-5.28795,51.7418],[-5.28759,51.74198],[-5.2867,51.74159],[-5.28583,51.74158],[-5.28492,51.74149],[-5.28481,51.74156],[-5.28313,51.74154],[-5.28281,51.74146],[-5.28242,51.74123],[-5.28191,51.74125],[-5.28146,51.74115],[-5.28107,51.74094],[-5.28175,51.74056],[-5.28107,51.73973],[-5.2822,51.7381],[-5.28115,51.73767],[-5.28111,51.73763],[-5.28129,51.73722],[-5.28027,51.73689],[-5.27981,51.73719],[-5.27978,51.73693],[-5.27915,51.7373],[-5.27881,51.73738],[-5.2783,51.73738],[-5.27763,51.73832],[-5.27727,51.73863],[-5.27617,51.73858],[-5.27596,51.73852],[-5.27521,51.7381],[-5.27497,51.73733],[-5.27365,51.73693],[-5.27319,51.7362],[-5.27318,51.73624],[-5.27318,51.73624],[-5.27311,51.73644],[-5.27175,51.73656],[-5.27146,51.73637],[-5.27126,51.73619],[-5.27119,51.73619],[-5.27088,51.73598],[-5.27047,51.7361],[-5.27028,51.73602],[-5.27016,51.73566],[-5.27011,51.7357],[-5.27011,51.73568],[-5.27007,51.73574],[-5.26985,51.73594],[-5.26961,51.73596],[-5.26942,51.73589],[-5.26969,51.73575],[-5.26902,51.73554],[-5.26884,51.73532],[-5.26887,51.73517],[-5.26946,51.73523],[-5.26978,51.73528],[-5.26969,51.73525],[-5.26978,51.73526],[-5.26905,51.73501],[-5.26926,51.73468],[-5.27,51.73456],[-5.27015,51.73524],[-5.27018,51.73521],[-5.27019,51.73524],[-5.27021,51.73519],[-5.2707,51.7348],[-5.27068,51.73434],[-5.27069,51.73433],[-5.2708,51.73434],[-5.27093,51.73446],[-5.27106,51.73429],[-5.27186,51.73419],[-5.27291,51.73538],[-5.27304,51.73384],[-5.27339,51.73371],[-5.27335,51.73385],[-5.27354,51.73369],[-5.27416,51.73371],[-5.27414,51.73368],[-5.27416,51.73369],[-5.27406,51.7335],[-5.27453,51.73338],[-5.27537,51.73392],[-5.27558,51.73384],[-5.27627,51.73368],[-5.27629,51.73368],[-5.27629,51.73367],[-5.27636,51.73366],[-5.27631,51.73356],[-5.27657,51.73346],[-5.27716,51.73463],[-5.27721,51.73474],[-5.27722,51.73472],[-5.27723,51.73474],[-5.27725,51.73463],[-5.27749,51.73386],[-5.27751,51.73387],[-5.27834,51.73457],[-5.27885,51.73456],[-5.27889,51.73455],[-5.27879,51.73448],[-5.27791,51.73346],[-5.2778,51.73327],[-5.27794,51.73323],[-5.27831,51.73347],[-5.27835,51.73353],[-5.27836,51.7335],[-5.27837,51.73351],[-5.27837,51.73349],[-5.27839,51.73351],[-5.27846,51.73301],[-5.27869,51.73339],[-5.27917,51.73327],[-5.27913,51.73322],[-5.27921,51.73318],[-5.2789,51.73291],[-5.27866,51.73259],[-5.27882,51.73243],[-5.27886,51.73241],[-5.27892,51.73239],[-5.2789,51.73238],[-5.27919,51.73207],[-5.28028,51.73176],[-5.28005,51.73235],[-5.28049,51.7325],[-5.28047,51.73252],[-5.28057,51.73253],[-5.2815,51.73284],[-5.28137,51.73333],[-5.28182,51.7332],[-5.28183,51.73362],[-5.28178,51.73367],[-5.28124,51.73384],[-5.28127,51.73394],[-5.28118,51.73419],[-5.28108,51.73427],[-5.28084,51.73427],[-5.28083,51.7345],[-5.28053,51.73476],[-5.28074,51.73547],[-5.27992,51.7353],[-5.28015,51.73643],[-5.28142,51.73675],[-5.28318,51.73565],[-5.28317,51.73556],[-5.28333,51.73527],[-5.2836,51.73517],[-5.28362,51.73519],[-5.28369,51.73514],[-5.28395,51.73505],[-5.28392,51.73517],[-5.28405,51.73501],[-5.28593,51.73435],[-5.28572,51.7341],[-5.28771,51.73392],[-5.28777,51.73306],[-5.2888,51.73283],[-5.28891,51.73194],[-5.28776,51.73135],[-5.28776,51.73111],[-5.28792,51.73093],[-5.28776,51.73077],[-5.28776,51.73062],[-5.28813,51.73041],[-5.28823,51.7304],[-5.28822,51.73037],[-5.28973,51.72956],[-5.28978,51.72953],[-5.28994,51.72884],[-5.29057,51.72888],[-5.29066,51.72872],[-5.29304,51.72832],[-5.29343,51.7284],[-5.29378,51.72855],[-5.29384,51.72854],[-5.29386,51.72855],[-5.294,51.72853],[-5.2948,51.7287],[-5.2948,51.72872],[-5.29463,51.729],[-5.29533,51.72922],[-5.29859,51.72913],[-5.29859,51.72916],[-5.2987,51.72912],[-5.29904,51.72911],[-5.29926,51.72943],[-5.29924,51.72964],[-5.29821,51.73031],[-5.29799,51.73041],[-5.29499,51.73099],[-5.29504,51.73103],[-5.29511,51.7311],[-5.29384,51.73139],[-5.29791,51.7315],[-5.29894,51.73131],[-5.2999,51.73116],[-5.29995,51.73131],[-5.29993,51.73134],[-5.29996,51.73133],[-5.3001,51.73175],[-5.30114,51.73222],[-5.3012,51.73222],[-5.30137,51.73221],[-5.30251,51.73218],[-5.30255,51.73206],[-5.30257,51.73209],[-5.30255,51.73203],[-5.30261,51.73185],[-5.30275,51.73184],[-5.30321,51.73182],[-5.30338,51.73186],[-5.3034,51.73188],[-5.30342,51.73187],[-5.30354,51.73191],[-5.30463,51.7322],[-5.30491,51.73268],[-5.30545,51.73216],[-5.30508,51.73184],[-5.30499,51.73171],[-5.30508,51.73165],[-5.3054,51.73151],[-5.30583,51.73179],[-5.30584,51.7319],[-5.30587,51.73286],[-5.30695,51.73266],[-5.30699,51.73266],[-5.307,51.73266],[-5.30704,51.73266],[-5.30731,51.73259],[-5.30898,51.73228],[-5.3108,51.73272],[-5.31105,51.73347],[-5.31105,51.73353],[-5.31107,51.73354],[-5.31108,51.73356],[-5.31289,51.73528],[-5.31193,51.73672],[-5.31172,51.73684],[-5.31178,51.73686],[-5.31182,51.73689],[-5.31159,51.73723],[-5.31212,51.7371],[-5.31226,51.7372],[-5.31234,51.73771],[-5.31297,51.73755],[-5.31308,51.73794],[-5.31312,51.73785],[-5.31314,51.73788],[-5.31324,51.73761],[-5.31363,51.73754],[-5.31377,51.73764],[-5.31395,51.73749],[-5.31469,51.73735],[-5.314,51.73799],[-5.31392,51.73799],[-5.31329,51.73801],[-5.31329,51.73802],[-5.31325,51.73803],[-5.31327,51.73812],[-5.31252,51.73824],[-5.31322,51.73855],[-5.31273,51.73882],[-5.31246,51.73896],[-5.31248,51.73896],[-5.31242,51.739],[-5.3131,51.73921],[-5.31319,51.73974],[-5.31308,51.73978],[-5.31221,51.73966],[-5.31217,51.73965],[-5.31197,51.7399],[-5.31189,51.73999],[-5.30984,51.7407],[-5.30982,51.74071],[-5.30983,51.74071],[-5.30975,51.74073],[-5.30968,51.74073],[-5.30763,51.74042],[-5.30733,51.74031],[-5.30749,51.7404],[-5.30744,51.7404],[-5.30802,51.74072],[-5.30837,51.74094],[-5.30728,51.74142],[-5.30694,51.74192],[-5.30666,51.74209],[-5.30544,51.7424],[-5.30543,51.7424],[-5.30536,51.74242],[-5.30536,51.74245],[-5.30457,51.74307],[-5.30271,51.74372],[-5.30338,51.74369],[-5.30293,51.74393],[-5.30223,51.74414],[-5.30255,51.74414],[-5.30098,51.74499],[-5.30058,51.74516],[-5.29971,51.74496],[-5.29966,51.74496],[-5.29965,51.74491],[-5.29888,51.74487],[-5.29751,51.74472]]],[[[-5.3006,51.74516],[-5.30068,51.74515],[-5.30064,51.74517],[-5.3006,51.74516]]],[[[-4.88539,51.76072],[-4.88545,51.76044],[-4.88607,51.76053],[-4.88594,51.76077],[-4.88539,51.76072]]],[[[-4.91138,51.76259],[-4.90932,51.76169],[-4.90865,51.76175],[-4.90889,51.76145],[-4.90789,51.76048],[-4.90593,51.75987],[-4.90566,51.75911],[-4.90551,51.75891],[-4.90585,51.75842],[-4.90549,51.75848],[-4.90537,51.75884],[-4.90555,51.75905],[-4.90447,51.75842],[-4.90321,51.75665],[-4.90079,51.7544],[-4.90091,51.75276],[-4.89931,51.74806],[-4.90013,51.74666],[-4.90095,51.74617],[-4.90224,51.74601],[-4.90353,51.74625],[-4.90568,51.74807],[-4.90517,51.74746],[-4.90519,51.74734],[-4.90557,51.74792],[-4.90768,51.74789],[-4.90807,51.74877],[-4.91183,51.74815],[-4.91227,51.74974],[-4.91493,51.75248],[-4.9153,51.75247],[-4.91431,51.75396],[-4.91368,51.75945],[-4.91461,51.76105],[-4.91598,51.76192],[-4.91588,51.76193],[-4.91517,51.76239],[-4.91138,51.76259]]],[[[-4.9159,51.76204],[-4.91609,51.762],[-4.91572,51.76326],[-4.91557,51.76334],[-4.91531,51.76304],[-4.9159,51.76204]]],[[[-4.88163,51.77015],[-4.88153,51.76962],[-4.8819,51.76986],[-4.88163,51.77015]]],[[[-4.87978,51.77073],[-4.87988,51.77033],[-4.88,51.77034],[-4.88011,51.77032],[-4.88126,51.76984],[-4.88087,51.77057],[-4.87978,51.77073]]],[[[-4.94788,51.77661],[-4.94716,51.77651],[-4.9466,51.77658],[-4.9463,51.77613],[-4.94562,51.77598],[-4.94639,51.77576],[-4.94581,51.77575],[-4.94655,51.77502],[-4.94648,51.77403],[-4.94733,51.77262],[-4.94678,51.77058],[-4.9472,51.77051],[-4.94781,51.76948],[-4.94911,51.76932],[-4.94738,51.76931],[-4.94647,51.76894],[-4.94618,51.76918],[-4.94613,51.76847],[-4.94493,51.76864],[-4.94558,51.76836],[-4.94444,51.76833],[-4.94413,51.76781],[-4.94511,51.7677],[-4.94401,51.76675],[-4.94032,51.76531],[-4.93778,51.76528],[-4.93447,51.76637],[-4.93407,51.76717],[-4.93312,51.76751],[-4.93256,51.76737],[-4.9313,51.76768],[-4.92124,51.771],[-4.91935,51.77132],[-4.91554,51.77133],[-4.91467,51.7717],[-4.91411,51.77095],[-4.9104,51.76991],[-4.90788,51.76822],[-4.90403,51.767],[-4.90155,51.76541],[-4.89991,51.76243],[-4.90036,51.76205],[-4.90325,51.76125],[-4.90719,51.76105],[-4.90942,51.76329],[-4.91129,51.7641],[-4.91422,51.76403],[-4.91382,51.76369],[-4.91444,51.76343],[-4.91411,51.76305],[-4.91541,51.76342],[-4.91444,51.76391],[-4.91435,51.76473],[-4.91166,51.76841],[-4.91401,51.76937],[-4.91728,51.76998],[-4.92016,51.77],[-4.9231,51.76964],[-4.93181,51.7667],[-4.93345,51.76586],[-4.93365,51.76539],[-4.93948,51.76439],[-4.94325,51.76467],[-4.94606,51.76581],[-4.94819,51.76591],[-4.94822,51.76624],[-4.9503,51.76595],[-4.95051,51.76565],[-4.95166,51.76542],[-4.95274,51.76614],[-4.95349,51.7662],[-4.95398,51.76567],[-4.95706,51.76628],[-4.95587,51.76742],[-4.95477,51.76778],[-4.95449,51.76832],[-4.9547,51.7687],[-4.95707,51.76946],[-4.95673,51.7698],[-4.95647,51.76964],[-4.95571,51.77005],[-4.95438,51.76961],[-4.95148,51.77054],[-4.95013,51.77037],[-4.9492,51.76986],[-4.94803,51.76988],[-4.94826,51.77262],[-4.94773,51.77271],[-4.94744,51.7733],[-4.94791,51.77408],[-4.94686,51.77545],[-4.94828,51.77613],[-4.94794,51.77663],[-4.94788,51.77661]]],[[[-4.93797,51.78433],[-4.93788,51.78399],[-4.93837,51.78416],[-4.93735,51.78338],[-4.93664,51.78355],[-4.93598,51.78303],[-4.93628,51.78246],[-4.93762,51.78204],[-4.93788,51.78226],[-4.93767,51.78202],[-4.9382,51.78166],[-4.94117,51.78076],[-4.94161,51.78025],[-4.94226,51.78018],[-4.94341,51.77941],[-4.94348,51.77961],[-4.94388,51.77901],[-4.94499,51.77854],[-4.94598,51.77696],[-4.94729,51.77666],[-4.94735,51.77665],[-4.94754,51.7766],[-4.9477,51.77664],[-4.9479,51.77668],[-4.94789,51.77669],[-4.94855,51.77697],[-4.9487,51.77746],[-4.94651,51.77757],[-4.94631,51.77884],[-4.94457,51.78158],[-4.9464,51.78444],[-4.94444,51.78482],[-4.94396,51.78573],[-4.94359,51.78593],[-4.94242,51.78525],[-4.93797,51.78433]]],[[[-4.85372,51.78966],[-4.8533,51.78937],[-4.8539,51.78941],[-4.85372,51.78966]]],[[[-4.84604,51.79983],[-4.83938,51.79998],[-4.8332,51.80067],[-4.82517,51.80035],[-4.81761,51.80126],[-4.81187,51.80247],[-4.8095,51.80245],[-4.80444,51.80168],[-4.80242,51.79914],[-4.79696,51.79624],[-4.79316,51.79177],[-4.79334,51.78992],[-4.79402,51.78861],[-4.79528,51.78763],[-4.80315,51.78398],[-4.80239,51.78353],[-4.80231,51.78274],[-4.80596,51.78302],[-4.80601,51.7824],[-4.80921,51.78204],[-4.81178,51.77966],[-4.81415,51.77853],[-4.81672,51.78118],[-4.81969,51.78151],[-4.82324,51.78145],[-4.82718,51.78198],[-4.83273,51.7817],[-4.83663,51.78196],[-4.84031,51.78118],[-4.83961,51.78026],[-4.8401,51.77822],[-4.8431,51.7774],[-4.83949,51.7699],[-4.8405,51.76748],[-4.84654,51.76845],[-4.8521,51.76855],[-4.85679,51.76735],[-4.86302,51.76646],[-4.86427,51.76564],[-4.87037,51.76447],[-4.87221,51.76353],[-4.86823,51.76137],[-4.86866,51.76069],[-4.86654,51.7568],[-4.86691,51.75629],[-4.86604,51.75466],[-4.86559,51.75165],[-4.8637,51.75162],[-4.85945,51.75048],[-4.85946,51.74959],[-4.85789,51.74706],[-4.85419,51.74702],[-4.85196,51.74641],[-4.85073,51.74687],[-4.84893,51.74632],[-4.8494,51.74307],[-4.84776,51.7402],[-4.85005,51.73874],[-4.85406,51.73537],[-4.8508,51.73534],[-4.84616,51.73482],[-4.84199,51.73356],[-4.82967,51.73084],[-4.82705,51.73109],[-4.82534,51.73094],[-4.82396,51.73027],[-4.82438,51.72971],[-4.82421,51.72877],[-4.82239,51.72965],[-4.82144,51.73075],[-4.82017,51.73066],[-4.81994,51.73146],[-4.81932,51.73138],[-4.81893,51.73186],[-4.81783,51.73172],[-4.81608,51.73198],[-4.81166,51.73098],[-4.81085,51.73145],[-4.80897,51.73141],[-4.80801,51.73199],[-4.8062,51.73245],[-4.80376,51.73222],[-4.80182,51.73303],[-4.80352,51.72936],[-4.80332,51.72271],[-4.80565,51.72061],[-4.80973,51.71851],[-4.81141,51.71707],[-4.81241,51.71361],[-4.81505,51.71077],[-4.81796,51.70591],[-4.82444,51.70047],[-4.82659,51.69921],[-4.82643,51.69949],[-4.82732,51.69968],[-4.8319,51.70018],[-4.83491,51.70015],[-4.83551,51.70007],[-4.83863,51.70145],[-4.84382,51.70081],[-4.84543,51.70126],[-4.84778,51.70308],[-4.84943,51.70547],[-4.84824,51.70599],[-4.84637,51.70585],[-4.8458,51.70624],[-4.84582,51.7071],[-4.84441,51.70695],[-4.84431,51.70729],[-4.84524,51.70728],[-4.84463,51.70764],[-4.84248,51.70789],[-4.84352,51.708],[-4.84189,51.70848],[-4.84117,51.70795],[-4.841,51.70817],[-4.84189,51.70854],[-4.84357,51.70804],[-4.84353,51.70841],[-4.84192,51.70891],[-4.84325,51.70859],[-4.84269,51.70915],[-4.84341,51.70883],[-4.84371,51.70805],[-4.84475,51.70768],[-4.84509,51.70745],[-4.84563,51.70735],[-4.84513,51.70746],[-4.84538,51.70774],[-4.84576,51.70741],[-4.84697,51.70835],[-4.84743,51.70814],[-4.84624,51.70877],[-4.84571,51.70854],[-4.84584,51.70891],[-4.84524,51.70885],[-4.84506,51.70932],[-4.84763,51.70821],[-4.84713,51.70864],[-4.84737,51.70911],[-4.84837,51.7095],[-4.8493,51.70928],[-4.84991,51.70958],[-4.84998,51.71108],[-4.85049,51.71167],[-4.85168,51.7118],[-4.85206,51.71217],[-4.85358,51.71159],[-4.85228,51.71245],[-4.85111,51.7126],[-4.85153,51.7128],[-4.85225,51.71264],[-4.85328,51.7119],[-4.85343,51.71227],[-4.85297,51.71252],[-4.85446,51.71343],[-4.85501,51.71514],[-4.85611,51.71606],[-4.85792,51.71676],[-4.85874,51.7178],[-4.86057,51.71847],[-4.86112,51.71976],[-4.85904,51.72007],[-4.86066,51.71917],[-4.85976,51.71831],[-4.85944,51.71844],[-4.85996,51.71927],[-4.85892,51.71845],[-4.85984,51.71945],[-4.85922,51.71974],[-4.85849,51.71849],[-4.85879,51.71824],[-4.85803,51.71763],[-4.85775,51.71843],[-4.85743,51.71805],[-4.85712,51.71832],[-4.85792,51.71867],[-4.8576,51.71874],[-4.858,51.71898],[-4.85793,51.72035],[-4.85715,51.7204],[-4.8574,51.72013],[-4.85708,51.72004],[-4.8568,51.72022],[-4.85732,51.71866],[-4.85697,51.71917],[-4.85662,51.71878],[-4.85674,51.72026],[-4.85653,51.72002],[-4.8559,51.72025],[-4.85569,51.7176],[-4.85491,51.71718],[-4.85575,51.71678],[-4.85448,51.71705],[-4.85356,51.71652],[-4.85365,51.71689],[-4.85504,51.71754],[-4.8547,51.71773],[-4.85392,51.7176],[-4.85473,51.71833],[-4.85419,51.718],[-4.8532,51.7175],[-4.85326,51.7172],[-4.85307,51.71738],[-4.85307,51.71755],[-4.85419,51.71803],[-4.85402,51.7185],[-4.85432,51.71817],[-4.85474,51.7186],[-4.85441,51.71918],[-4.85474,51.72026],[-4.85407,51.72019],[-4.85447,51.72008],[-4.85404,51.71994],[-4.85391,51.71878],[-4.85331,51.71838],[-4.85282,51.71813],[-4.85257,51.71811],[-4.85203,51.71787],[-4.85186,51.71804],[-4.85291,51.71821],[-4.85323,51.71845],[-4.85374,51.71884],[-4.85393,51.72041],[-4.85142,51.71984],[-4.85154,51.71952],[-4.85094,51.71975],[-4.85006,51.71941],[-4.84958,51.71958],[-4.85127,51.71728],[-4.85063,51.71774],[-4.85003,51.71762],[-4.85051,51.71789],[-4.84944,51.71942],[-4.84894,51.71901],[-4.84938,51.71889],[-4.84831,51.71844],[-4.84848,51.71804],[-4.84715,51.71798],[-4.84801,51.71811],[-4.84808,51.71835],[-4.84882,51.719],[-4.84767,51.71819],[-4.84624,51.71854],[-4.84606,51.7189],[-4.84658,51.71848],[-4.84716,51.7187],[-4.84697,51.71842],[-4.84743,51.71829],[-4.84827,51.71871],[-4.84614,51.71922],[-4.84841,51.71882],[-4.84915,51.71942],[-4.84666,51.7197],[-4.84924,51.71955],[-4.84983,51.72002],[-4.84837,51.72015],[-4.85009,51.72026],[-4.84806,51.72225],[-4.84713,51.72216],[-4.84579,51.72265],[-4.84574,51.7221],[-4.84561,51.72266],[-4.84479,51.72254],[-4.84398,51.72284],[-4.84289,51.72254],[-4.84228,51.72285],[-4.84211,51.72228],[-4.8426,51.72158],[-4.84154,51.72128],[-4.84217,51.72173],[-4.84166,51.72275],[-4.84017,51.72245],[-4.83936,51.72261],[-4.83553,51.72187],[-4.83405,51.72227],[-4.83344,51.72204],[-4.8321,51.72351],[-4.83174,51.72478],[-4.82964,51.72509],[-4.82729,51.7247],[-4.82697,51.72477],[-4.82738,51.725],[-4.82651,51.72498],[-4.82641,51.72497],[-4.82636,51.72496],[-4.82505,51.72454],[-4.82494,51.7245],[-4.82534,51.7248],[-4.82522,51.72496],[-4.82488,51.72541],[-4.82457,51.72581],[-4.8255,51.72821],[-4.82342,51.72891],[-4.82563,51.72838],[-4.82557,51.7281],[-4.82541,51.72741],[-4.8252,51.72653],[-4.82555,51.7254],[-4.82665,51.72515],[-4.8269,51.72541],[-4.82982,51.72581],[-4.83259,51.72556],[-4.83367,51.72476],[-4.83384,51.72403],[-4.83454,51.72374],[-4.83603,51.72385],[-4.83644,51.72438],[-4.83798,51.72499],[-4.8393,51.72493],[-4.84034,51.72576],[-4.84088,51.72497],[-4.84419,51.72506],[-4.84566,51.72561],[-4.84671,51.72525],[-4.8474,51.72554],[-4.84746,51.72519],[-4.8509,51.72442],[-4.8518,51.72394],[-4.85378,51.72493],[-4.85545,51.72507],[-4.85543,51.72431],[-4.85447,51.72338],[-4.85617,51.72252],[-4.85929,51.72263],[-4.86147,51.7232],[-4.8637,51.72239],[-4.86509,51.72256],[-4.86733,51.72365],[-4.86965,51.72396],[-4.87019,51.72362],[-4.87011,51.7227],[-4.87245,51.72019],[-4.87481,51.71927],[-4.87766,51.71894],[-4.87854,51.71828],[-4.87956,51.71829],[-4.88132,51.71858],[-4.8813,51.71885],[-4.88244,51.71924],[-4.88415,51.71932],[-4.88327,51.72197],[-4.88394,51.72454],[-4.88403,51.72515],[-4.88413,51.72523],[-4.88449,51.7266],[-4.88423,51.72924],[-4.88315,51.73206],[-4.88085,51.73252],[-4.87452,51.73182],[-4.87124,51.73227],[-4.87076,51.7319],[-4.87089,51.7323],[-4.87036,51.73276],[-4.86871,51.73323],[-4.87151,51.73309],[-4.87204,51.73348],[-4.87173,51.7341],[-4.87274,51.73349],[-4.87254,51.73421],[-4.87324,51.73459],[-4.87342,51.7343],[-4.87278,51.7339],[-4.87305,51.73363],[-4.87559,51.73402],[-4.87598,51.73363],[-4.87597,51.73426],[-4.87548,51.73452],[-4.87618,51.73441],[-4.87603,51.73491],[-4.87667,51.73434],[-4.87734,51.73428],[-4.87778,51.73522],[-4.87746,51.73535],[-4.87793,51.73545],[-4.87716,51.73598],[-4.87793,51.7357],[-4.87837,51.73605],[-4.87752,51.73641],[-4.8783,51.73625],[-4.87853,51.73747],[-4.87891,51.73729],[-4.87846,51.73624],[-4.88027,51.73669],[-4.87875,51.73628],[-4.87864,51.73598],[-4.88153,51.73504],[-4.88364,51.73558],[-4.88493,51.73653],[-4.88746,51.73757],[-4.88798,51.73819],[-4.89051,51.73855],[-4.89097,51.73887],[-4.8925,51.73882],[-4.89603,51.73985],[-4.89698,51.74067],[-4.89583,51.74285],[-4.89469,51.74256],[-4.89553,51.74336],[-4.89511,51.74353],[-4.89339,51.74318],[-4.8949,51.74358],[-4.89385,51.74474],[-4.89369,51.74727],[-4.89257,51.74985],[-4.89287,51.75131],[-4.89384,51.75221],[-4.89406,51.75422],[-4.89187,51.75681],[-4.89,51.75793],[-4.8894,51.75973],[-4.88956,51.76017],[-4.89019,51.76032],[-4.88663,51.76052],[-4.88604,51.76096],[-4.88633,51.76057],[-4.88608,51.76035],[-4.88554,51.76036],[-4.88497,51.75986],[-4.88469,51.76013],[-4.88466,51.75978],[-4.88316,51.75998],[-4.88293,51.76029],[-4.88041,51.76023],[-4.8825,51.76045],[-4.88179,51.76052],[-4.8822,51.76082],[-4.88431,51.76114],[-4.88509,51.76089],[-4.88601,51.761],[-4.88643,51.762],[-4.88966,51.76349],[-4.88869,51.76509],[-4.88824,51.76705],[-4.88686,51.76763],[-4.88518,51.76897],[-4.88321,51.76958],[-4.88315,51.77005],[-4.88201,51.77012],[-4.88194,51.76949],[-4.88263,51.7698],[-4.88217,51.76947],[-4.88194,51.76947],[-4.88058,51.76957],[-4.88088,51.76975],[-4.88003,51.77032],[-4.87971,51.77002],[-4.87961,51.77075],[-4.87903,51.77046],[-4.87925,51.77086],[-4.87879,51.77084],[-4.87877,51.77031],[-4.87827,51.77026],[-4.87868,51.77073],[-4.87831,51.77091],[-4.87771,51.77032],[-4.87749,51.77062],[-4.87804,51.771],[-4.87714,51.77104],[-4.87695,51.77063],[-4.87654,51.77089],[-4.87702,51.77106],[-4.87327,51.77221],[-4.87245,51.77163],[-4.87311,51.77144],[-4.87223,51.77126],[-4.8723,51.77155],[-4.87193,51.77089],[-4.87132,51.77098],[-4.8716,51.77063],[-4.87118,51.76923],[-4.87069,51.77099],[-4.87234,51.77197],[-4.87227,51.77265],[-4.86759,51.77573],[-4.86643,51.77846],[-4.86565,51.77835],[-4.86514,51.77786],[-4.86535,51.77819],[-4.86564,51.77842],[-4.86631,51.77887],[-4.86529,51.7799],[-4.86488,51.7827],[-4.86432,51.78307],[-4.86426,51.78373],[-4.86285,51.78405],[-4.86159,51.7837],[-4.86098,51.78321],[-4.86127,51.78293],[-4.86042,51.7832],[-4.85942,51.78195],[-4.85971,51.78341],[-4.86109,51.78463],[-4.85541,51.78673],[-4.85495,51.78663],[-4.85442,51.78708],[-4.85138,51.78771],[-4.84963,51.78773],[-4.84815,51.78732],[-4.84824,51.78776],[-4.8465,51.78826],[-4.84606,51.7888],[-4.84554,51.78838],[-4.84461,51.78832],[-4.84411,51.78864],[-4.84192,51.78862],[-4.84032,51.78899],[-4.83922,51.78956],[-4.83567,51.78962],[-4.83157,51.78916],[-4.82746,51.78973],[-4.82354,51.79112],[-4.82291,51.79198],[-4.82027,51.79337],[-4.81759,51.7955],[-4.81646,51.79562],[-4.81508,51.79528],[-4.81425,51.79556],[-4.81382,51.79516],[-4.81423,51.79564],[-4.81344,51.79565],[-4.81405,51.79577],[-4.81285,51.79642],[-4.81181,51.79663],[-4.81077,51.79642],[-4.80922,51.79704],[-4.8107,51.79661],[-4.81166,51.7968],[-4.81299,51.79653],[-4.81515,51.79551],[-4.81756,51.79575],[-4.82336,51.79259],[-4.82546,51.79087],[-4.82894,51.79017],[-4.83111,51.79007],[-4.82852,51.7904],[-4.83027,51.79031],[-4.82944,51.79107],[-4.83045,51.79036],[-4.83159,51.79024],[-4.83136,51.7901],[-4.83343,51.79085],[-4.83474,51.79087],[-4.83517,51.79128],[-4.83584,51.79105],[-4.83615,51.7913],[-4.8372,51.79132],[-4.84208,51.79089],[-4.84238,51.79055],[-4.84661,51.79083],[-4.84973,51.79055],[-4.84996,51.7902],[-4.85069,51.79052],[-4.852,51.78973],[-4.85266,51.78995],[-4.8522,51.79035],[-4.85314,51.78963],[-4.85258,51.79055],[-4.85354,51.79075],[-4.85345,51.79046],[-4.85412,51.79043],[-4.85515,51.79114],[-4.85431,51.79016],[-4.85435,51.78915],[-4.85757,51.78892],[-4.85898,51.78765],[-4.85975,51.78768],[-4.86011,51.78716],[-4.85978,51.78688],[-4.86034,51.78656],[-4.86081,51.78668],[-4.86051,51.78763],[-4.8598,51.78774],[-4.86003,51.78803],[-4.86219,51.78784],[-4.86176,51.78737],[-4.86201,51.78594],[-4.86226,51.78616],[-4.86223,51.78589],[-4.86568,51.78481],[-4.86807,51.78241],[-4.86887,51.77957],[-4.87039,51.77897],[-4.87074,51.77808],[-4.87278,51.77717],[-4.87404,51.77599],[-4.87566,51.77543],[-4.87574,51.77519],[-4.87463,51.77519],[-4.87761,51.77439],[-4.87994,51.77492],[-4.8819,51.77496],[-4.8834,51.77549],[-4.88379,51.77532],[-4.88322,51.77428],[-4.88548,51.77246],[-4.88825,51.77293],[-4.8891,51.77167],[-4.89142,51.77092],[-4.89088,51.77041],[-4.89253,51.77026],[-4.89501,51.76842],[-4.89594,51.76819],[-4.89718,51.76848],[-4.90016,51.77072],[-4.90145,51.7717],[-4.90563,51.77307],[-4.90621,51.77535],[-4.90571,51.7755],[-4.90686,51.77552],[-4.90797,51.77607],[-4.90776,51.77986],[-4.90875,51.78298],[-4.90758,51.78416],[-4.90774,51.78541],[-4.90734,51.78541],[-4.90805,51.78656],[-4.90787,51.78726],[-4.90978,51.78777],[-4.9092,51.78813],[-4.90932,51.78842],[-4.90984,51.78775],[-4.90819,51.78712],[-4.90866,51.78584],[-4.9084,51.78467],[-4.91026,51.78381],[-4.90877,51.78044],[-4.9096,51.77964],[-4.90916,51.7782],[-4.9102,51.77702],[-4.90984,51.77584],[-4.90864,51.77485],[-4.90845,51.77339],[-4.91062,51.77302],[-4.91265,51.77319],[-4.91572,51.77405],[-4.92265,51.77485],[-4.92348,51.77436],[-4.92813,51.77339],[-4.92884,51.77258],[-4.93186,51.77136],[-4.9322,51.77145],[-4.93717,51.76747],[-4.93948,51.76699],[-4.94132,51.76748],[-4.94126,51.76802],[-4.94126,51.76809],[-4.94208,51.76859],[-4.94128,51.76806],[-4.94148,51.76757],[-4.94181,51.76776],[-4.94348,51.77035],[-4.94322,51.77051],[-4.94373,51.77126],[-4.94333,51.77522],[-4.94272,51.7772],[-4.94212,51.77698],[-4.94265,51.77726],[-4.94232,51.77755],[-4.93579,51.7804],[-4.93433,51.78158],[-4.93392,51.78319],[-4.93448,51.78417],[-4.93695,51.78556],[-4.9354,51.78523],[-4.93671,51.78582],[-4.93677,51.78626],[-4.93746,51.78582],[-4.9383,51.78593],[-4.93867,51.78626],[-4.93825,51.7865],[-4.93876,51.78649],[-4.93812,51.78691],[-4.93817,51.78729],[-4.93923,51.78656],[-4.94011,51.78673],[-4.93952,51.78607],[-4.94113,51.78623],[-4.94201,51.7872],[-4.94133,51.78742],[-4.94147,51.78789],[-4.94108,51.78839],[-4.94111,51.78841],[-4.94101,51.7884],[-4.93921,51.78967],[-4.93493,51.79036],[-4.92821,51.79349],[-4.92628,51.79409],[-4.92281,51.79467],[-4.91714,51.79461],[-4.9167,51.79509],[-4.91279,51.79456],[-4.91095,51.79625],[-4.90681,51.79574],[-4.90467,51.79614],[-4.90094,51.79623],[-4.89804,51.79552],[-4.89437,51.79509],[-4.89098,51.79387],[-4.88738,51.79428],[-4.88267,51.79383],[-4.87864,51.79386],[-4.87605,51.79563],[-4.87445,51.7974],[-4.87181,51.80424],[-4.86887,51.80455],[-4.8658,51.8043],[-4.85361,51.80219],[-4.84746,51.80004],[-4.84604,51.79983]]],[[[-5.3305,51.84844],[-5.33073,51.84836],[-5.33086,51.84892],[-5.32967,51.84906],[-5.32965,51.84881],[-5.3305,51.84844]]],[[[-5.3369,51.85116],[-5.3367,51.85113],[-5.3349,51.8512],[-5.3356,51.84961],[-5.33743,51.8484],[-5.33867,51.84831],[-5.33878,51.84817],[-5.34003,51.84676],[-5.34025,51.84675],[-5.34187,51.84708],[-5.34185,51.84713],[-5.34081,51.84814],[-5.33994,51.84851],[-5.33988,51.84854],[-5.33993,51.84864],[-5.33982,51.8488],[-5.33944,51.84879],[-5.33821,51.84938],[-5.33873,51.85086],[-5.338,51.85074],[-5.33799,51.85073],[-5.33671,51.85051],[-5.33673,51.85053],[-5.33664,51.85051],[-5.33703,51.85115],[-5.3369,51.85116]]],[[[-5.33212,51.85305],[-5.33207,51.85222],[-5.33233,51.8522],[-5.33272,51.85224],[-5.33277,51.85216],[-5.33283,51.85215],[-5.33298,51.85192],[-5.33325,51.85184],[-5.33372,51.85193],[-5.33376,51.85207],[-5.33408,51.85201],[-5.33425,51.85204],[-5.33423,51.85215],[-5.33381,51.85333],[-5.33279,51.85371],[-5.33274,51.85361],[-5.33228,51.85362],[-5.33236,51.85308],[-5.33212,51.85305]]],[[[-5.33508,51.8533],[-5.33519,51.8532],[-5.33581,51.85329],[-5.33649,51.8534],[-5.33614,51.85404],[-5.33565,51.85396],[-5.33498,51.8538],[-5.33508,51.8533]]],[[[-5.33707,51.87772],[-5.33506,51.87742],[-5.33505,51.87742],[-5.33491,51.87667],[-5.33484,51.87675],[-5.33401,51.87738],[-5.33234,51.87771],[-5.33221,51.87837],[-5.33116,51.87904],[-5.33114,51.87903],[-5.33038,51.87841],[-5.33042,51.87802],[-5.33048,51.87751],[-5.33007,51.87784],[-5.32981,51.8777],[-5.33029,51.87652],[-5.33246,51.87443],[-5.33314,51.87429],[-5.33315,51.87401],[-5.33332,51.87211],[-5.33327,51.87214],[-5.33327,51.872],[-5.33299,51.87169],[-5.33297,51.87156],[-5.33306,51.87147],[-5.33326,51.87147],[-5.33418,51.87071],[-5.33431,51.87051],[-5.3347,51.87055],[-5.33505,51.87027],[-5.33432,51.86964],[-5.3343,51.86959],[-5.33474,51.86984],[-5.33465,51.86948],[-5.33531,51.86935],[-5.33409,51.86923],[-5.33402,51.86922],[-5.33386,51.86908],[-5.33336,51.8685],[-5.33339,51.86845],[-5.33419,51.86836],[-5.33422,51.86808],[-5.33423,51.86807],[-5.33493,51.86834],[-5.33486,51.86786],[-5.33428,51.86764],[-5.33433,51.86731],[-5.33477,51.86627],[-5.33412,51.86632],[-5.33414,51.86588],[-5.33361,51.86612],[-5.33357,51.8661],[-5.33343,51.86564],[-5.33246,51.86519],[-5.33267,51.86485],[-5.33194,51.86504],[-5.33147,51.86459],[-5.33152,51.86436],[-5.33157,51.86422],[-5.33187,51.86484],[-5.33185,51.86466],[-5.33196,51.86492],[-5.33192,51.86466],[-5.33203,51.86479],[-5.33188,51.86434],[-5.33184,51.86412],[-5.33286,51.86469],[-5.33341,51.86428],[-5.33264,51.86363],[-5.33257,51.86333],[-5.33289,51.86296],[-5.33295,51.86293],[-5.33294,51.8629],[-5.33272,51.86268],[-5.33232,51.86224],[-5.33231,51.8622],[-5.33326,51.86045],[-5.33327,51.86044],[-5.33327,51.86043],[-5.33335,51.86027],[-5.33279,51.85965],[-5.33287,51.85901],[-5.33333,51.85873],[-5.33375,51.85878],[-5.33382,51.85831],[-5.33382,51.8583],[-5.33443,51.85843],[-5.33444,51.85838],[-5.33483,51.85843],[-5.33495,51.85794],[-5.33481,51.85771],[-5.33441,51.85772],[-5.33441,51.85771],[-5.334,51.85762],[-5.33397,51.85758],[-5.33361,51.85654],[-5.33183,51.85652],[-5.33195,51.85636],[-5.33231,51.856],[-5.33263,51.85614],[-5.33313,51.85551],[-5.33327,51.85521],[-5.33287,51.85485],[-5.33289,51.85455],[-5.33295,51.85452],[-5.33293,51.85426],[-5.33336,51.85375],[-5.33413,51.85409],[-5.33496,51.85396],[-5.33559,51.85473],[-5.33633,51.85459],[-5.33688,51.85468],[-5.33697,51.85479],[-5.33755,51.85479],[-5.33769,51.85482],[-5.33869,51.85595],[-5.33898,51.85515],[-5.33886,51.85503],[-5.33867,51.85476],[-5.3391,51.8543],[-5.33923,51.85421],[-5.33986,51.85439],[-5.34058,51.85473],[-5.34028,51.85395],[-5.34117,51.85385],[-5.34108,51.85429],[-5.34122,51.85423],[-5.34117,51.85455],[-5.34181,51.85397],[-5.34226,51.85377],[-5.34228,51.85377],[-5.34135,51.85457],[-5.34132,51.8547],[-5.34091,51.85508],[-5.34112,51.85623],[-5.3417,51.85647],[-5.34154,51.85669],[-5.34127,51.85685],[-5.34224,51.85718],[-5.34193,51.85759],[-5.34256,51.85778],[-5.34264,51.85785],[-5.34212,51.85843],[-5.34217,51.85846],[-5.34242,51.85861],[-5.34258,51.85854],[-5.34281,51.85859],[-5.34281,51.8586],[-5.34282,51.85859],[-5.34284,51.8586],[-5.34285,51.85857],[-5.34322,51.85832],[-5.34343,51.85862],[-5.34392,51.85808],[-5.34499,51.85815],[-5.34517,51.85759],[-5.347,51.8572],[-5.34774,51.85718],[-5.34852,51.85797],[-5.34886,51.85781],[-5.34883,51.85788],[-5.34912,51.85785],[-5.34914,51.85823],[-5.34993,51.85798],[-5.34982,51.85878],[-5.34846,51.85965],[-5.34874,51.85959],[-5.34862,51.85966],[-5.34918,51.85964],[-5.34952,51.86014],[-5.35145,51.85986],[-5.35036,51.86061],[-5.35016,51.86122],[-5.35024,51.86122],[-5.35014,51.86142],[-5.35087,51.86147],[-5.35069,51.86177],[-5.35114,51.86167],[-5.35094,51.86269],[-5.35122,51.86275],[-5.35118,51.86324],[-5.35091,51.86358],[-5.35141,51.86327],[-5.35178,51.86316],[-5.35224,51.86317],[-5.3532,51.86336],[-5.35293,51.8637],[-5.35311,51.86372],[-5.35307,51.86382],[-5.35319,51.86383],[-5.35119,51.86451],[-5.35027,51.86485],[-5.35204,51.86483],[-5.35221,51.865],[-5.35251,51.86483],[-5.35272,51.86483],[-5.35324,51.86517],[-5.35327,51.8652],[-5.35288,51.86601],[-5.3523,51.86602],[-5.35243,51.8662],[-5.35224,51.86652],[-5.35207,51.86657],[-5.35181,51.86645],[-5.35195,51.8666],[-5.35083,51.8669],[-5.34975,51.86668],[-5.34895,51.86746],[-5.34758,51.86703],[-5.34696,51.86679],[-5.34667,51.86657],[-5.34556,51.86646],[-5.34416,51.8677],[-5.34276,51.8678],[-5.34201,51.86914],[-5.34182,51.86977],[-5.34235,51.87067],[-5.34399,51.87062],[-5.34402,51.87065],[-5.3454,51.87092],[-5.3462,51.87133],[-5.34665,51.87182],[-5.34685,51.87247],[-5.34685,51.87278],[-5.34609,51.87383],[-5.34609,51.87389],[-5.34594,51.87408],[-5.34602,51.87485],[-5.34606,51.87444],[-5.34605,51.87464],[-5.34625,51.87415],[-5.34652,51.87409],[-5.34709,51.87404],[-5.34704,51.87437],[-5.3468,51.87498],[-5.34694,51.87508],[-5.34691,51.8753],[-5.34712,51.8752],[-5.34721,51.87527],[-5.34727,51.87531],[-5.3482,51.87495],[-5.3482,51.87505],[-5.34792,51.87546],[-5.34822,51.87551],[-5.34825,51.87609],[-5.34801,51.8761],[-5.34538,51.87624],[-5.34497,51.87665],[-5.34517,51.87607],[-5.34506,51.87617],[-5.34508,51.87607],[-5.34386,51.87702],[-5.34325,51.87692],[-5.34146,51.87742],[-5.34079,51.87745],[-5.34029,51.87744],[-5.34025,51.87747],[-5.33916,51.87743],[-5.34018,51.8782],[-5.34003,51.87828],[-5.33915,51.8785],[-5.33932,51.87851],[-5.3393,51.87852],[-5.3396,51.87853],[-5.33852,51.87913],[-5.33798,51.87904],[-5.33777,51.87857],[-5.33785,51.8783],[-5.33756,51.87824],[-5.3368,51.878],[-5.3368,51.87794],[-5.33707,51.87772]]],[[[-5.06343,52.03202],[-5.06237,52.03149],[-5.06194,52.03183],[-5.06158,52.03161],[-5.06128,52.03126],[-5.06093,52.03123],[-5.06076,52.03113],[-5.06071,52.03094],[-5.06045,52.02956],[-5.06027,52.02975],[-5.06006,52.02976],[-5.05913,52.02953],[-5.05822,52.02976],[-5.0585,52.02997],[-5.0585,52.02998],[-5.05812,52.02989],[-5.05802,52.02985],[-5.05803,52.02987],[-5.05787,52.02983],[-5.05806,52.03035],[-5.05806,52.03035],[-5.05711,52.02972],[-5.05723,52.02966],[-5.05686,52.02953],[-5.05677,52.0295],[-5.05649,52.02931],[-5.05706,52.02942],[-5.05702,52.02917],[-5.05825,52.02885],[-5.0588,52.02805],[-5.05698,52.02765],[-5.05694,52.02764],[-5.05635,52.02773],[-5.05636,52.02754],[-5.0558,52.02781],[-5.05572,52.02775],[-5.05564,52.02784],[-5.05455,52.02801],[-5.05395,52.02801],[-5.05394,52.02791],[-5.05422,52.02721],[-5.05481,52.02665],[-5.05385,52.02542],[-5.05155,52.02634],[-5.05183,52.02747],[-5.05141,52.02748],[-5.05136,52.02746],[-5.05139,52.02719],[-5.05051,52.02749],[-5.05046,52.02774],[-5.0503,52.02804],[-5.05015,52.02807],[-5.04979,52.02796],[-5.04962,52.02771],[-5.04875,52.02813],[-5.04866,52.02766],[-5.04807,52.02782],[-5.04803,52.02782],[-5.04782,52.02701],[-5.04738,52.02725],[-5.04696,52.02697],[-5.0464,52.02711],[-5.04598,52.02644],[-5.04547,52.02627],[-5.04562,52.02655],[-5.04516,52.02652],[-5.04436,52.0259],[-5.04438,52.02677],[-5.04413,52.02696],[-5.04396,52.02668],[-5.04395,52.02704],[-5.04386,52.02708],[-5.04298,52.02711],[-5.04292,52.02727],[-5.04285,52.02726],[-5.04233,52.02657],[-5.04106,52.02705],[-5.04093,52.02719],[-5.04088,52.02726],[-5.04088,52.02727],[-5.04084,52.0272],[-5.04071,52.02747],[-5.04053,52.02769],[-5.04006,52.02727],[-5.03924,52.0278],[-5.03909,52.02781],[-5.03787,52.02726],[-5.03791,52.02698],[-5.03754,52.02728],[-5.03717,52.02722],[-5.03701,52.02714],[-5.03714,52.02653],[-5.03713,52.02653],[-5.03714,52.02638],[-5.03619,52.02648],[-5.03617,52.02615],[-5.03576,52.02612],[-5.03606,52.02556],[-5.03549,52.02577],[-5.0352,52.02545],[-5.03439,52.02548],[-5.03449,52.02571],[-5.03436,52.02596],[-5.03418,52.02592],[-5.03409,52.02644],[-5.03378,52.02659],[-5.03259,52.02673],[-5.03256,52.02601],[-5.03256,52.02599],[-5.03256,52.02599],[-5.03223,52.02638],[-5.03218,52.02615],[-5.03221,52.02587],[-5.03201,52.02614],[-5.03121,52.02607],[-5.03119,52.02607],[-5.03119,52.02607],[-5.03118,52.02607],[-5.03116,52.02612],[-5.03101,52.02632],[-5.03088,52.02643],[-5.03061,52.02611],[-5.03093,52.02579],[-5.03034,52.02553],[-5.02937,52.02583],[-5.02911,52.02564],[-5.0289,52.02545],[-5.02887,52.02547],[-5.02886,52.02546],[-5.02844,52.02558],[-5.02843,52.02529],[-5.02821,52.02546],[-5.0285,52.02497],[-5.02816,52.02479],[-5.02818,52.02466],[-5.02854,52.02431],[-5.02821,52.02443],[-5.02821,52.02443],[-5.02815,52.02445],[-5.02663,52.025],[-5.02637,52.02488],[-5.02495,52.02402],[-5.02458,52.02474],[-5.02437,52.0247],[-5.02456,52.02478],[-5.02439,52.02511],[-5.0231,52.02504],[-5.02243,52.02361],[-5.02282,52.02358],[-5.02243,52.02342],[-5.02306,52.02219],[-5.02297,52.02225],[-5.02299,52.02221],[-5.02286,52.02231],[-5.02259,52.02246],[-5.02237,52.02176],[-5.02207,52.02199],[-5.02159,52.02134],[-5.0218,52.02065],[-5.02073,52.02035],[-5.0201,52.02071],[-5.01927,52.02032],[-5.01919,52.02081],[-5.01965,52.02107],[-5.01899,52.02118],[-5.01901,52.0215],[-5.01808,52.02149],[-5.0185,52.02203],[-5.01848,52.0222],[-5.0183,52.02216],[-5.01834,52.02266],[-5.01773,52.02246],[-5.01707,52.02265],[-5.01757,52.02318],[-5.017,52.02313],[-5.01704,52.02316],[-5.017,52.02316],[-5.0173,52.02341],[-5.01714,52.02347],[-5.01684,52.02351],[-5.01688,52.02355],[-5.01694,52.02415],[-5.01613,52.02287],[-5.01468,52.02302],[-5.01474,52.02404],[-5.01449,52.02378],[-5.01413,52.02384],[-5.01387,52.02375],[-5.01383,52.02333],[-5.01347,52.02352],[-5.01319,52.0233],[-5.01284,52.02365],[-5.0129,52.02324],[-5.01221,52.02285],[-5.0105,52.02246],[-5.01012,52.02309],[-5.0099,52.02318],[-5.00997,52.02333],[-5.00994,52.02337],[-5.00919,52.02334],[-5.0092,52.02339],[-5.00915,52.02339],[-5.00923,52.02362],[-5.00871,52.02334],[-5.00804,52.02354],[-5.00809,52.02368],[-5.00798,52.02387],[-5.00784,52.0238],[-5.00772,52.02417],[-5.00685,52.02382],[-5.00693,52.02389],[-5.00691,52.02389],[-5.00698,52.02418],[-5.00683,52.02426],[-5.00589,52.02367],[-5.00599,52.02434],[-5.00555,52.0241],[-5.00536,52.02421],[-5.00469,52.02401],[-5.00464,52.02397],[-5.00463,52.02398],[-5.0045,52.02389],[-5.00442,52.02441],[-5.00403,52.0243],[-5.00341,52.0241],[-5.00342,52.02412],[-5.00308,52.02402],[-5.0043,52.026],[-5.00328,52.02515],[-5.0026,52.02512],[-5.00261,52.02457],[-5.00197,52.0244],[-5.00205,52.02429],[-5.002,52.02429],[-5.002,52.02428],[-5.00141,52.02424],[-5.0008,52.02408],[-5.00076,52.02362],[-4.99865,52.02364],[-4.99825,52.02404],[-4.99823,52.02523],[-4.99736,52.02519],[-4.99722,52.02517],[-4.99717,52.02513],[-4.99713,52.0249],[-4.99525,52.02439],[-4.99524,52.02437],[-4.99537,52.02386],[-4.99641,52.02369],[-4.99561,52.02362],[-4.99533,52.02357],[-4.99502,52.02294],[-4.99495,52.02297],[-4.99462,52.02312],[-4.99389,52.02257],[-4.99377,52.02248],[-4.99394,52.02303],[-4.99329,52.0233],[-4.99313,52.02323],[-4.99302,52.02316],[-4.99302,52.0232],[-4.99278,52.02358],[-4.99201,52.02383],[-4.9921,52.0243],[-4.99064,52.02399],[-4.99129,52.02445],[-4.99167,52.02477],[-4.99089,52.02465],[-4.99075,52.02462],[-4.9907,52.02462],[-4.99099,52.02499],[-4.99117,52.02525],[-4.99159,52.02587],[-4.99002,52.02468],[-4.98889,52.02428],[-4.98868,52.02446],[-4.9886,52.02429],[-4.98853,52.02403],[-4.98846,52.02399],[-4.9884,52.02386],[-4.98736,52.02338],[-4.9866,52.02297],[-4.98655,52.02283],[-4.98734,52.02275],[-4.98703,52.02216],[-4.9871,52.0222],[-4.98719,52.02226],[-4.98717,52.02224],[-4.9872,52.02225],[-4.98662,52.02138],[-4.98654,52.02122],[-4.98671,52.02112],[-4.98699,52.02105],[-4.98675,52.02052],[-4.98672,52.02045],[-4.98768,52.01997],[-4.98765,52.01964],[-4.98778,52.01954],[-4.98763,52.01946],[-4.98758,52.01889],[-4.9877,52.01876],[-4.9877,52.01875],[-4.98771,52.01875],[-4.98754,52.01853],[-4.98752,52.01832],[-4.98853,52.01759],[-4.98811,52.01707],[-4.99103,52.01682],[-4.99219,52.01734],[-4.99399,52.01703],[-4.99698,52.01784],[-4.99708,52.017],[-4.99956,52.01437],[-5.00555,52.01402],[-5.00568,52.0122],[-5.00463,52.01125],[-5.0049,52.00794],[-5.00613,52.0084],[-5.00685,52.00766],[-5.00798,52.00731],[-5.016,52.00858],[-5.02131,52.00824],[-5.02658,52.00753],[-5.03312,52.00773],[-5.03518,52.00815],[-5.04188,52.00725],[-5.04969,52.00443],[-5.05205,52.00413],[-5.05249,52.00373],[-5.0546,52.0033],[-5.05652,52.00152],[-5.05794,52.0007],[-5.05757,51.99892],[-5.06003,51.99568],[-5.05953,51.99478],[-5.05976,51.99446],[-5.06236,51.99273],[-5.06293,51.99291],[-5.06312,51.99269],[-5.06334,51.99145],[-5.06408,51.99067],[-5.06396,51.98963],[-5.06467,51.9889],[-5.06408,51.98755],[-5.06437,51.987],[-5.06554,51.98646],[-5.06518,51.98631],[-5.06611,51.98513],[-5.06616,51.98388],[-5.06704,51.98305],[-5.06647,51.98013],[-5.06789,51.97917],[-5.06838,51.97746],[-5.06759,51.97564],[-5.0661,51.97454],[-5.06645,51.97325],[-5.06753,51.97253],[-5.06534,51.9708],[-5.06681,51.96971],[-5.07187,51.9681],[-5.07537,51.96572],[-5.07655,51.96118],[-5.07599,51.9601],[-5.07507,51.95966],[-5.07599,51.9598],[-5.08042,51.96169],[-5.08346,51.95952],[-5.08657,51.95813],[-5.08742,51.95706],[-5.09135,51.95432],[-5.09271,51.95283],[-5.09689,51.95144],[-5.10092,51.94912],[-5.10535,51.94768],[-5.10992,51.94498],[-5.1107,51.94484],[-5.11148,51.94514],[-5.11165,51.94448],[-5.11703,51.94295],[-5.12188,51.939],[-5.12167,51.93876],[-5.12802,51.93827],[-5.13296,51.93737],[-5.13351,51.93845],[-5.13584,51.93825],[-5.13825,51.93848],[-5.14375,51.93795],[-5.14666,51.93826],[-5.14973,51.93934],[-5.15176,51.9396],[-5.15429,51.93941],[-5.15699,51.93976],[-5.16108,51.9398],[-5.1669,51.939],[-5.17017,51.93937],[-5.17228,51.93895],[-5.17424,51.93815],[-5.17691,51.93532],[-5.18075,51.93338],[-5.18272,51.93287],[-5.18584,51.9315],[-5.19382,51.92972],[-5.2007,51.92623],[-5.20615,51.92482],[-5.21133,51.92271],[-5.20643,51.91907],[-5.20733,51.91807],[-5.20638,51.91615],[-5.20667,51.91472],[-5.20496,51.91173],[-5.20456,51.90866],[-5.20375,51.90716],[-5.2004,51.90703],[-5.20017,51.90648],[-5.19887,51.90571],[-5.19801,51.90598],[-5.19519,51.90452],[-5.19005,51.89999],[-5.18728,51.89817],[-5.18555,51.89752],[-5.18424,51.89254],[-5.18229,51.89086],[-5.1783,51.88909],[-5.17629,51.88747],[-5.17702,51.88695],[-5.17733,51.88488],[-5.17473,51.88391],[-5.17362,51.88168],[-5.17363,51.87966],[-5.17192,51.87666],[-5.16984,51.87641],[-5.16725,51.8756],[-5.16218,51.87486],[-5.15847,51.8732],[-5.15069,51.87097],[-5.14207,51.86921],[-5.12987,51.86763],[-5.12637,51.86768],[-5.12538,51.86739],[-5.11934,51.8692],[-5.11865,51.86935],[-5.11818,51.86907],[-5.11526,51.87032],[-5.11563,51.87147],[-5.11394,51.87215],[-5.11293,51.87296],[-5.11216,51.87553],[-5.11109,51.87728],[-5.10971,51.87737],[-5.10661,51.87643],[-5.1049,51.87649],[-5.10247,51.87408],[-5.10033,51.87303],[-5.09563,51.87205],[-5.09269,51.87204],[-5.08986,51.87265],[-5.08901,51.87365],[-5.09008,51.8741],[-5.08739,51.8749],[-5.08656,51.87582],[-5.08484,51.87679],[-5.07756,51.87992],[-5.07601,51.8801],[-5.07332,51.87983],[-5.06894,51.88015],[-5.06452,51.8795],[-5.06235,51.87959],[-5.05642,51.88062],[-5.05751,51.87789],[-5.05771,51.8755],[-5.05906,51.87389],[-5.05904,51.87304],[-5.05973,51.87198],[-5.05871,51.86819],[-5.05862,51.86506],[-5.05549,51.86309],[-5.05327,51.86251],[-5.05452,51.85689],[-5.05613,51.85447],[-5.05772,51.85383],[-5.06467,51.85218],[-5.06664,51.85107],[-5.07969,51.84862],[-5.08004,51.84917],[-5.07917,51.84975],[-5.07904,51.85053],[-5.07958,51.85161],[-5.08109,51.85139],[-5.0802,51.84976],[-5.08247,51.8493],[-5.08276,51.85038],[-5.08587,51.85012],[-5.08626,51.85087],[-5.08662,51.85088],[-5.08907,51.85032],[-5.09007,51.85172],[-5.09185,51.85123],[-5.08767,51.84642],[-5.08315,51.84327],[-5.07925,51.83914],[-5.07547,51.83706],[-5.06917,51.83431],[-5.06612,51.83319],[-5.06423,51.83284],[-5.06437,51.83223],[-5.07,51.83035],[-5.07122,51.82963],[-5.07558,51.82245],[-5.07882,51.81927],[-5.08324,51.81231],[-5.07838,51.80882],[-5.07522,51.80517],[-5.07415,51.80321],[-5.07287,51.79872],[-5.07023,51.79803],[-5.06956,51.79561],[-5.07676,51.79306],[-5.0731,51.78906],[-5.07553,51.78861],[-5.07541,51.78544],[-5.07665,51.78224],[-5.07654,51.78146],[-5.07704,51.78123],[-5.0759,51.78003],[-5.07623,51.77917],[-5.07729,51.77889],[-5.07787,51.77596],[-5.0787,51.77472],[-5.0779,51.77321],[-5.08083,51.77275],[-5.08252,51.77096],[-5.08187,51.76998],[-5.08176,51.76882],[-5.08012,51.76626],[-5.08282,51.76083],[-5.08136,51.76065],[-5.0811,51.75941],[-5.07988,51.75837],[-5.07944,51.75576],[-5.07755,51.75345],[-5.07705,51.7518],[-5.07728,51.75125],[-5.07626,51.751],[-5.07609,51.74924],[-5.07287,51.74861],[-5.06864,51.74716],[-5.06679,51.74681],[-5.06392,51.74543],[-5.05855,51.74401],[-5.06606,51.74276],[-5.06928,51.74305],[-5.07471,51.74266],[-5.07413,51.74227],[-5.07613,51.73784],[-5.07643,51.73554],[-5.07458,51.73532],[-5.07399,51.73373],[-5.07283,51.73244],[-5.07358,51.72844],[-5.06768,51.72668],[-5.07387,51.71533],[-5.07646,51.71142],[-5.07794,51.70738],[-5.07803,51.70742],[-5.07815,51.70742],[-5.07872,51.70742],[-5.07902,51.70696],[-5.08058,51.70682],[-5.08105,51.70644],[-5.08273,51.70659],[-5.08498,51.70629],[-5.08626,51.70668],[-5.08649,51.70726],[-5.08718,51.70756],[-5.08793,51.70751],[-5.08765,51.70794],[-5.08808,51.70801],[-5.08753,51.70843],[-5.08795,51.70868],[-5.08778,51.70927],[-5.08833,51.70961],[-5.0878,51.70953],[-5.08812,51.70988],[-5.08809,51.70991],[-5.0868,51.7104],[-5.08631,51.71167],[-5.08719,51.71225],[-5.08819,51.7124],[-5.08835,51.71323],[-5.0888,51.71323],[-5.08838,51.71337],[-5.08864,51.71388],[-5.09017,51.7139],[-5.09118,51.71456],[-5.09237,51.71474],[-5.09239,51.71546],[-5.09446,51.71622],[-5.09509,51.71696],[-5.09524,51.7185],[-5.09566,51.71849],[-5.09489,51.71951],[-5.09511,51.72013],[-5.09462,51.7211],[-5.09551,51.72118],[-5.09666,51.72191],[-5.09746,51.72182],[-5.09719,51.72199],[-5.09817,51.72251],[-5.09917,51.72254],[-5.09964,51.72224],[-5.10075,51.72289],[-5.10356,51.72308],[-5.10513,51.72359],[-5.10426,51.72535],[-5.10491,51.72662],[-5.10469,51.72765],[-5.10345,51.72877],[-5.10204,51.72925],[-5.10365,51.73224],[-5.09694,51.73456],[-5.0954,51.73663],[-5.09305,51.73811],[-5.09337,51.73821],[-5.09314,51.73848],[-5.09252,51.73813],[-5.09209,51.73815],[-5.0915,51.73816],[-5.09256,51.73846],[-5.09293,51.73911],[-5.09355,51.73929],[-5.09345,51.74022],[-5.09291,51.74027],[-5.09302,51.74047],[-5.09384,51.74005],[-5.09399,51.73838],[-5.09569,51.7376],[-5.09712,51.73634],[-5.09759,51.73626],[-5.09841,51.73694],[-5.09817,51.73588],[-5.10124,51.73459],[-5.10308,51.73462],[-5.10417,51.73575],[-5.10525,51.73609],[-5.10522,51.73605],[-5.10433,51.73497],[-5.10527,51.73241],[-5.10441,51.73095],[-5.10518,51.73036],[-5.10639,51.73006],[-5.10576,51.72983],[-5.1073,51.72816],[-5.10631,51.72533],[-5.10727,51.72555],[-5.10759,51.7247],[-5.10696,51.72377],[-5.10709,51.72301],[-5.10602,51.72184],[-5.10521,51.72161],[-5.10464,51.72051],[-5.10533,51.71992],[-5.10671,51.71968],[-5.10731,51.71907],[-5.10729,51.71812],[-5.10571,51.71698],[-5.1068,51.71661],[-5.10692,51.71562],[-5.10746,51.71581],[-5.10753,51.71633],[-5.10795,51.71627],[-5.10792,51.71591],[-5.10808,51.71616],[-5.10854,51.71596],[-5.10992,51.71691],[-5.11055,51.71669],[-5.11044,51.71642],[-5.11107,51.71674],[-5.1117,51.71666],[-5.11157,51.7159],[-5.11213,51.71605],[-5.11202,51.71575],[-5.11249,51.71578],[-5.11283,51.71538],[-5.1126,51.71506],[-5.11334,51.71485],[-5.11275,51.71421],[-5.11371,51.71402],[-5.11454,51.71421],[-5.1155,51.7138],[-5.11568,51.71282],[-5.11512,51.71194],[-5.11388,51.71154],[-5.11591,51.71038],[-5.11593,51.71064],[-5.11742,51.71059],[-5.1184,51.71113],[-5.1184,51.71113],[-5.11813,51.71204],[-5.11859,51.71208],[-5.11905,51.71271],[-5.11876,51.71342],[-5.11908,51.71434],[-5.12009,51.71523],[-5.12066,51.71524],[-5.12061,51.71546],[-5.12129,51.71479],[-5.1224,51.7164],[-5.12458,51.71744],[-5.12515,51.71702],[-5.12565,51.7173],[-5.12605,51.71679],[-5.12683,51.71667],[-5.12786,51.71723],[-5.12895,51.71626],[-5.12942,51.71632],[-5.12981,51.71704],[-5.13123,51.71693],[-5.13214,51.71631],[-5.1322,51.71521],[-5.13327,51.71549],[-5.13468,51.71538],[-5.13507,51.71436],[-5.13413,51.7132],[-5.13429,51.71282],[-5.1351,51.71318],[-5.13574,51.71269],[-5.13633,51.71297],[-5.13707,51.71278],[-5.13876,51.71296],[-5.13931,51.71327],[-5.14019,51.71312],[-5.14329,51.71397],[-5.14374,51.71358],[-5.14468,51.71383],[-5.1451,51.71466],[-5.14602,51.71339],[-5.14726,51.71314],[-5.14867,51.7133],[-5.1491,51.71262],[-5.14975,51.71277],[-5.15019,51.71251],[-5.15291,51.71244],[-5.15654,51.71283],[-5.15826,51.71461],[-5.15867,51.71576],[-5.16039,51.71715],[-5.16151,51.71763],[-5.16437,51.71787],[-5.16729,51.71945],[-5.16708,51.71966],[-5.16645,51.71927],[-5.16623,51.71941],[-5.16622,51.72011],[-5.16348,51.72381],[-5.16342,51.72439],[-5.16366,51.7251],[-5.16375,51.72536],[-5.16407,51.72597],[-5.16526,51.72676],[-5.16508,51.72694],[-5.16508,51.72681],[-5.16455,51.72642],[-5.16495,51.72699],[-5.16439,51.72731],[-5.16431,51.72752],[-5.16491,51.72802],[-5.1642,51.72774],[-5.16373,51.7279],[-5.16463,51.72793],[-5.16555,51.72849],[-5.16629,51.72836],[-5.16643,51.72846],[-5.16639,51.72884],[-5.16713,51.72935],[-5.16879,51.72922],[-5.16895,51.73005],[-5.17,51.73097],[-5.16903,51.73001],[-5.16887,51.72915],[-5.1672,51.72928],[-5.16691,51.72909],[-5.16653,51.72884],[-5.16656,51.72855],[-5.16646,51.72832],[-5.16693,51.72865],[-5.16682,51.72836],[-5.16659,51.72829],[-5.16625,51.72824],[-5.16589,51.72833],[-5.16557,51.7284],[-5.16449,51.72755],[-5.16447,51.72739],[-5.16535,51.72695],[-5.16465,51.72743],[-5.16519,51.72752],[-5.16537,51.72745],[-5.16595,51.72723],[-5.16517,51.72741],[-5.16503,51.72738],[-5.16533,51.72729],[-5.1656,51.72686],[-5.16444,51.72582],[-5.16459,51.72548],[-5.16532,51.72546],[-5.16444,51.72543],[-5.16426,51.72492],[-5.16379,51.72456],[-5.16367,51.7244],[-5.1637,51.72416],[-5.1643,51.72412],[-5.16371,51.72413],[-5.1639,51.72376],[-5.16439,51.72383],[-5.16444,51.72349],[-5.16528,51.72337],[-5.1647,51.72485],[-5.16562,51.72347],[-5.16539,51.72411],[-5.16525,51.72433],[-5.16525,51.7245],[-5.16534,51.72532],[-5.16706,51.72693],[-5.16593,51.72569],[-5.16796,51.7257],[-5.1659,51.72566],[-5.16547,51.72491],[-5.16543,51.72414],[-5.16577,51.7242],[-5.16655,51.72493],[-5.16584,51.72421],[-5.16574,51.72416],[-5.16554,51.72409],[-5.16569,51.72383],[-5.16617,51.72417],[-5.16625,51.72422],[-5.16646,51.72428],[-5.16791,51.72404],[-5.16636,51.72422],[-5.16588,51.72383],[-5.16685,51.72258],[-5.16591,51.72335],[-5.16568,51.72302],[-5.16632,51.7226],[-5.16667,51.72215],[-5.16674,51.72199],[-5.16779,51.7221],[-5.16788,51.72223],[-5.16767,51.7224],[-5.168,51.72233],[-5.16791,51.7221],[-5.16777,51.72206],[-5.16762,51.722],[-5.16802,51.722],[-5.1686,51.72191],[-5.16884,51.72185],[-5.16934,51.72169],[-5.16867,51.72177],[-5.16862,51.72186],[-5.16811,51.72197],[-5.16718,51.72196],[-5.16657,51.7215],[-5.16691,51.72123],[-5.1669,51.72091],[-5.16719,51.72102],[-5.16692,51.72073],[-5.1677,51.71976],[-5.16869,51.71961],[-5.17005,51.71888],[-5.17345,51.71505],[-5.17314,51.71452],[-5.17093,51.71351],[-5.17057,51.71262],[-5.16914,51.7115],[-5.16775,51.71102],[-5.16855,51.7096],[-5.16852,51.70678],[-5.16686,51.70635],[-5.16553,51.70635],[-5.16245,51.70478],[-5.15917,51.70409],[-5.1577,51.70396],[-5.15669,51.70425],[-5.15628,51.70424],[-5.15457,51.70393],[-5.1535,51.70406],[-5.15284,51.70377],[-5.15263,51.704],[-5.15092,51.70322],[-5.14977,51.70308],[-5.14962,51.70237],[-5.14993,51.70215],[-5.15012,51.70208],[-5.15063,51.70231],[-5.15242,51.70228],[-5.15273,51.70233],[-5.15272,51.70255],[-5.15297,51.70237],[-5.15339,51.70244],[-5.15423,51.70281],[-5.15467,51.70234],[-5.15506,51.70218],[-5.15813,51.70172],[-5.15681,51.70067],[-5.15706,51.7001],[-5.15716,51.70002],[-5.15788,51.69986],[-5.15741,51.6991],[-5.15739,51.69887],[-5.15764,51.69836],[-5.15653,51.69804],[-5.15504,51.69753],[-5.15308,51.69624],[-5.15291,51.69608],[-5.15503,51.69555],[-5.15457,51.69532],[-5.15513,51.69509],[-5.15496,51.69482],[-5.15554,51.69423],[-5.15999,51.69317],[-5.1608,51.69232],[-5.16005,51.6916],[-5.15771,51.69066],[-5.15765,51.69063],[-5.15791,51.69062],[-5.15722,51.68945],[-5.15795,51.68941],[-5.15747,51.68924],[-5.15752,51.68917],[-5.1578,51.68868],[-5.15717,51.68835],[-5.15732,51.68797],[-5.15791,51.68774],[-5.15919,51.688],[-5.15983,51.68774],[-5.16036,51.68788],[-5.16243,51.68723],[-5.16329,51.68741],[-5.16326,51.68745],[-5.16335,51.68743],[-5.16337,51.68743],[-5.16336,51.68746],[-5.16341,51.68744],[-5.16446,51.68767],[-5.16503,51.68735],[-5.16709,51.68776],[-5.16806,51.68758],[-5.168,51.68781],[-5.1695,51.68804],[-5.17001,51.6874],[-5.17112,51.68754],[-5.17133,51.68619],[-5.17232,51.6848],[-5.17243,51.68466],[-5.17242,51.68466],[-5.17136,51.68447],[-5.17083,51.68424],[-5.17109,51.68396],[-5.17047,51.68386],[-5.17082,51.68333],[-5.17083,51.68333],[-5.17082,51.68332],[-5.17118,51.68278],[-5.17007,51.68249],[-5.17062,51.68198],[-5.17024,51.68189],[-5.1709,51.68131],[-5.1716,51.68137],[-5.17273,51.68091],[-5.1748,51.68087],[-5.17522,51.68066],[-5.17495,51.68034],[-5.17585,51.68041],[-5.17594,51.68062],[-5.17536,51.68068],[-5.17607,51.68099],[-5.17594,51.68131],[-5.17593,51.68133],[-5.17555,51.68168],[-5.17625,51.68128],[-5.1768,51.68132],[-5.17633,51.68151],[-5.17675,51.68166],[-5.17641,51.68184],[-5.17719,51.68223],[-5.1764,51.68264],[-5.17755,51.68319],[-5.17678,51.68389],[-5.17705,51.68377],[-5.17701,51.68381],[-5.17708,51.6838],[-5.17702,51.68386],[-5.17724,51.68379],[-5.17721,51.68405],[-5.17791,51.68373],[-5.1793,51.68384],[-5.17931,51.68387],[-5.17909,51.6841],[-5.18074,51.68429],[-5.18043,51.68452],[-5.18172,51.68484],[-5.18152,51.68499],[-5.1828,51.68573],[-5.18338,51.6858],[-5.18257,51.68608],[-5.18312,51.6862],[-5.18217,51.68663],[-5.1825,51.68672],[-5.18247,51.68673],[-5.18193,51.68684],[-5.18246,51.68729],[-5.18203,51.68927],[-5.18312,51.68947],[-5.18437,51.68932],[-5.18478,51.68926],[-5.18726,51.68996],[-5.18818,51.68992],[-5.18821,51.69001],[-5.18691,51.69172],[-5.18727,51.69238],[-5.18633,51.69282],[-5.18617,51.69397],[-5.18752,51.69475],[-5.18833,51.6943],[-5.18887,51.69501],[-5.18797,51.69554],[-5.18848,51.69608],[-5.18745,51.69637],[-5.18803,51.69691],[-5.18756,51.69746],[-5.18839,51.69748],[-5.18796,51.69797],[-5.18883,51.69792],[-5.1882,51.6982],[-5.18876,51.69824],[-5.1886,51.69868],[-5.18961,51.69875],[-5.18963,51.69937],[-5.19089,51.69917],[-5.19129,51.69938],[-5.19044,51.69951],[-5.19041,51.6999],[-5.18839,51.7007],[-5.18836,51.70112],[-5.1876,51.70159],[-5.18763,51.70239],[-5.18653,51.70348],[-5.18736,51.70375],[-5.18726,51.70415],[-5.18594,51.70499],[-5.18607,51.70557],[-5.18876,51.70607],[-5.188,51.70658],[-5.18825,51.70681],[-5.18721,51.70713],[-5.18669,51.70776],[-5.18719,51.70886],[-5.18848,51.7093],[-5.19069,51.70913],[-5.19225,51.70976],[-5.19297,51.70964],[-5.19394,51.71002],[-5.19597,51.70981],[-5.19606,51.71035],[-5.19794,51.71096],[-5.2016,51.71084],[-5.20218,51.71151],[-5.20367,51.71175],[-5.20337,51.71373],[-5.20189,51.71447],[-5.20081,51.71564],[-5.20119,51.71645],[-5.20172,51.71652],[-5.20107,51.71675],[-5.2013,51.71738],[-5.20426,51.71896],[-5.20522,51.72017],[-5.20699,51.72082],[-5.2075,51.72137],[-5.20934,51.72176],[-5.21221,51.72297],[-5.21363,51.72311],[-5.21507,51.72369],[-5.21671,51.72363],[-5.21682,51.72341],[-5.21736,51.72376],[-5.21763,51.72353],[-5.21914,51.72369],[-5.21997,51.72342],[-5.22045,51.72392],[-5.22259,51.72419],[-5.22514,51.72331],[-5.22718,51.7218],[-5.22791,51.72204],[-5.22751,51.72274],[-5.22777,51.72317],[-5.22922,51.72391],[-5.23066,51.72396],[-5.23019,51.72448],[-5.23172,51.72405],[-5.23136,51.72506],[-5.23241,51.72529],[-5.23279,51.72512],[-5.23319,51.72539],[-5.23296,51.72577],[-5.23345,51.72584],[-5.23467,51.72531],[-5.23452,51.72567],[-5.23623,51.72563],[-5.23709,51.72632],[-5.23765,51.72587],[-5.23925,51.72558],[-5.23919,51.72561],[-5.23775,51.72605],[-5.23831,51.72649],[-5.2382,51.72685],[-5.24109,51.72774],[-5.24208,51.729],[-5.24357,51.72888],[-5.24386,51.72897],[-5.24391,51.72895],[-5.24393,51.72895],[-5.24414,51.72884],[-5.24441,51.72881],[-5.24508,51.72936],[-5.24492,51.72977],[-5.24403,51.73012],[-5.24387,51.73082],[-5.24463,51.73089],[-5.24412,51.73111],[-5.24441,51.73141],[-5.24593,51.73114],[-5.24579,51.73127],[-5.24436,51.73213],[-5.24455,51.73259],[-5.24586,51.73301],[-5.24658,51.73251],[-5.24662,51.73284],[-5.2472,51.73295],[-5.24948,51.73213],[-5.24921,51.73233],[-5.24971,51.7323],[-5.24974,51.73238],[-5.24937,51.73282],[-5.24968,51.73321],[-5.25133,51.73318],[-5.25169,51.73332],[-5.25333,51.73314],[-5.25338,51.73313],[-5.25275,51.73343],[-5.253,51.73366],[-5.25255,51.73421],[-5.25324,51.73479],[-5.25124,51.73492],[-5.25232,51.73552],[-5.25131,51.73571],[-5.25106,51.73622],[-5.25237,51.73626],[-5.25231,51.73635],[-5.25222,51.73641],[-5.25228,51.73641],[-5.25218,51.73657],[-5.25251,51.73665],[-5.25244,51.73676],[-5.25245,51.73675],[-5.25243,51.73678],[-5.2527,51.73668],[-5.25291,51.73673],[-5.25286,51.73703],[-5.25285,51.73706],[-5.25324,51.73705],[-5.25328,51.73705],[-5.25326,51.73756],[-5.25394,51.73767],[-5.25404,51.73812],[-5.25376,51.73858],[-5.25254,51.739],[-5.25196,51.73821],[-5.25206,51.73769],[-5.25207,51.73765],[-5.25208,51.73757],[-5.252,51.73772],[-5.2519,51.73783],[-5.25143,51.73759],[-5.25071,51.73811],[-5.25028,51.73796],[-5.24956,51.73763],[-5.24952,51.73766],[-5.24932,51.7376],[-5.2489,51.73797],[-5.24629,51.73812],[-5.24592,51.73776],[-5.24555,51.73674],[-5.24554,51.73633],[-5.24516,51.73639],[-5.24503,51.73606],[-5.24424,51.73616],[-5.2437,51.73674],[-5.2439,51.73734],[-5.24388,51.73738],[-5.24282,51.73726],[-5.24205,51.73767],[-5.24188,51.7376],[-5.24191,51.7375],[-5.24188,51.73749],[-5.24188,51.73748],[-5.24127,51.73725],[-5.24133,51.73685],[-5.23976,51.73658],[-5.23979,51.73728],[-5.23907,51.73767],[-5.23805,51.73643],[-5.23766,51.73656],[-5.23766,51.73679],[-5.23761,51.7368],[-5.23766,51.73706],[-5.23766,51.73732],[-5.23751,51.73736],[-5.23734,51.73732],[-5.23729,51.73741],[-5.23693,51.73749],[-5.23641,51.73726],[-5.23639,51.73728],[-5.23636,51.73727],[-5.23616,51.73761],[-5.23588,51.73693],[-5.23485,51.73668],[-5.23425,51.73726],[-5.23423,51.73728],[-5.23414,51.73721],[-5.2341,51.7374],[-5.23375,51.73774],[-5.23296,51.73754],[-5.23258,51.7374],[-5.23249,51.73743],[-5.23248,51.73744],[-5.23247,51.73741],[-5.23232,51.73749],[-5.23205,51.73758],[-5.23164,51.73725],[-5.23162,51.73722],[-5.23145,51.7371],[-5.23149,51.73761],[-5.23148,51.73764],[-5.22986,51.73727],[-5.22702,51.73755],[-5.22668,51.73757],[-5.22578,51.73741],[-5.22521,51.73722],[-5.22461,51.7372],[-5.22291,51.7369],[-5.22253,51.7367],[-5.22211,51.73676],[-5.22191,51.73672],[-5.22181,51.73608],[-5.22136,51.73619],[-5.22129,51.73618],[-5.22109,51.7359],[-5.22071,51.73609],[-5.22035,51.73603],[-5.21964,51.73579],[-5.21851,51.73511],[-5.21841,51.73455],[-5.21772,51.73476],[-5.2175,51.73474],[-5.21729,51.73463],[-5.21579,51.7346],[-5.21518,51.73455],[-5.21426,51.73393],[-5.21087,51.73392],[-5.21012,51.73454],[-5.20941,51.73437],[-5.20884,51.73459],[-5.20868,51.73626],[-5.20743,51.73659],[-5.20627,51.73789],[-5.20529,51.73813],[-5.20509,51.73918],[-5.20462,51.73946],[-5.20505,51.73986],[-5.20455,51.73988],[-5.20503,51.74011],[-5.20493,51.74121],[-5.20538,51.74133],[-5.20543,51.74142],[-5.20508,51.74145],[-5.20533,51.74232],[-5.2053,51.74233],[-5.20433,51.74264],[-5.2036,51.74288],[-5.20484,51.74301],[-5.20403,51.74311],[-5.20379,51.74342],[-5.20421,51.74353],[-5.20367,51.74367],[-5.20408,51.74388],[-5.2033,51.74468],[-5.20361,51.7449],[-5.20351,51.74504],[-5.20316,51.74508],[-5.2037,51.74568],[-5.20264,51.74571],[-5.2033,51.74682],[-5.20327,51.74713],[-5.20279,51.74758],[-5.20376,51.74831],[-5.20257,51.74845],[-5.2032,51.74865],[-5.20358,51.7488],[-5.20307,51.74936],[-5.20296,51.74944],[-5.20186,51.74959],[-5.20235,51.75019],[-5.20204,51.75068],[-5.20259,51.75115],[-5.20295,51.75095],[-5.20302,51.75097],[-5.20481,51.75271],[-5.20407,51.75264],[-5.20306,51.75328],[-5.20354,51.75372],[-5.20301,51.75388],[-5.20356,51.75439],[-5.20347,51.75485],[-5.20302,51.75485],[-5.20319,51.75557],[-5.20276,51.75571],[-5.20246,51.75546],[-5.20227,51.75474],[-5.20129,51.75506],[-5.20033,51.75449],[-5.19982,51.75459],[-5.19938,51.7541],[-5.19815,51.7547],[-5.19826,51.7549],[-5.19703,51.75514],[-5.19682,51.75588],[-5.19736,51.75621],[-5.19666,51.75612],[-5.19658,51.75648],[-5.19578,51.75672],[-5.1954,51.75651],[-5.19512,51.75625],[-5.19515,51.75676],[-5.19512,51.75676],[-5.19471,51.75652],[-5.19376,51.75662],[-5.19271,51.7556],[-5.19254,51.75638],[-5.19208,51.75588],[-5.19173,51.75609],[-5.19164,51.75549],[-5.19103,51.75509],[-5.19068,51.75539],[-5.19068,51.75498],[-5.19005,51.75525],[-5.18901,51.75519],[-5.1883,51.75516],[-5.18658,51.75363],[-5.18611,51.75363],[-5.18548,51.75429],[-5.18592,51.75499],[-5.1843,51.75618],[-5.18475,51.75651],[-5.18387,51.75651],[-5.18404,51.7569],[-5.18338,51.75682],[-5.18328,51.75726],[-5.18247,51.75724],[-5.18323,51.75821],[-5.18311,51.7586],[-5.18266,51.7587],[-5.1825,51.75872],[-5.18253,51.75872],[-5.18251,51.75873],[-5.18253,51.75873],[-5.18239,51.75877],[-5.18272,51.75896],[-5.18218,51.75922],[-5.18244,51.75945],[-5.18216,51.7594],[-5.18211,51.75934],[-5.18213,51.75939],[-5.18118,51.75922],[-5.18041,51.75966],[-5.18056,51.7598],[-5.18057,51.75985],[-5.18007,51.75959],[-5.1796,51.76002],[-5.17831,51.75995],[-5.1777,51.76038],[-5.17783,51.7615],[-5.17839,51.76153],[-5.1784,51.76156],[-5.17796,51.76199],[-5.17831,51.7619],[-5.17831,51.76221],[-5.17775,51.76246],[-5.17765,51.76312],[-5.17725,51.76275],[-5.17708,51.76309],[-5.17655,51.76296],[-5.17643,51.76337],[-5.17621,51.76337],[-5.17608,51.76345],[-5.17496,51.76352],[-5.17559,51.76425],[-5.17534,51.76504],[-5.17488,51.76514],[-5.17448,51.76464],[-5.17428,51.7652],[-5.17414,51.76534],[-5.17412,51.76535],[-5.17388,51.76514],[-5.17297,51.76523],[-5.17289,51.76565],[-5.17187,51.76548],[-5.17071,51.76586],[-5.1707,51.76712],[-5.1693,51.76713],[-5.16924,51.76746],[-5.16886,51.76724],[-5.16842,51.76726],[-5.1686,51.76751],[-5.16812,51.76743],[-5.16823,51.76718],[-5.16736,51.7676],[-5.16624,51.76696],[-5.16622,51.767],[-5.16586,51.76789],[-5.16633,51.76859],[-5.16575,51.76877],[-5.16482,51.76855],[-5.16554,51.76936],[-5.16432,51.76928],[-5.164,51.76921],[-5.16402,51.76926],[-5.1635,51.76923],[-5.16403,51.76931],[-5.16427,51.76994],[-5.16384,51.77032],[-5.16211,51.77017],[-5.16107,51.77036],[-5.1611,51.77066],[-5.16223,51.7709],[-5.16234,51.77096],[-5.16079,51.77158],[-5.16079,51.77199],[-5.1603,51.77213],[-5.1593,51.77206],[-5.1591,51.7717],[-5.15812,51.77176],[-5.15805,51.7712],[-5.15717,51.77095],[-5.15601,51.77112],[-5.15509,51.77163],[-5.15253,51.7716],[-5.15213,51.77131],[-5.15048,51.77156],[-5.15043,51.77167],[-5.15043,51.77168],[-5.15042,51.77168],[-5.1504,51.77181],[-5.15024,51.77228],[-5.1492,51.77248],[-5.14747,51.77213],[-5.14551,51.77117],[-5.14292,51.77129],[-5.14217,51.77082],[-5.14177,51.77094],[-5.14144,51.77082],[-5.14039,51.77015],[-5.14027,51.77051],[-5.13998,51.77055],[-5.13958,51.77056],[-5.13832,51.7714],[-5.13826,51.7719],[-5.13764,51.7729],[-5.1376,51.77294],[-5.13727,51.77306],[-5.13647,51.7733],[-5.13204,51.77168],[-5.13154,51.77002],[-5.13047,51.76944],[-5.12801,51.76898],[-5.1268,51.76915],[-5.12348,51.7688],[-5.12281,51.76912],[-5.12217,51.76853],[-5.1218,51.76874],[-5.11968,51.76827],[-5.11702,51.76846],[-5.11651,51.7693],[-5.11731,51.76993],[-5.11458,51.77061],[-5.11401,51.77217],[-5.11125,51.77315],[-5.11086,51.77386],[-5.11016,51.77388],[-5.1099,51.77453],[-5.1104,51.77483],[-5.10943,51.77466],[-5.10854,51.77391],[-5.10765,51.77418],[-5.10839,51.77535],[-5.10803,51.77537],[-5.10813,51.77568],[-5.10634,51.77613],[-5.10596,51.77722],[-5.10614,51.77772],[-5.10774,51.77818],[-5.10603,51.77836],[-5.10629,51.77875],[-5.10355,51.77915],[-5.10206,51.78386],[-5.10229,51.78421],[-5.10367,51.78459],[-5.10383,51.78571],[-5.10488,51.78622],[-5.10413,51.78652],[-5.10397,51.78697],[-5.10549,51.78781],[-5.10458,51.78773],[-5.10442,51.78809],[-5.10437,51.78902],[-5.10541,51.78984],[-5.10524,51.79006],[-5.1048,51.78987],[-5.10429,51.79063],[-5.10527,51.79282],[-5.10466,51.79395],[-5.107,51.79544],[-5.10703,51.79548],[-5.10583,51.79561],[-5.10584,51.79655],[-5.10665,51.79605],[-5.10683,51.7962],[-5.10632,51.79638],[-5.10661,51.79662],[-5.10629,51.7973],[-5.10557,51.79707],[-5.10496,51.79758],[-5.10503,51.79805],[-5.10628,51.79823],[-5.10693,51.79887],[-5.10648,51.79962],[-5.10588,51.79943],[-5.10477,51.80011],[-5.1048,51.80083],[-5.10568,51.80152],[-5.10482,51.80257],[-5.10541,51.80256],[-5.10538,51.80326],[-5.1036,51.80423],[-5.10328,51.80491],[-5.10325,51.80498],[-5.10418,51.80684],[-5.10531,51.80692],[-5.10437,51.80772],[-5.1041,51.80762],[-5.10465,51.8093],[-5.10289,51.81005],[-5.10345,51.81035],[-5.10325,51.81126],[-5.10398,51.8129],[-5.10587,51.81403],[-5.10617,51.81472],[-5.10585,51.81544],[-5.10707,51.81574],[-5.1075,51.81636],[-5.10671,51.81656],[-5.1067,51.81682],[-5.10742,51.81766],[-5.10754,51.8189],[-5.1087,51.81954],[-5.10962,51.81947],[-5.11094,51.82035],[-5.11094,51.82122],[-5.1102,51.82177],[-5.11057,51.8221],[-5.1081,51.82318],[-5.10744,51.82424],[-5.10946,51.82478],[-5.11111,51.82351],[-5.11094,51.82331],[-5.11216,51.82329],[-5.11224,51.82331],[-5.11204,51.82383],[-5.11244,51.82443],[-5.11377,51.82444],[-5.11461,51.8255],[-5.11399,51.82602],[-5.11406,51.82602],[-5.11404,51.82602],[-5.11434,51.82601],[-5.11413,51.82605],[-5.11416,51.82605],[-5.11413,51.82606],[-5.11441,51.82612],[-5.11445,51.82623],[-5.11439,51.82625],[-5.1142,51.82631],[-5.1145,51.82634],[-5.11453,51.82641],[-5.11405,51.82671],[-5.11425,51.82714],[-5.11685,51.82743],[-5.11529,51.82892],[-5.1153,51.82994],[-5.11358,51.8314],[-5.11419,51.83279],[-5.11346,51.83447],[-5.11386,51.83718],[-5.11395,51.83735],[-5.11568,51.84066],[-5.11646,51.84105],[-5.11602,51.84132],[-5.11673,51.84229],[-5.1168,51.84366],[-5.12842,51.85845],[-5.12898,51.85886],[-5.13068,51.8587],[-5.13167,51.85957],[-5.1323,51.85969],[-5.13148,51.8606],[-5.13278,51.8603],[-5.1324,51.86047],[-5.13299,51.8611],[-5.13256,51.86162],[-5.13388,51.86265],[-5.13524,51.86256],[-5.1365,51.86294],[-5.13661,51.86273],[-5.13677,51.863],[-5.13763,51.86308],[-5.13739,51.86377],[-5.13904,51.8639],[-5.13938,51.86416],[-5.14083,51.8638],[-5.14085,51.86323],[-5.1421,51.86237],[-5.14529,51.86211],[-5.14532,51.86233],[-5.14534,51.86248],[-5.14536,51.86248],[-5.14536,51.86248],[-5.14541,51.86247],[-5.14755,51.86223],[-5.14778,51.86237],[-5.14797,51.86255],[-5.148,51.86254],[-5.14802,51.86256],[-5.14808,51.86255],[-5.14809,51.86255],[-5.14812,51.86254],[-5.14885,51.86239],[-5.14925,51.86251],[-5.14988,51.86219],[-5.15004,51.86304],[-5.15183,51.86246],[-5.1519,51.86245],[-5.1519,51.86244],[-5.1521,51.86238],[-5.15249,51.86176],[-5.1526,51.86164],[-5.15282,51.86164],[-5.15357,51.86185],[-5.1536,51.86196],[-5.1539,51.8618],[-5.15431,51.86168],[-5.1541,51.86202],[-5.15418,51.86198],[-5.15414,51.86205],[-5.15525,51.86145],[-5.1555,51.8615],[-5.15588,51.8618],[-5.15588,51.86184],[-5.15585,51.86193],[-5.15587,51.86194],[-5.15582,51.86253],[-5.15648,51.86233],[-5.15683,51.86256],[-5.15722,51.86315],[-5.15776,51.86321],[-5.15877,51.86229],[-5.15858,51.86094],[-5.1589,51.86072],[-5.15953,51.86189],[-5.15964,51.8619],[-5.15959,51.86195],[-5.15967,51.86191],[-5.16031,51.86199],[-5.15961,51.86264],[-5.16007,51.86255],[-5.16015,51.86261],[-5.16038,51.86248],[-5.16056,51.86244],[-5.16059,51.86253],[-5.16056,51.8626],[-5.16059,51.86261],[-5.16058,51.86262],[-5.16065,51.86265],[-5.16076,51.86289],[-5.16149,51.86271],[-5.16149,51.86275],[-5.16156,51.86271],[-5.16157,51.86279],[-5.16184,51.86263],[-5.16232,51.86252],[-5.16235,51.86257],[-5.16191,51.86343],[-5.16392,51.86325],[-5.1642,51.86369],[-5.16451,51.86375],[-5.16452,51.86377],[-5.16456,51.86376],[-5.16509,51.86386],[-5.16489,51.86462],[-5.16633,51.86499],[-5.16757,51.86428],[-5.16792,51.86422],[-5.16788,51.86435],[-5.16986,51.86366],[-5.16997,51.86395],[-5.1701,51.86391],[-5.17015,51.86396],[-5.17016,51.86396],[-5.1702,51.864],[-5.17067,51.86374],[-5.17089,51.86379],[-5.17123,51.86393],[-5.17153,51.86362],[-5.1738,51.86343],[-5.17379,51.86306],[-5.17382,51.86305],[-5.17419,51.86316],[-5.17428,51.86287],[-5.17464,51.86366],[-5.175,51.86349],[-5.17511,51.86373],[-5.17594,51.86301],[-5.17621,51.86357],[-5.17708,51.86369],[-5.17761,51.86275],[-5.1777,51.86279],[-5.17839,51.86316],[-5.17836,51.86268],[-5.17838,51.86233],[-5.17886,51.86175],[-5.17913,51.86163],[-5.17994,51.86145],[-5.18032,51.86151],[-5.18041,51.86166],[-5.18063,51.86155],[-5.18064,51.86155],[-5.18102,51.86135],[-5.18159,51.86105],[-5.18096,51.86275],[-5.17976,51.86358],[-5.17934,51.86384],[-5.17804,51.86427],[-5.17844,51.86555],[-5.18021,51.86557],[-5.18021,51.86557],[-5.17889,51.86608],[-5.17871,51.86645],[-5.1795,51.86725],[-5.18182,51.86805],[-5.18428,51.86759],[-5.18464,51.86775],[-5.18492,51.86794],[-5.18445,51.86826],[-5.18487,51.86846],[-5.18541,51.86838],[-5.18519,51.86812],[-5.18593,51.86776],[-5.18678,51.86832],[-5.18701,51.86795],[-5.18751,51.86786],[-5.18791,51.86782],[-5.18797,51.86785],[-5.18801,51.86829],[-5.19001,51.86798],[-5.19015,51.86773],[-5.19138,51.86768],[-5.1913,51.868],[-5.19236,51.86743],[-5.19286,51.86759],[-5.19291,51.86751],[-5.194,51.86724],[-5.19456,51.86719],[-5.19459,51.86734],[-5.19445,51.86789],[-5.19368,51.86844],[-5.19233,51.86858],[-5.1924,51.869],[-5.19304,51.86949],[-5.19491,51.86925],[-5.19504,51.86926],[-5.1957,51.87076],[-5.19393,51.87107],[-5.19168,51.8724],[-5.18991,51.87285],[-5.18908,51.87351],[-5.18932,51.87389],[-5.1922,51.87332],[-5.19379,51.87214],[-5.19723,51.87143],[-5.19729,51.87142],[-5.19776,51.86939],[-5.19705,51.86892],[-5.19657,51.86861],[-5.19699,51.86811],[-5.19718,51.86788],[-5.19799,51.86741],[-5.19833,51.8673],[-5.19927,51.86756],[-5.19921,51.86804],[-5.19948,51.86765],[-5.19979,51.86794],[-5.20024,51.86784],[-5.20053,51.86793],[-5.20142,51.86851],[-5.20273,51.86834],[-5.20284,51.86866],[-5.20332,51.86851],[-5.20369,51.86882],[-5.20413,51.86849],[-5.20514,51.86891],[-5.20538,51.86842],[-5.20541,51.86881],[-5.20608,51.86834],[-5.20617,51.86857],[-5.20646,51.86828],[-5.20676,51.86867],[-5.20734,51.86855],[-5.20762,51.86759],[-5.20778,51.86755],[-5.20782,51.86762],[-5.2084,51.86737],[-5.20886,51.86724],[-5.20939,51.86723],[-5.20953,51.86783],[-5.21048,51.86741],[-5.21048,51.86749],[-5.21045,51.86758],[-5.21038,51.86776],[-5.21041,51.86774],[-5.2104,51.86776],[-5.21046,51.86772],[-5.21043,51.8682],[-5.21097,51.8681],[-5.21133,51.86748],[-5.21167,51.86755],[-5.21164,51.86743],[-5.21228,51.86739],[-5.21215,51.86749],[-5.21227,51.8675],[-5.21204,51.86768],[-5.21173,51.86775],[-5.2118,51.86779],[-5.21163,51.86783],[-5.21174,51.86791],[-5.211,51.86847],[-5.21076,51.86943],[-5.21177,51.86952],[-5.21176,51.86955],[-5.21257,51.86964],[-5.21194,51.86974],[-5.21247,51.86986],[-5.21238,51.86989],[-5.21271,51.86995],[-5.21253,51.87013],[-5.21326,51.87006],[-5.21335,51.87007],[-5.21269,51.87046],[-5.21436,51.87055],[-5.21479,51.87199],[-5.21626,51.87148],[-5.21614,51.87156],[-5.21672,51.87132],[-5.21688,51.87127],[-5.21626,51.87222],[-5.21694,51.87191],[-5.21705,51.87194],[-5.21715,51.87223],[-5.21823,51.87173],[-5.218,51.87191],[-5.21792,51.87195],[-5.21796,51.87195],[-5.21792,51.87198],[-5.21843,51.87216],[-5.21737,51.87285],[-5.21762,51.87345],[-5.21766,51.87343],[-5.21763,51.87346],[-5.21768,51.87343],[-5.21799,51.87329],[-5.21955,51.87261],[-5.21986,51.87258],[-5.22056,51.87269],[-5.22087,51.87354],[-5.22101,51.87317],[-5.22101,51.87314],[-5.22103,51.8731],[-5.22107,51.87317],[-5.22108,51.87295],[-5.22116,51.87274],[-5.22205,51.8729],[-5.22205,51.87291],[-5.22209,51.8729],[-5.2224,51.87295],[-5.22401,51.87261],[-5.22556,51.87278],[-5.22558,51.87283],[-5.22536,51.87337],[-5.22628,51.87293],[-5.22772,51.87278],[-5.22789,51.87317],[-5.22897,51.87296],[-5.22913,51.87306],[-5.22898,51.87315],[-5.22909,51.87312],[-5.22908,51.87313],[-5.2292,51.8731],[-5.22942,51.87322],[-5.2305,51.87287],[-5.23102,51.87332],[-5.2313,51.87304],[-5.23154,51.87288],[-5.23209,51.87302],[-5.23424,51.872],[-5.23687,51.8718],[-5.23865,51.87096],[-5.24084,51.87078],[-5.24051,51.8709],[-5.24125,51.87108],[-5.24101,51.87138],[-5.24148,51.87124],[-5.2418,51.87156],[-5.24117,51.8719],[-5.242,51.87183],[-5.24266,51.87187],[-5.24364,51.87239],[-5.24363,51.87215],[-5.24466,51.8722],[-5.24439,51.87247],[-5.24507,51.87264],[-5.24514,51.87324],[-5.2458,51.87351],[-5.24667,51.87296],[-5.24697,51.87225],[-5.24748,51.87201],[-5.24848,51.87172],[-5.24881,51.87095],[-5.24945,51.87077],[-5.24942,51.8701],[-5.25063,51.86976],[-5.25028,51.86961],[-5.25029,51.86898],[-5.25158,51.86889],[-5.25197,51.86853],[-5.25231,51.86903],[-5.25214,51.86914],[-5.25221,51.86926],[-5.25153,51.8696],[-5.25251,51.86995],[-5.25262,51.86999],[-5.2525,51.87004],[-5.25275,51.87004],[-5.25326,51.87022],[-5.25287,51.87195],[-5.25328,51.8722],[-5.25276,51.87254],[-5.25395,51.87293],[-5.25581,51.87245],[-5.25561,51.87222],[-5.25631,51.87227],[-5.25654,51.87183],[-5.25721,51.87172],[-5.25865,51.87073],[-5.25819,51.87064],[-5.25901,51.86967],[-5.25953,51.86942],[-5.26074,51.86892],[-5.26136,51.86887],[-5.26138,51.86901],[-5.26114,51.86907],[-5.26116,51.86908],[-5.26114,51.86909],[-5.26145,51.86937],[-5.2615,51.86932],[-5.26182,51.86921],[-5.26229,51.86948],[-5.2623,51.86954],[-5.26214,51.87029],[-5.26281,51.87013],[-5.26299,51.87014],[-5.26334,51.8704],[-5.26266,51.87108],[-5.26337,51.87086],[-5.26354,51.87134],[-5.26414,51.87114],[-5.26477,51.87148],[-5.26499,51.87121],[-5.26597,51.87185],[-5.26613,51.8714],[-5.26622,51.8714],[-5.26698,51.87168],[-5.26849,51.87112],[-5.26943,51.87114],[-5.26909,51.87056],[-5.26869,51.87056],[-5.26931,51.87029],[-5.27049,51.87059],[-5.27069,51.87027],[-5.27108,51.87067],[-5.27194,51.8693],[-5.27221,51.86913],[-5.27402,51.86846],[-5.27408,51.86847],[-5.27426,51.86824],[-5.27449,51.868],[-5.27484,51.86839],[-5.27489,51.86838],[-5.27487,51.86844],[-5.27519,51.86843],[-5.27519,51.86844],[-5.27492,51.86861],[-5.27513,51.8687],[-5.27507,51.86876],[-5.27512,51.86876],[-5.27502,51.86922],[-5.27564,51.86915],[-5.27579,51.86999],[-5.27598,51.86964],[-5.27683,51.86959],[-5.27712,51.86888],[-5.27785,51.86877],[-5.27765,51.8682],[-5.27875,51.86745],[-5.27988,51.86803],[-5.28082,51.868],[-5.28042,51.8681],[-5.28118,51.86958],[-5.28251,51.8702],[-5.2825,51.87019],[-5.28254,51.87022],[-5.28246,51.87016],[-5.28147,51.86937],[-5.28124,51.8685],[-5.28124,51.8684],[-5.28121,51.86837],[-5.28106,51.86777],[-5.28034,51.86734],[-5.28046,51.86692],[-5.28029,51.86678],[-5.28034,51.86638],[-5.2814,51.8661],[-5.28183,51.86535],[-5.28232,51.86542],[-5.28224,51.86556],[-5.28244,51.86549],[-5.28228,51.86561],[-5.28269,51.86551],[-5.28249,51.86585],[-5.28285,51.86592],[-5.28289,51.86586],[-5.28291,51.86582],[-5.28297,51.86572],[-5.28293,51.86595],[-5.28302,51.86564],[-5.28322,51.86529],[-5.28329,51.86526],[-5.28477,51.86502],[-5.28493,51.86501],[-5.28525,51.86562],[-5.2855,51.86527],[-5.28603,51.86536],[-5.28682,51.86493],[-5.28725,51.86503],[-5.28734,51.86506],[-5.28742,51.86509],[-5.28743,51.86508],[-5.28751,51.86509],[-5.28779,51.86469],[-5.28811,51.86434],[-5.2889,51.86418],[-5.28996,51.8642],[-5.29034,51.86489],[-5.29014,51.86421],[-5.29086,51.8639],[-5.29086,51.8639],[-5.29094,51.86419],[-5.29123,51.86406],[-5.29196,51.86296],[-5.29183,51.86276],[-5.29191,51.86261],[-5.29276,51.86247],[-5.29236,51.86212],[-5.29391,51.86184],[-5.29476,51.86217],[-5.29481,51.8622],[-5.29481,51.86219],[-5.29485,51.86221],[-5.29483,51.86195],[-5.29517,51.86182],[-5.29547,51.86181],[-5.29559,51.86167],[-5.2965,51.86135],[-5.29611,51.86132],[-5.29644,51.86075],[-5.29651,51.86098],[-5.2969,51.86087],[-5.29669,51.86141],[-5.29728,51.86158],[-5.29712,51.86202],[-5.29761,51.86212],[-5.29763,51.86245],[-5.29736,51.8632],[-5.29697,51.86328],[-5.29729,51.86338],[-5.2972,51.86347],[-5.29705,51.86344],[-5.29702,51.86365],[-5.29575,51.86487],[-5.29633,51.86524],[-5.29694,51.86507],[-5.29691,51.86589],[-5.29801,51.86609],[-5.29949,51.86458],[-5.30065,51.86412],[-5.30185,51.86373],[-5.30249,51.86371],[-5.3026,51.86371],[-5.30244,51.86388],[-5.30234,51.86398],[-5.3025,51.86395],[-5.30245,51.864],[-5.30267,51.86393],[-5.30326,51.86385],[-5.30349,51.8646],[-5.30453,51.864],[-5.30486,51.86391],[-5.30602,51.86405],[-5.3064,51.86346],[-5.3068,51.8635],[-5.30685,51.86206],[-5.30758,51.8619],[-5.30766,51.86198],[-5.30846,51.86174],[-5.30847,51.86164],[-5.30903,51.86038],[-5.30923,51.86027],[-5.30987,51.86026],[-5.31002,51.86026],[-5.31024,51.86108],[-5.31058,51.86093],[-5.31058,51.86093],[-5.31067,51.86089],[-5.31295,51.85988],[-5.31364,51.85998],[-5.31414,51.8602],[-5.31426,51.86033],[-5.3143,51.86039],[-5.31448,51.86055],[-5.31469,51.86029],[-5.3148,51.86027],[-5.31484,51.86012],[-5.31535,51.85952],[-5.31635,51.86009],[-5.31648,51.86071],[-5.31646,51.86115],[-5.31796,51.86098],[-5.31842,51.86146],[-5.31887,51.86122],[-5.31892,51.86127],[-5.31891,51.8617],[-5.31956,51.86186],[-5.31975,51.86148],[-5.32014,51.86373],[-5.31967,51.8652],[-5.31937,51.86551],[-5.31932,51.8655],[-5.31903,51.86585],[-5.31874,51.86603],[-5.31688,51.86636],[-5.31611,51.8656],[-5.31559,51.86565],[-5.31495,51.86642],[-5.31527,51.86694],[-5.31442,51.86789],[-5.31468,51.86801],[-5.31477,51.86828],[-5.31437,51.86885],[-5.31401,51.86913],[-5.31304,51.86952],[-5.31302,51.86929],[-5.31297,51.86931],[-5.31297,51.86927],[-5.31281,51.86939],[-5.31265,51.86946],[-5.31264,51.86944],[-5.31253,51.86922],[-5.31254,51.86918],[-5.31252,51.86919],[-5.3125,51.86916],[-5.31243,51.8692],[-5.31205,51.8694],[-5.31183,51.86923],[-5.31179,51.86916],[-5.31176,51.86918],[-5.31173,51.86915],[-5.31168,51.86912],[-5.31124,51.86929],[-5.31114,51.86922],[-5.31063,51.86951],[-5.31031,51.86963],[-5.30949,51.87063],[-5.30956,51.87105],[-5.30951,51.87117],[-5.30953,51.87117],[-5.30952,51.87118],[-5.30958,51.87118],[-5.30961,51.87137],[-5.30922,51.87167],[-5.30931,51.87189],[-5.30874,51.87277],[-5.30912,51.87304],[-5.30903,51.87314],[-5.30923,51.87313],[-5.30926,51.87315],[-5.30924,51.87332],[-5.30914,51.8734],[-5.3092,51.87339],[-5.30901,51.87362],[-5.30917,51.87388],[-5.30916,51.87393],[-5.30859,51.87429],[-5.30868,51.87426],[-5.30874,51.87425],[-5.3088,51.87423],[-5.30865,51.87431],[-5.30901,51.87419],[-5.30909,51.87417],[-5.30899,51.8745],[-5.30892,51.87458],[-5.30733,51.87478],[-5.30738,51.87502],[-5.30742,51.87513],[-5.3077,51.87623],[-5.30765,51.87665],[-5.30721,51.87719],[-5.30769,51.87754],[-5.30842,51.87746],[-5.30848,51.87781],[-5.30891,51.87766],[-5.30824,51.87833],[-5.30872,51.87826],[-5.30884,51.8787],[-5.30941,51.87882],[-5.31108,51.87835],[-5.31158,51.87957],[-5.31243,51.87919],[-5.31209,51.88013],[-5.31226,51.88003],[-5.31258,51.88035],[-5.31409,51.88043],[-5.31409,51.88043],[-5.31406,51.88055],[-5.31423,51.88065],[-5.31449,51.88105],[-5.31343,51.88145],[-5.31377,51.88172],[-5.31481,51.88159],[-5.31504,51.88278],[-5.31616,51.88333],[-5.31538,51.88361],[-5.31553,51.88436],[-5.3159,51.88415],[-5.31635,51.8843],[-5.31557,51.88502],[-5.31392,51.8855],[-5.31342,51.88626],[-5.31262,51.88634],[-5.31177,51.88693],[-5.31109,51.88673],[-5.31064,51.88741],[-5.30996,51.88727],[-5.30885,51.88772],[-5.30747,51.88632],[-5.30697,51.8865],[-5.30625,51.88598],[-5.30451,51.88604],[-5.30334,51.88701],[-5.30285,51.8882],[-5.3021,51.88856],[-5.30238,51.88873],[-5.30173,51.88954],[-5.30098,51.88993],[-5.29956,51.88992],[-5.29873,51.8912],[-5.29923,51.89115],[-5.29796,51.89147],[-5.298,51.89196],[-5.29594,51.89314],[-5.29564,51.89487],[-5.29619,51.89773],[-5.29797,51.89835],[-5.29929,51.89785],[-5.29979,51.898],[-5.29705,51.89864],[-5.29686,51.89897],[-5.29727,51.89944],[-5.29835,51.89956],[-5.29859,51.90037],[-5.2992,51.90056],[-5.30113,51.90038],[-5.30066,51.9007],[-5.30107,51.90092],[-5.30178,51.90059],[-5.30264,51.90073],[-5.30433,51.90045],[-5.30487,51.90058],[-5.30513,51.90066],[-5.30374,51.90212],[-5.30354,51.90351],[-5.30391,51.90372],[-5.30542,51.90383],[-5.30699,51.90294],[-5.30713,51.9029],[-5.30733,51.9029],[-5.30733,51.90291],[-5.30737,51.9029],[-5.31053,51.90278],[-5.31066,51.90263],[-5.31198,51.90248],[-5.31206,51.90247],[-5.31208,51.90247],[-5.31211,51.90246],[-5.31284,51.90226],[-5.31298,51.90233],[-5.31384,51.90204],[-5.31443,51.902],[-5.3146,51.90224],[-5.31455,51.90246],[-5.31436,51.90256],[-5.31363,51.90246],[-5.31348,51.90242],[-5.31351,51.90245],[-5.31345,51.90244],[-5.31352,51.9025],[-5.31343,51.90247],[-5.31388,51.90285],[-5.31397,51.90295],[-5.3127,51.90377],[-5.31215,51.90378],[-5.31208,51.90394],[-5.31187,51.90399],[-5.31142,51.90384],[-5.31119,51.90377],[-5.3112,51.90381],[-5.31118,51.90405],[-5.31106,51.90393],[-5.31099,51.90384],[-5.311,51.90388],[-5.31098,51.90386],[-5.31116,51.90436],[-5.31139,51.90504],[-5.31068,51.90516],[-5.31052,51.90547],[-5.31028,51.90545],[-5.30998,51.90538],[-5.30999,51.90542],[-5.30977,51.9054],[-5.30979,51.90564],[-5.30926,51.90519],[-5.3093,51.90538],[-5.30917,51.90525],[-5.30911,51.90519],[-5.30918,51.90622],[-5.30729,51.90706],[-5.30695,51.90691],[-5.30696,51.90692],[-5.30695,51.90691],[-5.30709,51.90721],[-5.30714,51.90733],[-5.30554,51.9083],[-5.30449,51.90817],[-5.30459,51.90862],[-5.30424,51.90883],[-5.30394,51.90869],[-5.30393,51.90868],[-5.30393,51.90868],[-5.30387,51.90865],[-5.30348,51.909],[-5.30256,51.90893],[-5.30222,51.90836],[-5.30212,51.90809],[-5.3021,51.90818],[-5.30205,51.90809],[-5.302,51.90829],[-5.30189,51.90813],[-5.30178,51.90875],[-5.3014,51.90866],[-5.30114,51.90857],[-5.30116,51.90859],[-5.30105,51.90857],[-5.30116,51.90877],[-5.3009,51.90876],[-5.3008,51.90875],[-5.30073,51.90876],[-5.29974,51.90953],[-5.29909,51.90945],[-5.29917,51.90959],[-5.29921,51.90971],[-5.29852,51.90978],[-5.29796,51.90978],[-5.29806,51.90982],[-5.29803,51.90983],[-5.29883,51.91028],[-5.29757,51.91057],[-5.29754,51.91061],[-5.29754,51.91061],[-5.29748,51.91073],[-5.29713,51.9114],[-5.29696,51.91136],[-5.29688,51.91125],[-5.29622,51.91116],[-5.29577,51.91104],[-5.29544,51.91126],[-5.29546,51.91129],[-5.29541,51.91128],[-5.2956,51.9115],[-5.29556,51.9116],[-5.29547,51.91158],[-5.29446,51.91115],[-5.29411,51.91138],[-5.2948,51.91181],[-5.29485,51.91188],[-5.29459,51.91195],[-5.29355,51.91167],[-5.29318,51.91149],[-5.29284,51.91184],[-5.29352,51.9123],[-5.29354,51.91232],[-5.29239,51.91203],[-5.29218,51.91198],[-5.29219,51.91198],[-5.29217,51.91198],[-5.29219,51.91204],[-5.2923,51.91219],[-5.29255,51.9126],[-5.29248,51.9126],[-5.29245,51.91259],[-5.29214,51.91252],[-5.29214,51.91253],[-5.29207,51.91252],[-5.29204,51.91258],[-5.29181,51.91258],[-5.29178,51.91291],[-5.29101,51.91278],[-5.29165,51.91331],[-5.29152,51.91331],[-5.29096,51.91322],[-5.291,51.91366],[-5.28984,51.9131],[-5.29025,51.91362],[-5.29023,51.91367],[-5.28919,51.91357],[-5.28919,51.91361],[-5.28912,51.91359],[-5.2892,51.91365],[-5.2893,51.91419],[-5.28901,51.91423],[-5.28872,51.91416],[-5.28787,51.91437],[-5.2869,51.91391],[-5.28632,51.91415],[-5.28558,51.91398],[-5.28628,51.91256],[-5.28626,51.91254],[-5.28627,51.91253],[-5.28625,51.91253],[-5.28595,51.91225],[-5.28596,51.91221],[-5.28615,51.91175],[-5.28607,51.91165],[-5.2862,51.91096],[-5.28521,51.91138],[-5.28521,51.91122],[-5.28519,51.91125],[-5.28519,51.91121],[-5.28497,51.91133],[-5.28497,51.91128],[-5.28491,51.91136],[-5.28486,51.91139],[-5.28484,51.91128],[-5.28475,51.91145],[-5.28387,51.91193],[-5.28296,51.91214],[-5.28243,51.91258],[-5.282,51.9119],[-5.28151,51.91213],[-5.28124,51.91209],[-5.28115,51.91224],[-5.2809,51.91242],[-5.27964,51.91301],[-5.27854,51.91289],[-5.27833,51.91285],[-5.27772,51.91201],[-5.27761,51.91199],[-5.27761,51.91198],[-5.27758,51.91198],[-5.27702,51.91185],[-5.27682,51.91206],[-5.27639,51.91142],[-5.27598,51.91162],[-5.27553,51.91163],[-5.27552,51.91164],[-5.2748,51.91145],[-5.27455,51.91186],[-5.27416,51.91175],[-5.27463,51.9121],[-5.27436,51.91267],[-5.27423,51.91286],[-5.274,51.91271],[-5.27381,51.91249],[-5.2737,51.91251],[-5.27334,51.91227],[-5.27334,51.91225],[-5.27332,51.91226],[-5.2733,51.91225],[-5.27161,51.91244],[-5.27198,51.91261],[-5.27197,51.91261],[-5.27213,51.91276],[-5.27213,51.91285],[-5.272,51.91277],[-5.27201,51.91298],[-5.27186,51.91298],[-5.27202,51.91312],[-5.27206,51.91381],[-5.272,51.91395],[-5.27143,51.91394],[-5.27073,51.91358],[-5.27071,51.91356],[-5.27069,51.91352],[-5.27068,51.91353],[-5.27067,51.91351],[-5.27063,51.91355],[-5.27059,51.91357],[-5.27001,51.91384],[-5.26928,51.91382],[-5.26878,51.91414],[-5.2685,51.91378],[-5.26724,51.91409],[-5.26611,51.91385],[-5.26589,51.9142],[-5.26568,51.91411],[-5.26568,51.91411],[-5.26568,51.91411],[-5.26568,51.91411],[-5.26501,51.91425],[-5.26501,51.91425],[-5.26501,51.91426],[-5.26507,51.91497],[-5.26494,51.91496],[-5.26477,51.91483],[-5.26452,51.91493],[-5.26444,51.91493],[-5.26442,51.91481],[-5.26445,51.91462],[-5.2644,51.91463],[-5.2644,51.9146],[-5.26308,51.91474],[-5.26249,51.9149],[-5.26229,51.9154],[-5.26225,51.91541],[-5.26214,51.91538],[-5.26223,51.91555],[-5.2622,51.91563],[-5.26129,51.91529],[-5.26118,51.91597],[-5.26095,51.91594],[-5.26067,51.9158],[-5.26062,51.91589],[-5.25965,51.91574],[-5.25937,51.91531],[-5.25928,51.91511],[-5.2595,51.91488],[-5.25916,51.91484],[-5.25905,51.91525],[-5.25903,51.91529],[-5.25787,51.91554],[-5.2575,51.91564],[-5.25742,51.91558],[-5.25742,51.91562],[-5.25739,51.9156],[-5.25738,51.91566],[-5.25634,51.9159],[-5.25448,51.91663],[-5.25373,51.91682],[-5.25364,51.91695],[-5.25306,51.91718],[-5.25305,51.91784],[-5.25451,51.91935],[-5.25332,51.91916],[-5.25264,51.91974],[-5.25213,51.91977],[-5.25185,51.91968],[-5.25147,51.91982],[-5.25137,51.91982],[-5.2513,51.91993],[-5.25122,51.91996],[-5.25105,51.92032],[-5.2508,51.9207],[-5.25032,51.92072],[-5.25032,51.92074],[-5.25028,51.92073],[-5.25031,51.92082],[-5.25028,51.92125],[-5.24996,51.92139],[-5.24985,51.92144],[-5.24956,51.92155],[-5.24609,51.92163],[-5.24583,51.92198],[-5.24445,51.9216],[-5.24419,51.92186],[-5.24377,51.92156],[-5.24343,51.92233],[-5.2439,51.92252],[-5.24183,51.92302],[-5.24256,51.92347],[-5.24114,51.92366],[-5.24103,51.92374],[-5.24101,51.92373],[-5.24094,51.9238],[-5.24023,51.92426],[-5.23919,51.92421],[-5.23928,51.92454],[-5.23868,51.9247],[-5.23921,51.92509],[-5.23825,51.9255],[-5.23829,51.92594],[-5.23682,51.92649],[-5.2374,51.92684],[-5.23794,51.92671],[-5.23743,51.92707],[-5.23908,51.92738],[-5.23766,51.92735],[-5.23534,51.92783],[-5.23531,51.92841],[-5.23527,51.92849],[-5.23518,51.92853],[-5.23525,51.92854],[-5.2352,51.92865],[-5.2353,51.92865],[-5.23527,51.9291],[-5.23625,51.92951],[-5.23538,51.92931],[-5.23518,51.92955],[-5.23481,51.92918],[-5.23475,51.9293],[-5.23474,51.92933],[-5.23472,51.92929],[-5.23472,51.9294],[-5.2345,51.92989],[-5.2337,51.9301],[-5.23265,51.9297],[-5.23262,51.92967],[-5.23259,51.92968],[-5.23232,51.92957],[-5.23205,51.92974],[-5.23191,51.92978],[-5.23162,51.92982],[-5.23156,51.92989],[-5.23139,51.92994],[-5.23117,51.93027],[-5.23009,51.93092],[-5.22885,51.93084],[-5.22826,51.93076],[-5.22825,51.93071],[-5.22808,51.93079],[-5.22786,51.93077],[-5.22706,51.9301],[-5.22684,51.92991],[-5.22679,51.92988],[-5.22507,51.9307],[-5.22513,51.93006],[-5.22516,51.93006],[-5.22513,51.93005],[-5.22515,51.92988],[-5.22419,51.92945],[-5.22402,51.92993],[-5.22258,51.93003],[-5.22329,51.93022],[-5.22276,51.93071],[-5.22347,51.93087],[-5.22259,51.93144],[-5.21985,51.93185],[-5.21936,51.93143],[-5.2193,51.93133],[-5.21928,51.93137],[-5.21927,51.93136],[-5.21923,51.9313],[-5.21922,51.93131],[-5.21918,51.93128],[-5.21886,51.93188],[-5.21796,51.93174],[-5.21722,51.93219],[-5.21701,51.93206],[-5.21678,51.93182],[-5.2162,51.93232],[-5.21528,51.93189],[-5.21344,51.93252],[-5.21279,51.9322],[-5.21113,51.93241],[-5.21054,51.93215],[-5.20968,51.93273],[-5.21008,51.93325],[-5.20865,51.93339],[-5.20759,51.9341],[-5.2066,51.93436],[-5.20611,51.93527],[-5.20617,51.93622],[-5.20685,51.93722],[-5.20818,51.93712],[-5.20872,51.93751],[-5.21015,51.93743],[-5.20886,51.93758],[-5.2088,51.93831],[-5.20949,51.93814],[-5.20986,51.9376],[-5.21068,51.93807],[-5.21307,51.93789],[-5.21307,51.93789],[-5.21256,51.93813],[-5.21306,51.93821],[-5.21306,51.93864],[-5.21203,51.93865],[-5.21194,51.93855],[-5.21187,51.93858],[-5.21185,51.93856],[-5.21138,51.93854],[-5.211,51.93824],[-5.211,51.93823],[-5.21099,51.93824],[-5.21098,51.93823],[-5.21036,51.93868],[-5.20948,51.93874],[-5.20924,51.93875],[-5.20916,51.93876],[-5.20914,51.93876],[-5.20911,51.93876],[-5.20899,51.93908],[-5.20785,51.93889],[-5.20786,51.93892],[-5.2078,51.93891],[-5.20783,51.93897],[-5.20772,51.93895],[-5.20792,51.93919],[-5.20793,51.93925],[-5.2074,51.93906],[-5.20708,51.93985],[-5.20675,51.94006],[-5.20595,51.94018],[-5.20494,51.94017],[-5.20445,51.94041],[-5.20401,51.94048],[-5.2038,51.94039],[-5.20354,51.93987],[-5.20325,51.94029],[-5.20166,51.94081],[-5.20199,51.94083],[-5.20112,51.94107],[-5.20083,51.94113],[-5.20083,51.94116],[-5.19839,51.94184],[-5.19836,51.94268],[-5.19876,51.94277],[-5.19835,51.94297],[-5.1991,51.94301],[-5.19907,51.94351],[-5.20033,51.94394],[-5.20072,51.94497],[-5.20245,51.94492],[-5.20397,51.94488],[-5.20412,51.94523],[-5.20249,51.94548],[-5.20154,51.94563],[-5.20091,51.94564],[-5.19855,51.9456],[-5.19653,51.94628],[-5.19648,51.94664],[-5.19891,51.94686],[-5.1988,51.94695],[-5.19845,51.94698],[-5.1984,51.94721],[-5.19847,51.94721],[-5.19841,51.94726],[-5.19949,51.94727],[-5.19959,51.94758],[-5.20038,51.94734],[-5.19997,51.94773],[-5.19955,51.9478],[-5.19778,51.94798],[-5.19752,51.94794],[-5.19679,51.94765],[-5.19657,51.9478],[-5.19654,51.94782],[-5.19574,51.94772],[-5.1955,51.94768],[-5.19551,51.9477],[-5.19549,51.94769],[-5.19535,51.9481],[-5.19522,51.94809],[-5.1953,51.94826],[-5.19527,51.94834],[-5.19523,51.94843],[-5.19501,51.94853],[-5.19472,51.94857],[-5.1933,51.94836],[-5.19368,51.9487],[-5.19351,51.94873],[-5.19352,51.94874],[-5.19349,51.94874],[-5.19411,51.94908],[-5.19415,51.94912],[-5.19411,51.94926],[-5.194,51.94947],[-5.19404,51.94948],[-5.19403,51.94951],[-5.19474,51.94972],[-5.19477,51.94973],[-5.19477,51.94973],[-5.1948,51.94974],[-5.19486,51.94951],[-5.19634,51.94964],[-5.19642,51.95061],[-5.19585,51.95046],[-5.19568,51.95037],[-5.19556,51.95001],[-5.19556,51.94996],[-5.19541,51.95019],[-5.19512,51.95006],[-5.19487,51.94992],[-5.19488,51.94995],[-5.19483,51.94993],[-5.1949,51.95004],[-5.19502,51.95043],[-5.19374,51.95012],[-5.1937,51.9501],[-5.1937,51.95011],[-5.19366,51.9501],[-5.19373,51.95047],[-5.19376,51.95078],[-5.19193,51.95022],[-5.19193,51.95023],[-5.19193,51.95023],[-5.19196,51.95025],[-5.1924,51.95069],[-5.19207,51.95077],[-5.19196,51.95077],[-5.19122,51.95025],[-5.19114,51.95018],[-5.19113,51.95019],[-5.19108,51.95015],[-5.19104,51.95023],[-5.19099,51.95019],[-5.19076,51.95065],[-5.19057,51.95059],[-5.18877,51.94998],[-5.18872,51.94981],[-5.18871,51.94972],[-5.18853,51.94979],[-5.18826,51.94951],[-5.18755,51.94978],[-5.18796,51.94991],[-5.18782,51.95007],[-5.187,51.95039],[-5.18596,51.95066],[-5.18596,51.95066],[-5.18571,51.95053],[-5.18595,51.95006],[-5.18643,51.94959],[-5.18546,51.9501],[-5.185,51.95032],[-5.18491,51.95007],[-5.18505,51.9497],[-5.18545,51.94953],[-5.18544,51.94918],[-5.18429,51.94951],[-5.184,51.94924],[-5.18338,51.9493],[-5.1829,51.94893],[-5.18213,51.94821],[-5.18217,51.9485],[-5.18162,51.94847],[-5.18269,51.94951],[-5.1827,51.94954],[-5.18252,51.9496],[-5.18272,51.94963],[-5.18275,51.94972],[-5.18253,51.94979],[-5.1826,51.9498],[-5.18253,51.94982],[-5.18278,51.94983],[-5.18279,51.94988],[-5.18257,51.94993],[-5.18265,51.94994],[-5.18259,51.94996],[-5.18282,51.94998],[-5.18284,51.95006],[-5.18266,51.9501],[-5.18283,51.95033],[-5.18276,51.95058],[-5.18147,51.95012],[-5.1816,51.95044],[-5.18145,51.9505],[-5.18125,51.95057],[-5.18125,51.95057],[-5.18085,51.95073],[-5.18101,51.95101],[-5.17996,51.95073],[-5.17859,51.95103],[-5.17801,51.95065],[-5.17796,51.95068],[-5.17792,51.95065],[-5.17768,51.95089],[-5.17712,51.9513],[-5.17723,51.951],[-5.17527,51.95139],[-5.17453,51.95102],[-5.17465,51.95079],[-5.17569,51.94992],[-5.17433,51.95019],[-5.17508,51.94957],[-5.17448,51.94962],[-5.17446,51.94921],[-5.17396,51.94929],[-5.17416,51.94897],[-5.17251,51.94917],[-5.17249,51.94918],[-5.17243,51.94919],[-5.17214,51.94939],[-5.17157,51.94971],[-5.17046,51.94989],[-5.16941,51.94979],[-5.16985,51.94935],[-5.16989,51.94931],[-5.17002,51.94923],[-5.16992,51.94928],[-5.16995,51.94926],[-5.16998,51.94923],[-5.16941,51.94944],[-5.16913,51.94953],[-5.16913,51.94953],[-5.16942,51.94911],[-5.16946,51.94905],[-5.16932,51.94913],[-5.16942,51.94903],[-5.1691,51.94924],[-5.16888,51.94936],[-5.16771,51.94876],[-5.16685,51.94899],[-5.16639,51.94871],[-5.16662,51.94849],[-5.16568,51.94803],[-5.16519,51.94823],[-5.16428,51.94805],[-5.16305,51.94846],[-5.1633,51.94821],[-5.16242,51.94818],[-5.16125,51.94874],[-5.15889,51.94788],[-5.15738,51.948],[-5.15713,51.94828],[-5.15762,51.94856],[-5.15698,51.94877],[-5.15586,51.94886],[-5.15508,51.94828],[-5.15406,51.9483],[-5.15317,51.94919],[-5.15339,51.94975],[-5.15373,51.95013],[-5.15557,51.95056],[-5.15565,51.95075],[-5.15553,51.95088],[-5.1558,51.9511],[-5.15589,51.95129],[-5.15545,51.95167],[-5.15561,51.95184],[-5.15522,51.95206],[-5.15523,51.95207],[-5.15514,51.9521],[-5.15528,51.95214],[-5.15543,51.95235],[-5.15617,51.95243],[-5.1562,51.95244],[-5.15622,51.9528],[-5.15542,51.95305],[-5.15447,51.95268],[-5.1543,51.95304],[-5.15179,51.95315],[-5.15174,51.95319],[-5.15163,51.95319],[-5.15145,51.95337],[-5.15129,51.95347],[-5.15079,51.95307],[-5.15009,51.95334],[-5.14984,51.95325],[-5.14944,51.95298],[-5.14901,51.95295],[-5.14873,51.95285],[-5.14826,51.95307],[-5.14851,51.95335],[-5.14778,51.95331],[-5.14794,51.95377],[-5.14875,51.95449],[-5.15012,51.95446],[-5.15013,51.95451],[-5.15006,51.95469],[-5.14888,51.95503],[-5.14807,51.95524],[-5.14635,51.95511],[-5.14563,51.95535],[-5.14503,51.95537],[-5.14308,51.95597],[-5.14321,51.956],[-5.14318,51.95601],[-5.14341,51.95609],[-5.14296,51.95624],[-5.1431,51.9567],[-5.14377,51.95658],[-5.14384,51.9566],[-5.14521,51.95709],[-5.14508,51.95723],[-5.14461,51.95742],[-5.14446,51.95746],[-5.14451,51.95746],[-5.14383,51.95773],[-5.14304,51.95796],[-5.14329,51.95795],[-5.14304,51.95804],[-5.14314,51.95823],[-5.14364,51.95809],[-5.1432,51.95839],[-5.14256,51.95831],[-5.14235,51.9585],[-5.14204,51.95852],[-5.14195,51.9593],[-5.14329,51.9598],[-5.1431,51.96024],[-5.14408,51.96002],[-5.14407,51.96005],[-5.14347,51.96037],[-5.14428,51.96059],[-5.14455,51.96038],[-5.14461,51.96039],[-5.14461,51.96039],[-5.14465,51.9604],[-5.14473,51.96024],[-5.14488,51.96013],[-5.14608,51.9601],[-5.14629,51.96016],[-5.14654,51.9603],[-5.1466,51.96075],[-5.14727,51.96053],[-5.14765,51.96054],[-5.14773,51.96071],[-5.1482,51.96057],[-5.14694,51.9614],[-5.14631,51.96156],[-5.14565,51.96164],[-5.14586,51.9614],[-5.14489,51.96103],[-5.14486,51.96104],[-5.14485,51.96104],[-5.14299,51.96172],[-5.14301,51.96198],[-5.14282,51.96207],[-5.14283,51.96207],[-5.14281,51.96208],[-5.14299,51.9621],[-5.14301,51.96211],[-5.14303,51.96248],[-5.14266,51.96249],[-5.1427,51.96231],[-5.14205,51.9625],[-5.14131,51.96252],[-5.13996,51.96212],[-5.13731,51.96358],[-5.13718,51.96357],[-5.13645,51.9634],[-5.13643,51.96282],[-5.13647,51.96279],[-5.13643,51.96278],[-5.13643,51.96277],[-5.13611,51.96269],[-5.13531,51.96246],[-5.13527,51.96247],[-5.13464,51.96231],[-5.13458,51.96233],[-5.13458,51.96233],[-5.13454,51.96235],[-5.1343,51.96244],[-5.13401,51.96254],[-5.13389,51.96245],[-5.1338,51.96227],[-5.13362,51.96226],[-5.13333,51.96205],[-5.1333,51.96205],[-5.1333,51.96205],[-5.13316,51.96208],[-5.13283,51.96213],[-5.13303,51.96191],[-5.13259,51.96138],[-5.13202,51.96165],[-5.13155,51.96171],[-5.13072,51.96158],[-5.13055,51.96146],[-5.13034,51.96076],[-5.12733,51.95976],[-5.12672,51.96018],[-5.12818,51.96106],[-5.12809,51.96134],[-5.12732,51.9618],[-5.12726,51.96178],[-5.12693,51.96156],[-5.12682,51.96163],[-5.1267,51.96159],[-5.12665,51.96157],[-5.12665,51.96157],[-5.12664,51.96157],[-5.12601,51.96209],[-5.12494,51.96203],[-5.12443,51.96251],[-5.1239,51.96217],[-5.12414,51.9613],[-5.12339,51.96121],[-5.12298,51.96105],[-5.12309,51.96094],[-5.1228,51.96098],[-5.12271,51.96094],[-5.123,51.96077],[-5.12209,51.96057],[-5.12196,51.96065],[-5.12193,51.96063],[-5.12179,51.96076],[-5.1207,51.96144],[-5.11978,51.9612],[-5.11909,51.96158],[-5.11833,51.96093],[-5.11786,51.96161],[-5.11768,51.96168],[-5.11773,51.96179],[-5.11767,51.96187],[-5.11684,51.96107],[-5.11599,51.96113],[-5.11564,51.96153],[-5.11519,51.96113],[-5.11412,51.96156],[-5.11286,51.96138],[-5.11168,51.96161],[-5.11107,51.9619],[-5.11124,51.96205],[-5.11066,51.96188],[-5.11087,51.96229],[-5.10977,51.96166],[-5.10897,51.96175],[-5.10884,51.96136],[-5.10711,51.96118],[-5.10675,51.96144],[-5.10714,51.9623],[-5.10577,51.96231],[-5.10587,51.96331],[-5.10428,51.96387],[-5.10483,51.96388],[-5.10447,51.96405],[-5.10358,51.96391],[-5.1039,51.9642],[-5.10293,51.96421],[-5.10268,51.96476],[-5.1041,51.96532],[-5.10357,51.9655],[-5.1025,51.96582],[-5.10241,51.96608],[-5.10326,51.96623],[-5.10338,51.96626],[-5.10258,51.96622],[-5.10268,51.96693],[-5.10399,51.96708],[-5.10304,51.96731],[-5.10326,51.96794],[-5.10493,51.96779],[-5.10505,51.9683],[-5.10504,51.96861],[-5.10449,51.96919],[-5.10433,51.96932],[-5.1041,51.96918],[-5.10405,51.96915],[-5.10396,51.96898],[-5.10384,51.96897],[-5.10367,51.96884],[-5.10358,51.96886],[-5.1034,51.96875],[-5.1021,51.96912],[-5.10171,51.96858],[-5.10131,51.96882],[-5.10123,51.96881],[-5.1009,51.96844],[-5.09941,51.96866],[-5.09969,51.96905],[-5.09921,51.96927],[-5.09989,51.96977],[-5.10006,51.97014],[-5.09993,51.97013],[-5.10012,51.97029],[-5.10016,51.97037],[-5.09912,51.97061],[-5.09848,51.9706],[-5.09773,51.97048],[-5.09843,51.96988],[-5.09782,51.96958],[-5.09778,51.96944],[-5.09807,51.96901],[-5.09644,51.96892],[-5.09616,51.96882],[-5.09578,51.96853],[-5.09524,51.96879],[-5.09469,51.96883],[-5.09392,51.96867],[-5.09429,51.96894],[-5.09384,51.96883],[-5.09389,51.96911],[-5.09388,51.96912],[-5.09389,51.96913],[-5.09391,51.96929],[-5.09368,51.96925],[-5.09347,51.96918],[-5.09354,51.96923],[-5.09295,51.96914],[-5.09342,51.96932],[-5.09238,51.96946],[-5.09211,51.96935],[-5.09195,51.96914],[-5.09174,51.96908],[-5.09182,51.96892],[-5.09084,51.96884],[-5.09071,51.96881],[-5.09124,51.9685],[-5.09026,51.96855],[-5.08871,51.96794],[-5.08811,51.96831],[-5.08853,51.96841],[-5.08639,51.96799],[-5.08534,51.96855],[-5.08294,51.97082],[-5.08291,51.97117],[-5.08392,51.97185],[-5.08378,51.97233],[-5.0825,51.97311],[-5.08224,51.97408],[-5.08519,51.97482],[-5.08541,51.97494],[-5.08531,51.975],[-5.08498,51.97505],[-5.08476,51.97487],[-5.08438,51.97506],[-5.08362,51.97487],[-5.08332,51.97559],[-5.08444,51.97584],[-5.08419,51.9761],[-5.08482,51.97591],[-5.08468,51.97599],[-5.08459,51.97601],[-5.08463,51.97602],[-5.08444,51.97612],[-5.08531,51.97616],[-5.08527,51.97617],[-5.08506,51.97621],[-5.08464,51.97629],[-5.08474,51.97629],[-5.0846,51.97632],[-5.08465,51.97633],[-5.08476,51.97634],[-5.08505,51.97638],[-5.08475,51.97649],[-5.08485,51.97651],[-5.08469,51.97657],[-5.08449,51.97667],[-5.08538,51.97671],[-5.0851,51.97686],[-5.08521,51.97687],[-5.08513,51.97691],[-5.08509,51.97694],[-5.08525,51.97695],[-5.08561,51.97708],[-5.08535,51.97714],[-5.08536,51.97749],[-5.0858,51.97744],[-5.08611,51.97803],[-5.08559,51.97832],[-5.08561,51.97934],[-5.08598,51.97961],[-5.08653,51.97947],[-5.0866,51.97971],[-5.0866,51.97976],[-5.08661,51.97976],[-5.08662,51.9798],[-5.08748,51.9796],[-5.08712,51.97992],[-5.08762,51.98017],[-5.08673,51.98065],[-5.08672,51.98067],[-5.0867,51.98067],[-5.08655,51.98094],[-5.08645,51.9811],[-5.08594,51.98147],[-5.08533,51.98156],[-5.08537,51.9821],[-5.08537,51.9821],[-5.08537,51.9821],[-5.08539,51.98224],[-5.08611,51.9827],[-5.08458,51.98272],[-5.08435,51.983],[-5.08387,51.98308],[-5.08239,51.98296],[-5.08289,51.98357],[-5.08174,51.98392],[-5.08169,51.98421],[-5.08257,51.9841],[-5.08272,51.98418],[-5.08288,51.98428],[-5.08303,51.9844],[-5.08211,51.98466],[-5.08234,51.98472],[-5.0822,51.98478],[-5.08239,51.98475],[-5.08216,51.98486],[-5.08237,51.98482],[-5.08223,51.98498],[-5.082,51.98505],[-5.08216,51.98506],[-5.08214,51.98508],[-5.08195,51.98517],[-5.07991,51.98535],[-5.08047,51.9854],[-5.08018,51.98574],[-5.08109,51.98571],[-5.08033,51.98617],[-5.08066,51.98663],[-5.08244,51.98734],[-5.08323,51.98696],[-5.08366,51.98721],[-5.08459,51.98699],[-5.08479,51.98705],[-5.0849,51.98722],[-5.08493,51.98723],[-5.08493,51.98723],[-5.08526,51.98728],[-5.08614,51.98743],[-5.08614,51.98742],[-5.08615,51.98742],[-5.08636,51.98719],[-5.08734,51.98717],[-5.08871,51.98758],[-5.08876,51.98765],[-5.08886,51.98762],[-5.0892,51.98772],[-5.09113,51.98726],[-5.08836,51.98903],[-5.08827,51.99048],[-5.08885,51.99054],[-5.08897,51.99068],[-5.08929,51.99059],[-5.08863,51.99147],[-5.08949,51.99169],[-5.09015,51.99142],[-5.09052,51.99198],[-5.09256,51.99193],[-5.0922,51.99228],[-5.09178,51.99261],[-5.0918,51.99265],[-5.09139,51.99304],[-5.09247,51.99295],[-5.09417,51.99306],[-5.09503,51.99322],[-5.09543,51.99348],[-5.09565,51.99363],[-5.09511,51.99415],[-5.09329,51.99422],[-5.09219,51.99423],[-5.09227,51.99425],[-5.0922,51.99426],[-5.09236,51.99429],[-5.09249,51.99431],[-5.09163,51.99467],[-5.09138,51.99526],[-5.09102,51.99517],[-5.0905,51.99502],[-5.09049,51.99505],[-5.09044,51.99503],[-5.09045,51.99505],[-5.09037,51.99503],[-5.09041,51.99553],[-5.09008,51.99554],[-5.08961,51.99551],[-5.08967,51.99554],[-5.08963,51.99554],[-5.09005,51.99579],[-5.09019,51.99587],[-5.08984,51.99594],[-5.0885,51.9962],[-5.08847,51.99621],[-5.08842,51.99622],[-5.08842,51.99622],[-5.0884,51.99623],[-5.08821,51.99659],[-5.08791,51.99662],[-5.08797,51.99664],[-5.08813,51.99674],[-5.08712,51.99661],[-5.08721,51.99677],[-5.08669,51.99721],[-5.08652,51.99729],[-5.08662,51.99731],[-5.086,51.99763],[-5.08456,51.99792],[-5.08388,51.99801],[-5.08379,51.99807],[-5.08371,51.99807],[-5.08367,51.99809],[-5.08366,51.9981],[-5.08262,51.99875],[-5.07945,51.99967],[-5.07944,51.99971],[-5.07938,51.99973],[-5.07943,51.99979],[-5.07922,52.00073],[-5.078,52.00132],[-5.0774,52.00159],[-5.0774,52.00159],[-5.07736,52.00161],[-5.07735,52.00164],[-5.07258,52.00396],[-5.07217,52.00482],[-5.07308,52.00506],[-5.07312,52.00527],[-5.07235,52.0054],[-5.07284,52.00586],[-5.07516,52.00559],[-5.07544,52.0058],[-5.07556,52.00569],[-5.07574,52.00577],[-5.07586,52.00596],[-5.07596,52.00586],[-5.0761,52.00592],[-5.07611,52.0059],[-5.07611,52.00591],[-5.07612,52.00589],[-5.07622,52.00564],[-5.07717,52.00651],[-5.07757,52.00589],[-5.07768,52.00585],[-5.07806,52.00627],[-5.07808,52.00632],[-5.07809,52.00631],[-5.0781,52.00632],[-5.07843,52.00552],[-5.07932,52.00581],[-5.0794,52.0059],[-5.07946,52.00632],[-5.07843,52.00682],[-5.07888,52.00697],[-5.07883,52.00702],[-5.07887,52.00702],[-5.07885,52.00704],[-5.07909,52.00704],[-5.08001,52.00734],[-5.08008,52.00743],[-5.07946,52.00762],[-5.07965,52.00804],[-5.079,52.00827],[-5.07947,52.0093],[-5.08017,52.00953],[-5.0802,52.0097],[-5.07951,52.01052],[-5.07749,52.0106],[-5.07776,52.01149],[-5.0797,52.01148],[-5.07956,52.01168],[-5.08038,52.01181],[-5.08118,52.01166],[-5.08143,52.01163],[-5.08252,52.01207],[-5.08492,52.01203],[-5.08512,52.01203],[-5.08554,52.01255],[-5.0852,52.01268],[-5.08456,52.0129],[-5.08467,52.01289],[-5.08461,52.01291],[-5.08459,52.01292],[-5.08511,52.01289],[-5.08564,52.01288],[-5.08552,52.01312],[-5.08621,52.01286],[-5.08621,52.01286],[-5.0862,52.0129],[-5.08596,52.01364],[-5.08599,52.01367],[-5.08596,52.01373],[-5.08604,52.01378],[-5.08601,52.01396],[-5.08638,52.01403],[-5.08647,52.01382],[-5.08682,52.01343],[-5.08731,52.01342],[-5.08743,52.0136],[-5.0876,52.01405],[-5.08787,52.01384],[-5.08787,52.0139],[-5.08788,52.01389],[-5.08787,52.0139],[-5.08797,52.01377],[-5.08804,52.01372],[-5.08804,52.0144],[-5.0883,52.01368],[-5.08834,52.01422],[-5.0881,52.01471],[-5.08768,52.01497],[-5.08939,52.01461],[-5.08964,52.01533],[-5.08921,52.0162],[-5.08836,52.01606],[-5.08829,52.01605],[-5.08824,52.01621],[-5.08777,52.01689],[-5.08765,52.01792],[-5.08765,52.01793],[-5.08757,52.01817],[-5.0871,52.01869],[-5.08648,52.01867],[-5.08629,52.01912],[-5.08594,52.0197],[-5.08552,52.02035],[-5.08531,52.02052],[-5.0849,52.02046],[-5.08462,52.02031],[-5.08441,52.02051],[-5.08378,52.02068],[-5.08343,52.02065],[-5.0833,52.02102],[-5.08392,52.02122],[-5.08333,52.02132],[-5.08378,52.02141],[-5.08344,52.0219],[-5.08301,52.02229],[-5.0828,52.02212],[-5.08265,52.02237],[-5.08243,52.0225],[-5.08205,52.02246],[-5.082,52.02322],[-5.08125,52.02341],[-5.08112,52.02292],[-5.08028,52.02313],[-5.08074,52.02331],[-5.07903,52.02442],[-5.07873,52.02428],[-5.07854,52.02411],[-5.07865,52.02384],[-5.07714,52.02437],[-5.0769,52.02416],[-5.07686,52.02373],[-5.07629,52.02459],[-5.07622,52.02455],[-5.07586,52.02423],[-5.0758,52.02449],[-5.07576,52.02453],[-5.07505,52.02457],[-5.07511,52.02458],[-5.07536,52.02483],[-5.0753,52.02495],[-5.07456,52.02512],[-5.0744,52.02508],[-5.0739,52.02526],[-5.07383,52.02528],[-5.07346,52.02502],[-5.07262,52.02611],[-5.07178,52.02625],[-5.07142,52.02602],[-5.07216,52.02669],[-5.07145,52.02671],[-5.07166,52.02703],[-5.07064,52.02728],[-5.07145,52.02766],[-5.07147,52.02773],[-5.07199,52.02794],[-5.07151,52.0282],[-5.07219,52.02855],[-5.07175,52.02879],[-5.07234,52.02906],[-5.07213,52.02947],[-5.07119,52.02961],[-5.07101,52.03031],[-5.07032,52.02998],[-5.07043,52.03041],[-5.07027,52.03013],[-5.06997,52.03056],[-5.06953,52.03033],[-5.06958,52.03073],[-5.06863,52.0309],[-5.06801,52.03087],[-5.06658,52.03062],[-5.06639,52.03099],[-5.06499,52.0307],[-5.06481,52.03095],[-5.06484,52.03097],[-5.06483,52.03097],[-5.06485,52.03098],[-5.06535,52.03126],[-5.06534,52.03126],[-5.06468,52.03151],[-5.06463,52.03151],[-5.06402,52.03138],[-5.06435,52.03168],[-5.06433,52.03175],[-5.06416,52.03173],[-5.06386,52.03157],[-5.0638,52.03167],[-5.06333,52.0316],[-5.0637,52.03176],[-5.06343,52.03202]]],[[[-4.72956,52.11758],[-4.72899,52.11719],[-4.72883,52.11723],[-4.72882,52.11722],[-4.7288,52.11723],[-4.728,52.11739],[-4.72806,52.11632],[-4.72741,52.11652],[-4.72704,52.1164],[-4.72552,52.11554],[-4.72316,52.11499],[-4.72309,52.1146],[-4.7223,52.11432],[-4.72224,52.11426],[-4.72238,52.11374],[-4.72169,52.11367],[-4.72157,52.11355],[-4.72113,52.1125],[-4.72076,52.11252],[-4.72074,52.11212],[-4.72015,52.11182],[-4.71982,52.11198],[-4.71836,52.1116],[-4.71766,52.11188],[-4.71753,52.11175],[-4.71755,52.11164],[-4.71753,52.11164],[-4.71753,52.11161],[-4.71737,52.11158],[-4.71721,52.11141],[-4.71692,52.11151],[-4.71654,52.11158],[-4.71664,52.11144],[-4.71626,52.11155],[-4.71609,52.11137],[-4.7161,52.11135],[-4.71608,52.11136],[-4.71593,52.11121],[-4.7154,52.11148],[-4.71538,52.11148],[-4.71543,52.11095],[-4.71464,52.11121],[-4.71479,52.11083],[-4.71221,52.11076],[-4.71263,52.1105],[-4.71249,52.10991],[-4.71157,52.10957],[-4.71152,52.10954],[-4.71216,52.1097],[-4.71229,52.10913],[-4.71105,52.1082],[-4.7082,52.10786],[-4.70842,52.10772],[-4.70789,52.10751],[-4.70548,52.10747],[-4.70507,52.10718],[-4.70333,52.1075],[-4.70321,52.10639],[-4.70241,52.10588],[-4.69692,52.10586],[-4.6943,52.10552],[-4.69317,52.10507],[-4.69193,52.10388],[-4.69024,52.10326],[-4.69177,52.10226],[-4.69183,52.10237],[-4.69191,52.10281],[-4.6927,52.10335],[-4.69395,52.10297],[-4.69522,52.10299],[-4.69566,52.10256],[-4.69675,52.10236],[-4.69963,52.1001],[-4.7063,52.09809],[-4.70765,52.09661],[-4.70741,52.09596],[-4.70899,52.092],[-4.70953,52.0909],[-4.71065,52.08996],[-4.711,52.0875],[-4.71007,52.08607],[-4.71091,52.08564],[-4.71044,52.08478],[-4.70509,52.08406],[-4.70662,52.08076],[-4.70562,52.07412],[-4.70764,52.07358],[-4.70736,52.07297],[-4.70772,52.07254],[-4.71037,52.07111],[-4.71248,52.07064],[-4.71353,52.0706],[-4.71354,52.07087],[-4.71859,52.07027],[-4.72111,52.0703],[-4.72009,52.06823],[-4.71696,52.06417],[-4.71843,52.06282],[-4.7155,52.06266],[-4.71298,52.05872],[-4.71071,52.05731],[-4.71016,52.05622],[-4.71011,52.05599],[-4.71098,52.05609],[-4.71269,52.05572],[-4.71327,52.05515],[-4.71596,52.05503],[-4.71649,52.05291],[-4.7157,52.05266],[-4.71478,52.05055],[-4.71328,52.05037],[-4.7111,52.0476],[-4.70797,52.04601],[-4.70732,52.04485],[-4.70845,52.04329],[-4.70892,52.04177],[-4.70842,52.04028],[-4.71055,52.03879],[-4.71175,52.0386],[-4.71185,52.03812],[-4.71283,52.03783],[-4.71392,52.0377],[-4.71497,52.03798],[-4.71668,52.03737],[-4.71784,52.03733],[-4.71834,52.03609],[-4.72002,52.03532],[-4.72158,52.03529],[-4.72344,52.03485],[-4.72538,52.035],[-4.72544,52.03529],[-4.72598,52.03535],[-4.72664,52.03466],[-4.72699,52.03498],[-4.72733,52.03469],[-4.72793,52.03473],[-4.7283,52.03404],[-4.73115,52.03249],[-4.7299,52.03111],[-4.72749,52.03055],[-4.72907,52.02957],[-4.72818,52.02856],[-4.72854,52.02827],[-4.72905,52.02846],[-4.72917,52.02908],[-4.73158,52.0298],[-4.73261,52.02936],[-4.73354,52.02957],[-4.73658,52.02789],[-4.73708,52.0282],[-4.73837,52.0274],[-4.73835,52.02707],[-4.7355,52.0258],[-4.73595,52.02579],[-4.73705,52.02442],[-4.73452,52.02365],[-4.73241,52.02243],[-4.73171,52.023],[-4.73254,52.02308],[-4.73186,52.02345],[-4.73048,52.02291],[-4.72744,52.02277],[-4.72616,52.02309],[-4.72608,52.02277],[-4.72668,52.02248],[-4.72636,52.02217],[-4.72459,52.02252],[-4.72379,52.02236],[-4.7239,52.02153],[-4.72117,52.02096],[-4.72074,52.02016],[-4.71805,52.01795],[-4.71876,52.01783],[-4.71849,52.01733],[-4.71919,52.01633],[-4.7213,52.01504],[-4.72297,52.01469],[-4.72469,52.01493],[-4.7255,52.01463],[-4.72644,52.01468],[-4.7264,52.01409],[-4.72756,52.01437],[-4.72761,52.01502],[-4.72858,52.01593],[-4.73057,52.01672],[-4.73234,52.01681],[-4.73385,52.01739],[-4.73474,52.0172],[-4.73579,52.01363],[-4.7374,52.01157],[-4.7374,52.01072],[-4.73578,52.00966],[-4.7345,52.00566],[-4.73304,52.00345],[-4.73405,52.0026],[-4.73221,52.00142],[-4.73134,51.99973],[-4.73026,51.99984],[-4.72775,51.99758],[-4.72603,51.99787],[-4.72486,51.9973],[-4.72102,51.99833],[-4.7198,51.99774],[-4.7191,51.9978],[-4.71887,51.99749],[-4.71723,51.99789],[-4.71421,51.99621],[-4.71303,51.997],[-4.71308,51.99743],[-4.71277,51.99728],[-4.71253,51.99772],[-4.71015,51.9984],[-4.70727,51.99797],[-4.70514,51.99798],[-4.70388,51.99738],[-4.7025,51.99748],[-4.70147,51.99697],[-4.69894,51.99423],[-4.69832,51.9921],[-4.6967,51.99018],[-4.69728,51.99007],[-4.6948,51.98787],[-4.69393,51.98655],[-4.69247,51.98714],[-4.68926,51.98701],[-4.68926,51.98742],[-4.68822,51.98766],[-4.6829,51.98769],[-4.68113,51.98831],[-4.67712,51.98609],[-4.6763,51.98446],[-4.67494,51.98364],[-4.67428,51.98188],[-4.67204,51.97995],[-4.66901,51.97971],[-4.66577,51.97854],[-4.66433,51.97851],[-4.66105,51.97907],[-4.65672,51.97425],[-4.65523,51.96914],[-4.64997,51.96832],[-4.65088,51.96646],[-4.65093,51.9644],[-4.65275,51.95542],[-4.65079,51.95243],[-4.64919,51.95077],[-4.64908,51.94983],[-4.65224,51.9463],[-4.65334,51.94451],[-4.65276,51.9405],[-4.65305,51.93978],[-4.6552,51.93788],[-4.65811,51.93604],[-4.66391,51.92884],[-4.66524,51.92948],[-4.66785,51.93409],[-4.67032,51.93245],[-4.67133,51.9304],[-4.67301,51.92914],[-4.67331,51.92844],[-4.67693,51.9275],[-4.68079,51.92555],[-4.68189,51.92538],[-4.68256,51.9248],[-4.68479,51.92436],[-4.68576,51.92376],[-4.68779,51.92366],[-4.68912,51.92317],[-4.69105,51.92326],[-4.69199,51.92368],[-4.69292,51.92326],[-4.6944,51.92358],[-4.69561,51.92342],[-4.69713,51.92265],[-4.69798,51.92259],[-4.69845,51.92212],[-4.69894,51.92218],[-4.7,51.92147],[-4.70036,51.92167],[-4.7012,51.92152],[-4.70113,51.92094],[-4.70257,51.92117],[-4.70303,51.9208],[-4.70486,51.92049],[-4.70593,51.91848],[-4.70891,51.91729],[-4.70907,51.91696],[-4.71345,51.91585],[-4.71409,51.91624],[-4.7162,51.91596],[-4.71535,51.91757],[-4.7155,51.91952],[-4.71753,51.92041],[-4.71821,51.9204],[-4.71897,51.92135],[-4.72072,51.92139],[-4.7222,51.9236],[-4.72197,51.92413],[-4.72352,51.92501],[-4.72417,51.92473],[-4.7245,51.92539],[-4.72663,51.92687],[-4.72763,51.92667],[-4.7291,51.92765],[-4.72922,51.92825],[-4.73034,51.92868],[-4.72988,51.93036],[-4.7294,51.93053],[-4.73,51.93102],[-4.73073,51.93086],[-4.73068,51.93199],[-4.73218,51.9327],[-4.73197,51.9331],[-4.73284,51.93338],[-4.73363,51.9348],[-4.73444,51.93532],[-4.73472,51.9352],[-4.73527,51.93585],[-4.73627,51.93565],[-4.73687,51.93612],[-4.73746,51.93615],[-4.73803,51.93695],[-4.73846,51.937],[-4.73874,51.93753],[-4.73824,51.93785],[-4.73869,51.93855],[-4.73804,51.93882],[-4.73852,51.94015],[-4.73899,51.94086],[-4.74125,51.9424],[-4.74108,51.94291],[-4.74284,51.94247],[-4.74384,51.94259],[-4.74548,51.94223],[-4.74848,51.94211],[-4.7481,51.93982],[-4.7487,51.93766],[-4.75283,51.93334],[-4.75694,51.931],[-4.75884,51.93056],[-4.76538,51.9299],[-4.7859,51.92923],[-4.78834,51.92762],[-4.79477,51.92502],[-4.80135,51.9232],[-4.80165,51.92014],[-4.80117,51.91947],[-4.80151,51.91898],[-4.80461,51.91961],[-4.807,51.9197],[-4.81079,51.91898],[-4.81311,51.91885],[-4.81381,51.91913],[-4.81945,51.91797],[-4.82269,51.91787],[-4.82802,51.91879],[-4.83515,51.91844],[-4.8392,51.91969],[-4.84567,51.91981],[-4.8464,51.92016],[-4.84985,51.91863],[-4.85006,51.91939],[-4.85273,51.91914],[-4.85534,51.92006],[-4.86484,51.9207],[-4.8679,51.92169],[-4.87213,51.92206],[-4.87767,51.92367],[-4.87848,51.92477],[-4.87922,51.92513],[-4.88323,51.92497],[-4.88862,51.9252],[-4.89481,51.9262],[-4.89679,51.92601],[-4.89729,51.92671],[-4.89803,51.92683],[-4.8986,51.92743],[-4.89792,51.92928],[-4.89523,51.93045],[-4.89501,51.93118],[-4.89373,51.93169],[-4.89167,51.9336],[-4.89002,51.934],[-4.88967,51.93439],[-4.88896,51.93434],[-4.88732,51.93531],[-4.88592,51.93542],[-4.88617,51.93625],[-4.8882,51.93758],[-4.88853,51.9383],[-4.88253,51.93987],[-4.87766,51.94029],[-4.87462,51.94141],[-4.8694,51.9441],[-4.86609,51.9469],[-4.8657,51.95077],[-4.86705,51.95286],[-4.87064,51.95565],[-4.87353,51.95717],[-4.87445,51.95794],[-4.87434,51.95828],[-4.876,51.95919],[-4.87747,51.961],[-4.87942,51.9619],[-4.89367,51.96442],[-4.89569,51.96367],[-4.90135,51.96586],[-4.9057,51.96953],[-4.91028,51.97093],[-4.91408,51.9726],[-4.91534,51.97545],[-4.91672,51.97704],[-4.91948,51.97699],[-4.9243,51.97561],[-4.92563,51.97555],[-4.92639,51.97764],[-4.92781,51.97882],[-4.93326,51.98034],[-4.93769,51.98235],[-4.95011,51.98345],[-4.95533,51.98436],[-4.95644,51.98545],[-4.96225,51.98864],[-4.95952,51.98873],[-4.96023,51.98936],[-4.95802,51.99015],[-4.95801,51.99059],[-4.95647,51.99035],[-4.95549,51.99115],[-4.95657,51.99196],[-4.95616,51.99314],[-4.95784,51.99382],[-4.95718,51.99402],[-4.9567,51.9948],[-4.95378,51.99476],[-4.95319,51.99504],[-4.95195,51.99659],[-4.95212,51.99804],[-4.96197,51.99757],[-4.96608,51.99691],[-4.96914,51.99928],[-4.96964,51.9992],[-4.9707,51.99798],[-4.97178,51.99796],[-4.97043,51.99849],[-4.97079,51.9995],[-4.97017,52.00084],[-4.97099,52.001],[-4.97132,52.0013],[-4.97124,52.00145],[-4.9696,52.00171],[-4.96952,52.00171],[-4.96984,52.00132],[-4.96965,52.00135],[-4.96966,52.00134],[-4.96958,52.00136],[-4.96934,52.0014],[-4.96944,52.00133],[-4.96979,52.00122],[-4.9695,52.00126],[-4.9695,52.00126],[-4.96888,52.00134],[-4.96901,52.00114],[-4.96895,52.00115],[-4.96898,52.00111],[-4.96758,52.00138],[-4.96596,52.00165],[-4.96541,52.00143],[-4.96535,52.00167],[-4.96498,52.00143],[-4.9653,52.0012],[-4.96522,52.00121],[-4.96529,52.00115],[-4.96446,52.00128],[-4.96426,52.0013],[-4.9641,52.00118],[-4.96385,52.00063],[-4.96377,52.0006],[-4.96379,52.00016],[-4.96308,52.00002],[-4.96229,52.00034],[-4.96256,51.99991],[-4.96193,51.99978],[-4.96148,52.00015],[-4.96146,52.00014],[-4.96145,52.00017],[-4.9607,52.00078],[-4.96063,52.00081],[-4.95997,52.00076],[-4.9598,52.00057],[-4.9575,52.00111],[-4.95797,52.00148],[-4.95768,52.00185],[-4.95757,52.00195],[-4.95761,52.00214],[-4.95748,52.00235],[-4.95741,52.00236],[-4.95767,52.00254],[-4.95768,52.00255],[-4.95769,52.00262],[-4.95723,52.00287],[-4.95712,52.00293],[-4.95604,52.00294],[-4.95589,52.00244],[-4.95544,52.00255],[-4.95542,52.00253],[-4.95537,52.00257],[-4.95425,52.00305],[-4.95418,52.00301],[-4.95365,52.00323],[-4.95318,52.00294],[-4.95315,52.0029],[-4.95296,52.00321],[-4.95293,52.0032],[-4.9513,52.00291],[-4.95024,52.00337],[-4.95019,52.00301],[-4.94948,52.00349],[-4.94691,52.00403],[-4.94689,52.00404],[-4.94453,52.00436],[-4.94407,52.00545],[-4.94261,52.00558],[-4.94131,52.00663],[-4.9409,52.00725],[-4.94172,52.00765],[-4.94092,52.00792],[-4.93949,52.008],[-4.93948,52.00799],[-4.93937,52.00739],[-4.93831,52.00691],[-4.93612,52.00673],[-4.93544,52.00709],[-4.9357,52.00757],[-4.93472,52.00821],[-4.93544,52.00883],[-4.93388,52.00961],[-4.93366,52.0094],[-4.93175,52.00946],[-4.93173,52.00913],[-4.931,52.00884],[-4.92916,52.00868],[-4.92838,52.00922],[-4.92923,52.00956],[-4.92924,52.00964],[-4.92874,52.00986],[-4.92907,52.00995],[-4.92854,52.01044],[-4.92945,52.01046],[-4.9285,52.01067],[-4.92807,52.01045],[-4.9276,52.01082],[-4.92824,52.01093],[-4.9275,52.01117],[-4.9283,52.01118],[-4.92791,52.01159],[-4.9286,52.01144],[-4.92731,52.01209],[-4.92721,52.01167],[-4.92702,52.01173],[-4.92696,52.01175],[-4.92707,52.01167],[-4.92671,52.01182],[-4.9268,52.01149],[-4.92682,52.01148],[-4.9268,52.01149],[-4.9261,52.01165],[-4.92654,52.01134],[-4.92521,52.01079],[-4.92276,52.01129],[-4.92305,52.01095],[-4.92211,52.01073],[-4.92099,52.00977],[-4.91971,52.0101],[-4.92041,52.01088],[-4.91991,52.01107],[-4.92055,52.01117],[-4.92123,52.01197],[-4.92039,52.01206],[-4.92038,52.01239],[-4.92134,52.01252],[-4.92029,52.01254],[-4.92031,52.01301],[-4.92105,52.01316],[-4.91996,52.01369],[-4.92056,52.01369],[-4.9199,52.01406],[-4.92072,52.0143],[-4.9201,52.01445],[-4.92073,52.01458],[-4.92055,52.01482],[-4.91915,52.01534],[-4.91841,52.01602],[-4.91783,52.01618],[-4.91778,52.01617],[-4.91765,52.01589],[-4.91689,52.01586],[-4.91665,52.01638],[-4.91721,52.01661],[-4.91678,52.01671],[-4.91659,52.01761],[-4.9161,52.0175],[-4.91543,52.01735],[-4.91528,52.01772],[-4.91393,52.01791],[-4.91394,52.01818],[-4.91333,52.01827],[-4.91336,52.01866],[-4.91229,52.01907],[-4.91266,52.01941],[-4.91328,52.01938],[-4.91328,52.01939],[-4.91318,52.01962],[-4.91172,52.01938],[-4.91127,52.01982],[-4.91177,52.02021],[-4.91176,52.02024],[-4.9095,52.02124],[-4.90997,52.02218],[-4.91152,52.022],[-4.9114,52.02222],[-4.91286,52.02217],[-4.91237,52.02237],[-4.91251,52.02238],[-4.91362,52.02252],[-4.91353,52.02301],[-4.91204,52.02374],[-4.91262,52.02382],[-4.91264,52.02425],[-4.91408,52.02457],[-4.9139,52.025],[-4.91567,52.02515],[-4.91662,52.02552],[-4.91668,52.02554],[-4.91695,52.0257],[-4.91697,52.0257],[-4.91697,52.02571],[-4.91709,52.02573],[-4.91721,52.02575],[-4.91769,52.02593],[-4.91786,52.02619],[-4.91791,52.02634],[-4.91671,52.02693],[-4.91658,52.027],[-4.91675,52.02744],[-4.91677,52.0275],[-4.91749,52.0272],[-4.91729,52.02749],[-4.9171,52.02755],[-4.9171,52.02756],[-4.91669,52.0282],[-4.91537,52.02852],[-4.91606,52.02926],[-4.91687,52.02939],[-4.91721,52.02944],[-4.91712,52.02965],[-4.91697,52.02982],[-4.9169,52.02985],[-4.91646,52.03011],[-4.91576,52.03001],[-4.91527,52.03027],[-4.91546,52.0305],[-4.91508,52.0304],[-4.91387,52.03097],[-4.91217,52.03076],[-4.91126,52.03094],[-4.91192,52.03126],[-4.91146,52.03172],[-4.91167,52.03204],[-4.91133,52.03251],[-4.91146,52.03266],[-4.91125,52.03316],[-4.91151,52.03351],[-4.912,52.03343],[-4.91203,52.03348],[-4.91198,52.03355],[-4.91138,52.03395],[-4.91153,52.03414],[-4.91133,52.0344],[-4.91108,52.03455],[-4.91005,52.03488],[-4.91004,52.03487],[-4.91036,52.0343],[-4.90939,52.03443],[-4.90924,52.03441],[-4.90821,52.03409],[-4.9062,52.03444],[-4.90556,52.03482],[-4.9032,52.03453],[-4.90292,52.03381],[-4.90243,52.0338],[-4.90073,52.03358],[-4.90034,52.03344],[-4.90115,52.0326],[-4.90062,52.03221],[-4.89879,52.03232],[-4.89853,52.03175],[-4.8969,52.03153],[-4.89711,52.03111],[-4.89539,52.03105],[-4.89445,52.0308],[-4.89446,52.03081],[-4.89444,52.0308],[-4.89354,52.03046],[-4.89328,52.03029],[-4.89277,52.02992],[-4.89305,52.02961],[-4.89259,52.02947],[-4.89259,52.02945],[-4.89273,52.0293],[-4.89285,52.02921],[-4.89254,52.02877],[-4.89317,52.02828],[-4.89267,52.02802],[-4.89344,52.02776],[-4.89305,52.02738],[-4.89384,52.02694],[-4.89377,52.02659],[-4.89306,52.02657],[-4.89303,52.02655],[-4.893,52.02645],[-4.89311,52.02629],[-4.89376,52.02609],[-4.89337,52.02592],[-4.8934,52.02587],[-4.89398,52.02551],[-4.89345,52.02529],[-4.89248,52.0256],[-4.89449,52.02461],[-4.89416,52.02435],[-4.8949,52.02405],[-4.89423,52.02315],[-4.89111,52.02311],[-4.89076,52.0234],[-4.89107,52.02377],[-4.89108,52.0239],[-4.89098,52.02376],[-4.89095,52.02384],[-4.89026,52.02398],[-4.88977,52.02401],[-4.88994,52.02368],[-4.88995,52.02365],[-4.88993,52.02365],[-4.88993,52.02364],[-4.88929,52.02367],[-4.88936,52.02349],[-4.88945,52.02339],[-4.88803,52.02327],[-4.88794,52.02299],[-4.88792,52.02295],[-4.88866,52.02267],[-4.88782,52.02273],[-4.8878,52.02273],[-4.88827,52.02261],[-4.88845,52.02202],[-4.88736,52.02167],[-4.88783,52.02146],[-4.88754,52.021],[-4.88521,52.02036],[-4.88351,52.0205],[-4.88313,52.02018],[-4.88217,52.0204],[-4.88204,52.02069],[-4.88026,52.02047],[-4.88054,52.02016],[-4.87968,52.02031],[-4.8792,52.0201],[-4.87919,52.02007],[-4.87976,52.0194],[-4.8793,52.01914],[-4.87827,52.01904],[-4.8779,52.01928],[-4.87805,52.01975],[-4.87753,52.01986],[-4.87797,52.02014],[-4.87786,52.02107],[-4.87786,52.02053],[-4.87773,52.02107],[-4.87715,52.02061],[-4.87664,52.02122],[-4.87652,52.02124],[-4.87612,52.02075],[-4.87459,52.02065],[-4.87439,52.02031],[-4.87377,52.02026],[-4.87311,52.02039],[-4.87296,52.02131],[-4.87296,52.02131],[-4.87242,52.02138],[-4.87206,52.02194],[-4.87153,52.02084],[-4.87111,52.02133],[-4.87106,52.02133],[-4.87033,52.02109],[-4.87034,52.02103],[-4.87097,52.02067],[-4.87043,52.02078],[-4.87034,52.02073],[-4.87035,52.02071],[-4.86996,52.02028],[-4.86958,52.01929],[-4.86843,52.0193],[-4.86811,52.01898],[-4.86875,52.02089],[-4.86876,52.02096],[-4.86685,52.0206],[-4.86449,52.0208],[-4.86365,52.0215],[-4.86283,52.02165],[-4.86339,52.02184],[-4.86333,52.02195],[-4.86283,52.02224],[-4.8623,52.02242],[-4.86171,52.02229],[-4.8616,52.02222],[-4.86177,52.0218],[-4.86115,52.02178],[-4.86017,52.02218],[-4.86055,52.02277],[-4.86048,52.02287],[-4.86045,52.02289],[-4.86021,52.02281],[-4.86026,52.02296],[-4.85996,52.02308],[-4.85983,52.02278],[-4.85983,52.02277],[-4.85982,52.02278],[-4.85982,52.02276],[-4.85929,52.02309],[-4.8584,52.0223],[-4.85606,52.02278],[-4.85549,52.02259],[-4.85542,52.0221],[-4.85402,52.02182],[-4.85264,52.02229],[-4.8525,52.02273],[-4.85164,52.02286],[-4.85082,52.02246],[-4.85066,52.02179],[-4.84979,52.02189],[-4.84858,52.02159],[-4.84678,52.02194],[-4.84369,52.02138],[-4.84373,52.02101],[-4.8428,52.02078],[-4.84185,52.0209],[-4.84101,52.02159],[-4.84058,52.02155],[-4.84054,52.02188],[-4.83907,52.02184],[-4.83825,52.02108],[-4.83832,52.02073],[-4.839,52.02069],[-4.83859,52.0205],[-4.83421,52.02214],[-4.8321,52.0209],[-4.82888,52.0206],[-4.82832,52.01998],[-4.8278,52.02026],[-4.82592,52.01949],[-4.82538,52.0199],[-4.82584,52.01938],[-4.82481,52.0189],[-4.82428,52.0195],[-4.82351,52.01944],[-4.82352,52.01898],[-4.82332,52.01945],[-4.82264,52.01973],[-4.82007,52.01857],[-4.81938,52.0188],[-4.81945,52.01924],[-4.81778,52.01945],[-4.8168,52.01879],[-4.81437,52.01853],[-4.81431,52.01859],[-4.81402,52.01893],[-4.8168,52.01892],[-4.81768,52.01958],[-4.81959,52.01934],[-4.82002,52.01871],[-4.82241,52.02015],[-4.82443,52.02038],[-4.82518,52.02007],[-4.8249,52.02053],[-4.82564,52.02052],[-4.82561,52.02087],[-4.82656,52.02109],[-4.82603,52.0217],[-4.82628,52.02189],[-4.82546,52.02212],[-4.82785,52.02182],[-4.83281,52.02342],[-4.83431,52.02429],[-4.83581,52.02517],[-4.83839,52.02546],[-4.84067,52.02454],[-4.84133,52.02476],[-4.83742,52.02979],[-4.83845,52.0306],[-4.8386,52.03119],[-4.83819,52.03168],[-4.83862,52.03213],[-4.83778,52.03252],[-4.83797,52.03342],[-4.83884,52.03362],[-4.83881,52.03438],[-4.84042,52.03507],[-4.84322,52.03577],[-4.84429,52.03573],[-4.84399,52.03591],[-4.84429,52.03612],[-4.84533,52.03639],[-4.84649,52.03644],[-4.84632,52.03661],[-4.84599,52.03685],[-4.84603,52.03688],[-4.84603,52.03688],[-4.84584,52.03709],[-4.84643,52.03754],[-4.84755,52.03749],[-4.84778,52.03772],[-4.84745,52.03807],[-4.84632,52.03875],[-4.84626,52.03877],[-4.84585,52.03889],[-4.84731,52.03876],[-4.8469,52.03895],[-4.8467,52.03904],[-4.84644,52.03915],[-4.84687,52.03919],[-4.84675,52.04024],[-4.84522,52.04123],[-4.84524,52.0419],[-4.84518,52.04194],[-4.84518,52.04194],[-4.84514,52.04197],[-4.84526,52.04223],[-4.84527,52.04246],[-4.84479,52.04289],[-4.84453,52.04304],[-4.84445,52.0432],[-4.844,52.0436],[-4.8424,52.04413],[-4.84139,52.04494],[-4.84137,52.04574],[-4.84116,52.04638],[-4.83973,52.04712],[-4.83925,52.04695],[-4.8382,52.04723],[-4.83775,52.04757],[-4.83759,52.04759],[-4.83759,52.04768],[-4.83741,52.04781],[-4.83711,52.04784],[-4.83608,52.04788],[-4.83608,52.04791],[-4.83565,52.04795],[-4.83544,52.04899],[-4.83674,52.04917],[-4.83701,52.04938],[-4.83721,52.04955],[-4.83793,52.05034],[-4.83714,52.0505],[-4.83687,52.05044],[-4.83682,52.05047],[-4.83681,52.05047],[-4.83667,52.05059],[-4.83262,52.0514],[-4.83214,52.05141],[-4.83207,52.05135],[-4.83223,52.05121],[-4.83141,52.05074],[-4.8314,52.05073],[-4.8314,52.05073],[-4.83139,52.05072],[-4.83012,52.0514],[-4.82989,52.05204],[-4.82977,52.05214],[-4.82977,52.05215],[-4.82974,52.05217],[-4.8297,52.05255],[-4.82955,52.05296],[-4.82872,52.05363],[-4.82696,52.05411],[-4.82687,52.05402],[-4.82664,52.05419],[-4.82593,52.05392],[-4.82571,52.05395],[-4.82413,52.05418],[-4.82428,52.05453],[-4.82373,52.05473],[-4.82062,52.05528],[-4.81901,52.05597],[-4.81838,52.05572],[-4.81823,52.05566],[-4.81824,52.0555],[-4.81715,52.05547],[-4.81613,52.0561],[-4.81367,52.056],[-4.8113,52.05673],[-4.80991,52.05634],[-4.80935,52.05671],[-4.80832,52.05664],[-4.80774,52.05698],[-4.80714,52.05662],[-4.80711,52.05663],[-4.80706,52.0566],[-4.80514,52.05698],[-4.80276,52.05656],[-4.79853,52.0566],[-4.79305,52.05824],[-4.79143,52.05846],[-4.7899,52.05948],[-4.7878,52.06013],[-4.78543,52.06145],[-4.7852,52.06221],[-4.78477,52.06234],[-4.78497,52.06294],[-4.78444,52.06289],[-4.78436,52.06326],[-4.78434,52.06327],[-4.78436,52.06328],[-4.78436,52.06328],[-4.78436,52.06331],[-4.78431,52.06359],[-4.78491,52.06426],[-4.78548,52.06419],[-4.78497,52.06443],[-4.78497,52.06444],[-4.78495,52.06445],[-4.78503,52.06461],[-4.78503,52.06462],[-4.78333,52.06621],[-4.78189,52.0663],[-4.78121,52.06688],[-4.78121,52.06687],[-4.7812,52.06671],[-4.78119,52.06671],[-4.78118,52.0667],[-4.78046,52.0668],[-4.7801,52.06676],[-4.78013,52.06657],[-4.7802,52.06644],[-4.78011,52.06648],[-4.78011,52.06646],[-4.77918,52.0668],[-4.77903,52.06685],[-4.77734,52.06674],[-4.77732,52.06681],[-4.77731,52.06703],[-4.77729,52.06724],[-4.77706,52.06734],[-4.77727,52.06741],[-4.77717,52.06848],[-4.77603,52.06932],[-4.77358,52.06991],[-4.77441,52.07021],[-4.77459,52.07031],[-4.77432,52.07091],[-4.7727,52.0714],[-4.77293,52.07068],[-4.77309,52.07036],[-4.77299,52.07051],[-4.77301,52.07044],[-4.77291,52.07056],[-4.77298,52.07028],[-4.77254,52.07103],[-4.77222,52.07143],[-4.77099,52.07091],[-4.77129,52.07153],[-4.77068,52.07129],[-4.77072,52.07096],[-4.77009,52.07112],[-4.77148,52.07192],[-4.7708,52.07348],[-4.77075,52.07351],[-4.77014,52.07371],[-4.76894,52.07513],[-4.76714,52.07613],[-4.76717,52.07616],[-4.76737,52.07634],[-4.76624,52.07622],[-4.76495,52.07667],[-4.76559,52.07697],[-4.76551,52.07702],[-4.76558,52.07703],[-4.76555,52.07706],[-4.76564,52.07703],[-4.76575,52.07704],[-4.76669,52.07749],[-4.76617,52.07749],[-4.76601,52.07742],[-4.76599,52.07742],[-4.76599,52.07742],[-4.76599,52.07742],[-4.76583,52.07749],[-4.7643,52.0775],[-4.76424,52.07752],[-4.76335,52.07773],[-4.7634,52.07774],[-4.76333,52.07775],[-4.76351,52.07777],[-4.76166,52.07841],[-4.75905,52.07677],[-4.75867,52.07708],[-4.75893,52.07763],[-4.75977,52.07832],[-4.75989,52.07855],[-4.76022,52.07868],[-4.76039,52.07882],[-4.75931,52.07923],[-4.76037,52.07903],[-4.76107,52.0792],[-4.76089,52.07929],[-4.76048,52.07942],[-4.76012,52.07952],[-4.76017,52.07951],[-4.76016,52.07952],[-4.76044,52.07952],[-4.75887,52.08032],[-4.75918,52.08059],[-4.75973,52.08049],[-4.75943,52.08065],[-4.76073,52.08058],[-4.76042,52.08113],[-4.76048,52.08119],[-4.76036,52.0814],[-4.75952,52.08166],[-4.75917,52.08163],[-4.75901,52.08182],[-4.75873,52.08191],[-4.75876,52.08213],[-4.75862,52.08229],[-4.75879,52.08243],[-4.75881,52.08258],[-4.75735,52.0834],[-4.75793,52.08351],[-4.75788,52.08358],[-4.75766,52.08364],[-4.75767,52.08364],[-4.75766,52.08364],[-4.75773,52.08375],[-4.75751,52.08402],[-4.75853,52.08388],[-4.75854,52.08422],[-4.75593,52.08544],[-4.75594,52.08592],[-4.75481,52.08597],[-4.75544,52.08608],[-4.75539,52.08609],[-4.75583,52.08616],[-4.75556,52.08643],[-4.755,52.08681],[-4.75507,52.08694],[-4.75495,52.08707],[-4.75285,52.0881],[-4.75295,52.08817],[-4.75282,52.08828],[-4.75307,52.08833],[-4.75226,52.08836],[-4.75285,52.08893],[-4.75228,52.08923],[-4.75194,52.08929],[-4.75201,52.08936],[-4.7515,52.08962],[-4.7517,52.08966],[-4.75165,52.08968],[-4.75168,52.08968],[-4.75166,52.08969],[-4.75185,52.0897],[-4.7519,52.0897],[-4.75221,52.08977],[-4.75123,52.09073],[-4.75151,52.09141],[-4.75147,52.09151],[-4.75148,52.09151],[-4.75148,52.09152],[-4.75163,52.09172],[-4.75182,52.09219],[-4.75182,52.09221],[-4.75183,52.09222],[-4.75212,52.09294],[-4.75082,52.09322],[-4.75024,52.0932],[-4.75022,52.09322],[-4.75019,52.09322],[-4.75003,52.09338],[-4.74837,52.09374],[-4.7477,52.09433],[-4.74596,52.09478],[-4.74419,52.09587],[-4.74448,52.09688],[-4.74383,52.09733],[-4.74365,52.0974],[-4.74364,52.09746],[-4.74343,52.09761],[-4.74361,52.09779],[-4.74144,52.09863],[-4.74224,52.0991],[-4.74216,52.09954],[-4.74279,52.09964],[-4.74209,52.10044],[-4.74325,52.10218],[-4.74653,52.10362],[-4.74789,52.10307],[-4.74804,52.10317],[-4.74811,52.10327],[-4.74712,52.10355],[-4.74708,52.10387],[-4.74792,52.10367],[-4.74826,52.10375],[-4.74846,52.10383],[-4.74855,52.10382],[-4.74898,52.10393],[-4.74921,52.10372],[-4.74928,52.10371],[-4.74936,52.10382],[-4.749,52.1043],[-4.74916,52.10433],[-4.74909,52.10434],[-4.74818,52.10441],[-4.74801,52.10414],[-4.74745,52.10494],[-4.74605,52.10557],[-4.74569,52.10609],[-4.74452,52.10615],[-4.74331,52.10665],[-4.74306,52.10667],[-4.74196,52.10666],[-4.74137,52.10711],[-4.74187,52.10728],[-4.74031,52.10754],[-4.74004,52.10797],[-4.73959,52.10803],[-4.73894,52.10808],[-4.73893,52.10808],[-4.73889,52.10812],[-4.7367,52.10841],[-4.73376,52.11142],[-4.73428,52.11294],[-4.7324,52.11432],[-4.73251,52.1149],[-4.73316,52.11505],[-4.73314,52.1151],[-4.73315,52.11509],[-4.73312,52.11513],[-4.7334,52.1151],[-4.7335,52.11512],[-4.73349,52.11527],[-4.73347,52.11544],[-4.73347,52.11544],[-4.73347,52.11544],[-4.73209,52.11593],[-4.73216,52.11621],[-4.73267,52.11623],[-4.73263,52.11637],[-4.7318,52.11703],[-4.73158,52.11775],[-4.73134,52.11788],[-4.73008,52.11792],[-4.72973,52.11769],[-4.72969,52.11766],[-4.72971,52.11765],[-4.72956,52.11758]]]]}},{"type":"Feature","properties":{"name":"Eryri","kind":"national_park"},"geometry":{"type":"MultiPolygon","coordinates":[[[[-4.07744,52.60258],[-4.07699,52.60225],[-4.0786,52.60247],[-4.07744,52.60258]]],[[[-4.07644,52.60302],[-4.07629,52.60263],[-4.0785,52.60291],[-4.07873,52.60307],[-4.07825,52.60318],[-4.07768,52.60304],[-4.07644,52.60302]]],[[[-4.07386,52.60264],[-4.07471,52.60212],[-4.07557,52.60222],[-4.07438,52.603],[-4.07415,52.60414],[-4.07305,52.60504],[-4.07281,52.60472],[-4.07416,52.60354],[-4.07386,52.60264]]],[[[-3.92335,52.75439],[-3.92471,52.75411],[-3.92477,52.75459],[-3.92422,52.75506],[-3.92324,52.75544],[-3.92224,52.75541],[-3.92335,52.75439]]],[[[-3.92112,52.75618],[-3.9222,52.75563],[-3.9227,52.75566],[-3.92112,52.75618]]],[[[-4.13065,52.82354],[-4.13161,52.82269],[-4.13347,52.82266],[-4.13351,52.82311],[-4.1316,52.82446],[-4.12885,52.82442],[-4.12869,52.82416],[-4.12932,52.82386],[-4.13065,52.82354]]],[[[-4.07913,52.91285],[-4.08168,52.91053],[-4.08338,52.91148],[-4.08377,52.91171],[-4.08403,52.91272],[-4.08392,52.91355],[-4.08349,52.91379],[-4.08297,52.91409],[-4.08153,52.91413],[-4.08051,52.91402],[-4.08012,52.91292],[-4.07913,52.91285]]],[[[-3.87465,53.28693],[-3.87132,53.28627],[-3.85934,53.28666],[-3.85259,53.2865],[-3.84789,53.28554],[-3.84386,53.28523],[-3.8437,53.28459],[-3.84276,53.28455],[-3.84282,53.28348],[-3.83977,53.2835],[-3.83901,53.28268],[-3.84237,53.28127],[-3.84403,53.28119],[-3.84452,53.28014],[-3.84624,53.27904],[-3.84836,53.27909],[-3.85111,53.27832],[-3.85477,53.27672],[-3.85927,53.27601],[-3.86185,53.27466],[-3.86263,53.27325],[-3.86196,53.26829],[-3.86053,53.26766],[-3.8599,53.26635],[-3.85784,53.26459],[-3.85677,53.26418],[-3.85626,53.26331],[-3.8551,53.2628],[-3.85637,53.26243],[-3.85767,53.26147],[-3.85914,53.25951],[-3.8554,53.25711],[-3.85253,53.2565],[-3.85138,53.2566],[-3.8502,53.25571],[-3.8493,53.253],[-3.84957,53.25204],[-3.84903,53.25135],[-3.84695,53.25033],[-3.84613,53.24807],[-3.84679,53.24485],[-3.8473,53.24435],[-3.84741,53.24168],[-3.8469,53.24133],[-3.84542,53.24131],[-3.84664,53.23864],[-3.84995,53.23582],[-3.854,53.23361],[-3.85477,53.23289],[-3.85545,53.23111],[-3.85675,53.23014],[-3.85753,53.22883],[-3.85706,53.22721],[-3.8557,53.22523],[-3.8558,53.22433],[-3.85514,53.22401],[-3.85358,53.22199],[-3.85734,53.21844],[-3.85864,53.21792],[-3.86023,53.21472],[-3.86001,53.21393],[-3.85901,53.2131],[-3.85699,53.21262],[-3.8576,53.21179],[-3.85742,53.21104],[-3.85678,53.21067],[-3.85659,53.20924],[-3.85707,53.20815],[-3.85463,53.20747],[-3.85341,53.20653],[-3.85152,53.2059],[-3.85014,53.20415],[-3.84771,53.20361],[-3.84773,53.20246],[-3.85095,53.2016],[-3.85143,53.20023],[-3.85189,53.19998],[-3.85466,53.20165],[-3.85592,53.20165],[-3.85671,53.20056],[-3.85957,53.19913],[-3.85992,53.19869],[-3.85881,53.19856],[-3.85884,53.19756],[-3.85981,53.19657],[-3.85993,53.19458],[-3.86122,53.19386],[-3.86053,53.19334],[-3.86146,53.19243],[-3.86113,53.19014],[-3.86048,53.18961],[-3.8612,53.18862],[-3.85968,53.1878],[-3.85872,53.18633],[-3.85718,53.18598],[-3.85491,53.18666],[-3.85116,53.18684],[-3.84647,53.18819],[-3.84292,53.18881],[-3.84044,53.18495],[-3.83757,53.18226],[-3.83645,53.18026],[-3.83334,53.17887],[-3.83241,53.1777],[-3.83147,53.17716],[-3.82982,53.17223],[-3.82643,53.16773],[-3.82629,53.16333],[-3.82437,53.16184],[-3.82549,53.15744],[-3.82514,53.15434],[-3.82397,53.15282],[-3.8246,53.15166],[-3.82424,53.14815],[-3.82301,53.14679],[-3.8211,53.14599],[-3.81971,53.14424],[-3.81918,53.14109],[-3.81589,53.13985],[-3.81525,53.13896],[-3.81363,53.13793],[-3.81186,53.13686],[-3.81044,53.13651],[-3.80832,53.13383],[-3.80648,53.1332],[-3.80158,53.13259],[-3.79977,53.132],[-3.79942,53.13156],[-3.79964,53.13043],[-3.79901,53.12938],[-3.79708,53.12771],[-3.79626,53.12608],[-3.79476,53.12468],[-3.79384,53.12133],[-3.79405,53.11965],[-3.78812,53.11804],[-3.78746,53.11761],[-3.78668,53.11772],[-3.78425,53.11557],[-3.78261,53.11504],[-3.78165,53.11506],[-3.78114,53.11554],[-3.78062,53.11787],[-3.78136,53.12153],[-3.78067,53.12219],[-3.77951,53.12248],[-3.77893,53.12353],[-3.77708,53.12454],[-3.7761,53.12453],[-3.77216,53.11998],[-3.76987,53.11961],[-3.76862,53.11889],[-3.76705,53.11507],[-3.76081,53.11071],[-3.76001,53.10722],[-3.75871,53.10671],[-3.75802,53.1051],[-3.75663,53.10483],[-3.75494,53.10284],[-3.75348,53.10236],[-3.75233,53.09939],[-3.74758,53.09631],[-3.74462,53.09352],[-3.74345,53.09332],[-3.74103,53.09194],[-3.74005,53.09104],[-3.73749,53.087],[-3.73248,53.08435],[-3.72601,53.07797],[-3.72346,53.07639],[-3.71909,53.07492],[-3.71857,53.0723],[-3.71409,53.06853],[-3.71475,53.0668],[-3.71682,53.06526],[-3.71647,53.0641],[-3.7169,53.06203],[-3.7177,53.06098],[-3.71916,53.06032],[-3.71867,53.05929],[-3.72027,53.05754],[-3.72099,53.05586],[-3.71977,53.05251],[-3.7187,53.05114],[-3.71888,53.04991],[-3.71743,53.04772],[-3.71632,53.048],[-3.71516,53.0475],[-3.71159,53.04748],[-3.70908,53.04678],[-3.7081,53.04597],[-3.70684,53.04552],[-3.70267,53.04569],[-3.69986,53.0464],[-3.69828,53.04632],[-3.69755,53.04533],[-3.69685,53.04525],[-3.69658,53.04558],[-3.69722,53.04607],[-3.69622,53.04666],[-3.69516,53.04679],[-3.69181,53.0452],[-3.69191,53.04443],[-3.69097,53.04341],[-3.69171,53.04237],[-3.69012,53.04018],[-3.6901,53.03917],[-3.68913,53.03855],[-3.69012,53.03792],[-3.69006,53.03754],[-3.69096,53.03731],[-3.69097,53.03538],[-3.69039,53.0348],[-3.69087,53.03456],[-3.69139,53.03497],[-3.69367,53.03491],[-3.70002,53.03284],[-3.69847,53.03093],[-3.69568,53.0296],[-3.68899,53.02781],[-3.68695,53.02627],[-3.67608,53.02097],[-3.67004,53.01921],[-3.67225,53.01798],[-3.67575,53.01347],[-3.67715,53.01095],[-3.68144,53.00789],[-3.68211,53.00606],[-3.68216,53.00422],[-3.68699,52.99852],[-3.68856,52.99526],[-3.68892,52.99243],[-3.68757,52.99026],[-3.68329,52.98721],[-3.67825,52.99345],[-3.67295,52.99705],[-3.66464,52.99637],[-3.6601,52.99682],[-3.65658,52.9976],[-3.64826,53.00073],[-3.64363,53.00418],[-3.63643,53.00699],[-3.63634,53.00564],[-3.63543,53.00422],[-3.63362,53.00297],[-3.63309,52.99923],[-3.6314,52.99721],[-3.6309,52.99599],[-3.63104,52.99438],[-3.62826,52.99017],[-3.62961,52.98546],[-3.62928,52.98246],[-3.62685,52.97808],[-3.62605,52.97514],[-3.62097,52.97012],[-3.62234,52.96512],[-3.62234,52.96292],[-3.62435,52.96156],[-3.62548,52.95996],[-3.62516,52.9589],[-3.62379,52.95748],[-3.62412,52.95623],[-3.62328,52.95431],[-3.62348,52.95269],[-3.62222,52.94929],[-3.62354,52.94623],[-3.62863,52.94322],[-3.62932,52.93913],[-3.62782,52.9381],[-3.62586,52.93567],[-3.62044,52.93299],[-3.61801,52.93215],[-3.61703,52.93142],[-3.61161,52.92571],[-3.61026,52.92288],[-3.60894,52.92122],[-3.60827,52.91872],[-3.60763,52.91804],[-3.60708,52.91822],[-3.60437,52.9178],[-3.6037,52.91852],[-3.60081,52.91928],[-3.59868,52.91819],[-3.59357,52.91302],[-3.59073,52.91213],[-3.58796,52.9122],[-3.58644,52.91176],[-3.58635,52.9114],[-3.5884,52.90989],[-3.58837,52.9095],[-3.58724,52.90884],[-3.58523,52.90931],[-3.58457,52.90904],[-3.58411,52.90845],[-3.585,52.90792],[-3.58478,52.90703],[-3.58678,52.90659],[-3.58998,52.90464],[-3.59045,52.90314],[-3.5924,52.9023],[-3.58947,52.90162],[-3.58594,52.90181],[-3.58343,52.90231],[-3.58013,52.90316],[-3.56907,52.90703],[-3.56286,52.90839],[-3.56104,52.90823],[-3.55786,52.90698],[-3.55492,52.9075],[-3.55042,52.90778],[-3.54426,52.90945],[-3.53899,52.90842],[-3.53607,52.90863],[-3.53475,52.90815],[-3.53378,52.90655],[-3.5317,52.90632],[-3.53025,52.90542],[-3.52832,52.90491],[-3.52656,52.90497],[-3.52471,52.90466],[-3.52166,52.90506],[-3.51877,52.90343],[-3.51832,52.9038],[-3.51886,52.90484],[-3.51862,52.9058],[-3.5167,52.90728],[-3.51729,52.9059],[-3.51582,52.90437],[-3.51398,52.90365],[-3.51265,52.9025],[-3.51085,52.90202],[-3.50692,52.90216],[-3.49854,52.90136],[-3.49729,52.90057],[-3.49429,52.89715],[-3.49278,52.89642],[-3.48761,52.895],[-3.48618,52.89261],[-3.4854,52.88958],[-3.48267,52.88761],[-3.48218,52.88539],[-3.47969,52.8806],[-3.47917,52.87822],[-3.47642,52.87433],[-3.47906,52.87227],[-3.47841,52.87046],[-3.47896,52.86876],[-3.48347,52.86645],[-3.4831,52.8654],[-3.48679,52.86062],[-3.48961,52.8554],[-3.49045,52.84916],[-3.49726,52.84413],[-3.50277,52.839],[-3.51705,52.83508],[-3.5232,52.83528],[-3.52209,52.83726],[-3.53379,52.83811],[-3.55196,52.83389],[-3.56671,52.83003],[-3.56445,52.82674],[-3.56819,52.82299],[-3.57331,52.82352],[-3.57452,52.82426],[-3.57917,52.82586],[-3.58645,52.82776],[-3.5908,52.82191],[-3.59238,52.81781],[-3.59717,52.81402],[-3.59786,52.81167],[-3.59704,52.81005],[-3.59773,52.8086],[-3.59709,52.80519],[-3.59966,52.80353],[-3.60131,52.8015],[-3.60319,52.80078],[-3.60468,52.79892],[-3.60806,52.79672],[-3.60872,52.79573],[-3.60885,52.79414],[-3.60617,52.78961],[-3.60667,52.78679],[-3.60388,52.786],[-3.59986,52.78392],[-3.59911,52.78373],[-3.59752,52.78404],[-3.59752,52.78133],[-3.59886,52.78028],[-3.59934,52.77893],[-3.59758,52.77708],[-3.59622,52.77656],[-3.59593,52.77545],[-3.59427,52.77359],[-3.59367,52.76958],[-3.59251,52.76918],[-3.59179,52.76805],[-3.59186,52.76687],[-3.59078,52.76672],[-3.59041,52.76609],[-3.59065,52.76527],[-3.59435,52.76113],[-3.59362,52.75917],[-3.59488,52.7579],[-3.59479,52.75675],[-3.59239,52.7517],[-3.59141,52.75053],[-3.5897,52.74963],[-3.58979,52.74836],[-3.59044,52.74734],[-3.59013,52.74591],[-3.59084,52.74325],[-3.58798,52.73963],[-3.58384,52.73808],[-3.58496,52.73478],[-3.58629,52.73473],[-3.58699,52.73555],[-3.58768,52.73576],[-3.59089,52.73448],[-3.59295,52.73233],[-3.59338,52.73102],[-3.59562,52.72902],[-3.59792,52.72763],[-3.5985,52.72643],[-3.59934,52.72581],[-3.60034,52.72276],[-3.60096,52.72231],[-3.60051,52.72183],[-3.60087,52.72007],[-3.60235,52.71786],[-3.60149,52.71747],[-3.60112,52.71648],[-3.60241,52.71403],[-3.6021,52.71319],[-3.60407,52.71161],[-3.60467,52.70889],[-3.60345,52.70651],[-3.60203,52.70537],[-3.60216,52.7049],[-3.60309,52.70477],[-3.60483,52.70506],[-3.60557,52.70435],[-3.60748,52.70428],[-3.60989,52.70368],[-3.61019,52.70302],[-3.61164,52.70229],[-3.61252,52.7026],[-3.61443,52.70191],[-3.61814,52.69913],[-3.61804,52.6983],[-3.61857,52.69793],[-3.61954,52.69784],[-3.6197,52.69749],[-3.62151,52.69767],[-3.62339,52.69685],[-3.62464,52.69721],[-3.6278,52.69719],[-3.63017,52.69622],[-3.63171,52.69686],[-3.63296,52.69615],[-3.63479,52.69587],[-3.64259,52.69626],[-3.64576,52.69572],[-3.6484,52.69624],[-3.64819,52.69552],[-3.64971,52.69364],[-3.65152,52.69284],[-3.65325,52.69272],[-3.65433,52.69179],[-3.65653,52.69144],[-3.65765,52.69161],[-3.66006,52.69101],[-3.66453,52.69172],[-3.67684,52.69244],[-3.68088,52.69289],[-3.68048,52.69415],[-3.68217,52.69384],[-3.68233,52.69408],[-3.68696,52.69133],[-3.68793,52.69145],[-3.69135,52.68895],[-3.69347,52.68682],[-3.69517,52.68696],[-3.69502,52.68828],[-3.69613,52.68843],[-3.69725,52.68807],[-3.69894,52.68599],[-3.69713,52.68498],[-3.69511,52.68523],[-3.69403,52.68506],[-3.69231,52.68438],[-3.68964,52.68257],[-3.6867,52.6823],[-3.68524,52.68112],[-3.68348,52.68066],[-3.68396,52.67992],[-3.68635,52.67956],[-3.68722,52.67994],[-3.69077,52.68013],[-3.69201,52.68089],[-3.69557,52.68188],[-3.69654,52.68288],[-3.69999,52.68342],[-3.70084,52.68409],[-3.70331,52.68281],[-3.70397,52.68173],[-3.70364,52.68047],[-3.70141,52.67891],[-3.70146,52.6779],[-3.70299,52.67686],[-3.70658,52.67608],[-3.70727,52.67521],[-3.70698,52.67373],[-3.70624,52.67335],[-3.7063,52.67305],[-3.70911,52.67161],[-3.70927,52.67213],[-3.70801,52.67347],[-3.70888,52.67486],[-3.71211,52.67627],[-3.71271,52.67694],[-3.71272,52.67779],[-3.71423,52.67908],[-3.72412,52.67736],[-3.72603,52.67752],[-3.72905,52.6784],[-3.73095,52.67793],[-3.7358,52.67787],[-3.73752,52.67829],[-3.73781,52.67872],[-3.74006,52.6798],[-3.74395,52.68131],[-3.7456,52.68072],[-3.74586,52.68017],[-3.74909,52.67799],[-3.75346,52.6755],[-3.75528,52.67394],[-3.75533,52.67248],[-3.75876,52.67053],[-3.76093,52.67205],[-3.76563,52.67393],[-3.76695,52.67281],[-3.7685,52.67049],[-3.77509,52.67163],[-3.7781,52.67163],[-3.78159,52.67109],[-3.78309,52.6714],[-3.78408,52.67102],[-3.78722,52.6713],[-3.78811,52.67103],[-3.79492,52.6726],[-3.79788,52.67457],[-3.79962,52.67523],[-3.80107,52.67668],[-3.8012,52.67774],[-3.80215,52.67811],[-3.80128,52.67986],[-3.79992,52.68524],[-3.7964,52.69409],[-3.80146,52.69476],[-3.81008,52.69667],[-3.81438,52.69885],[-3.81878,52.69703],[-3.82062,52.69539],[-3.82066,52.69443],[-3.81989,52.69344],[-3.81703,52.69176],[-3.82024,52.69039],[-3.81916,52.68646],[-3.83148,52.68535],[-3.83207,52.68427],[-3.83328,52.6841],[-3.83451,52.6826],[-3.83972,52.68249],[-3.84071,52.68296],[-3.84429,52.68264],[-3.84511,52.68001],[-3.84586,52.67923],[-3.84945,52.67761],[-3.85284,52.67697],[-3.85387,52.67518],[-3.8561,52.67317],[-3.85636,52.67245],[-3.86124,52.67145],[-3.86566,52.66975],[-3.86995,52.66686],[-3.87221,52.66602],[-3.87237,52.66497],[-3.87318,52.66438],[-3.87291,52.66369],[-3.87357,52.66327],[-3.87499,52.66331],[-3.8763,52.66272],[-3.87699,52.6619],[-3.87917,52.66056],[-3.87883,52.65188],[-3.87483,52.64794],[-3.87357,52.64759],[-3.87218,52.64811],[-3.87066,52.64823],[-3.86648,52.64759],[-3.86268,52.64508],[-3.85729,52.64399],[-3.85275,52.64218],[-3.84973,52.64153],[-3.84802,52.64065],[-3.84628,52.64052],[-3.84523,52.64084],[-3.84435,52.64035],[-3.84375,52.6406],[-3.84168,52.63801],[-3.83664,52.63654],[-3.83513,52.63675],[-3.83403,52.63589],[-3.83507,52.6323],[-3.8377,52.63116],[-3.83958,52.63097],[-3.84131,52.63125],[-3.84393,52.63034],[-3.84617,52.62886],[-3.84646,52.62838],[-3.84616,52.62745],[-3.84528,52.62665],[-3.84579,52.62546],[-3.84475,52.62471],[-3.84361,52.62265],[-3.84573,52.62151],[-3.84927,52.62122],[-3.85031,52.62053],[-3.84975,52.61918],[-3.84679,52.61676],[-3.84658,52.61457],[-3.84507,52.61139],[-3.84527,52.61057],[-3.84689,52.60967],[-3.84874,52.60736],[-3.84704,52.60596],[-3.84459,52.60539],[-3.84309,52.60468],[-3.8432,52.60406],[-3.84177,52.60225],[-3.84199,52.60114],[-3.84584,52.60088],[-3.84691,52.5989],[-3.85102,52.59838],[-3.85386,52.59864],[-3.85431,52.59926],[-3.8536,52.60001],[-3.85703,52.60043],[-3.85945,52.59984],[-3.86186,52.5983],[-3.86276,52.59553],[-3.86424,52.5932],[-3.86656,52.59214],[-3.8715,52.59233],[-3.87403,52.59349],[-3.87475,52.59334],[-3.87609,52.5918],[-3.87441,52.59129],[-3.87288,52.58988],[-3.87274,52.58932],[-3.87331,52.58843],[-3.87521,52.58695],[-3.87545,52.58372],[-3.87805,52.5826],[-3.88,52.58417],[-3.88074,52.58429],[-3.88116,52.58403],[-3.8825,52.58281],[-3.88317,52.58129],[-3.88478,52.57962],[-3.88472,52.5788],[-3.88331,52.57768],[-3.88351,52.5773],[-3.88437,52.57726],[-3.88784,52.57842],[-3.88966,52.57725],[-3.89043,52.576],[-3.89146,52.57552],[-3.89352,52.57693],[-3.8922,52.57695],[-3.89205,52.57695],[-3.89189,52.57714],[-3.89679,52.57843],[-3.89682,52.57844],[-3.89693,52.57848],[-3.89756,52.57858],[-3.90007,52.57905],[-3.90185,52.57893],[-3.90551,52.57764],[-3.9066,52.57752],[-3.90946,52.57746],[-3.91059,52.57776],[-3.91203,52.57827],[-3.91203,52.57872],[-3.91207,52.57828],[-3.91309,52.57849],[-3.91353,52.57862],[-3.91374,52.57862],[-3.91465,52.5788],[-3.91476,52.57884],[-3.91477,52.57897],[-3.91478,52.57906],[-3.91504,52.57923],[-3.91658,52.57916],[-3.91814,52.58042],[-3.91658,52.57911],[-3.91506,52.57919],[-3.91488,52.57906],[-3.9158,52.5783],[-3.91431,52.57609],[-3.91415,52.5751],[-3.91425,52.57491],[-3.91653,52.57367],[-3.91835,52.57338],[-3.91787,52.57405],[-3.91848,52.57336],[-3.9208,52.57268],[-3.92367,52.57073],[-3.92549,52.57077],[-3.92679,52.57189],[-3.92832,52.57202],[-3.92919,52.57134],[-3.92974,52.56714],[-3.93064,52.56648],[-3.93097,52.5657],[-3.92897,52.56457],[-3.92776,52.56279],[-3.9277,52.55779],[-3.92906,52.55489],[-3.93162,52.55388],[-3.93399,52.55406],[-3.93641,52.55539],[-3.93641,52.55595],[-3.93603,52.55592],[-3.93577,52.55594],[-3.93528,52.55573],[-3.93522,52.55545],[-3.93516,52.55538],[-3.93477,52.5552],[-3.93518,52.55545],[-3.93516,52.55566],[-3.93533,52.5558],[-3.93564,52.55594],[-3.93589,52.55599],[-3.93615,52.55598],[-3.93657,52.55611],[-3.93845,52.55899],[-3.9398,52.55977],[-3.93982,52.5607],[-3.94003,52.5598],[-3.94305,52.56034],[-3.94578,52.56007],[-3.94464,52.56177],[-3.94659,52.56001],[-3.94801,52.56158],[-3.94672,52.56008],[-3.94837,52.56158],[-3.94941,52.56164],[-3.94834,52.56147],[-3.94704,52.56022],[-3.9485,52.56122],[-3.9467,52.5599],[-3.94941,52.55922],[-3.9505,52.55945],[-3.95098,52.55924],[-3.95398,52.55935],[-3.95479,52.55967],[-3.95458,52.56014],[-3.95455,52.56115],[-3.95466,52.56005],[-3.9549,52.55967],[-3.95471,52.55948],[-3.95899,52.56018],[-3.95951,52.56069],[-3.96049,52.56067],[-3.96208,52.56029],[-3.96772,52.55691],[-3.9713,52.55537],[-3.9725,52.55557],[-3.97271,52.55605],[-3.97335,52.55624],[-3.97609,52.55635],[-3.97688,52.55579],[-3.977,52.5563],[-3.97755,52.55622],[-3.98087,52.5551],[-3.98335,52.55509],[-3.98488,52.55432],[-3.98597,52.55483],[-3.98657,52.55471],[-3.98917,52.55346],[-3.99276,52.55239],[-3.99385,52.553],[-3.99524,52.5529],[-4.00141,52.55082],[-4.00332,52.55061],[-4.00692,52.54962],[-4.01001,52.54827],[-4.01433,52.54741],[-4.01741,52.54737],[-4.01781,52.54671],[-4.01851,52.54668],[-4.01811,52.54705],[-4.019,52.547],[-4.01914,52.54747],[-4.0197,52.5476],[-4.02412,52.54664],[-4.02664,52.54683],[-4.03333,52.54492],[-4.03631,52.54543],[-4.03693,52.54501],[-4.0388,52.54493],[-4.04051,52.54417],[-4.04348,52.54418],[-4.04406,52.54396],[-4.04382,52.5437],[-4.04787,52.54249],[-4.05497,52.54208],[-4.05958,52.54135],[-4.06103,52.54155],[-4.06126,52.54126],[-4.06582,52.54173],[-4.06654,52.5418],[-4.07009,52.54321],[-4.07135,52.54444],[-4.07337,52.54653],[-4.07538,52.54954],[-4.08139,52.55899],[-4.08233,52.56036],[-4.0842,52.56332],[-4.0851,52.56443],[-4.08521,52.56459],[-4.08583,52.56533],[-4.09268,52.57376],[-4.08976,52.57466],[-4.08751,52.57482],[-4.08174,52.57291],[-4.07535,52.57837],[-4.07461,52.57864],[-4.07684,52.58108],[-4.07555,52.58138],[-4.07634,52.58319],[-4.0763,52.58428],[-4.07497,52.58716],[-4.0747,52.58989],[-4.07379,52.59071],[-4.07298,52.59368],[-4.08535,52.59803],[-4.08835,52.59645],[-4.09067,52.60245],[-4.09071,52.60295],[-4.09063,52.60298],[-4.08493,52.60105],[-4.08112,52.60219],[-4.07916,52.60208],[-4.07497,52.60151],[-4.07332,52.60213],[-4.07334,52.60346],[-4.07191,52.60468],[-4.07156,52.60587],[-4.07219,52.60653],[-4.07384,52.60712],[-4.07467,52.60698],[-4.0739,52.60652],[-4.075,52.60662],[-4.0753,52.60734],[-4.07437,52.60802],[-4.07509,52.60802],[-4.07563,52.60802],[-4.07585,52.6067],[-4.07532,52.60616],[-4.074,52.60596],[-4.07364,52.60557],[-4.07575,52.60289],[-4.07833,52.60375],[-4.07975,52.60366],[-4.0842,52.60195],[-4.0852,52.60183],[-4.0879,52.60244],[-4.08915,52.6032],[-4.08957,52.6031],[-4.08955,52.6037],[-4.09004,52.60398],[-4.08966,52.60417],[-4.09205,52.60554],[-4.09141,52.60584],[-4.09194,52.60577],[-4.09233,52.60609],[-4.09248,52.60561],[-4.09395,52.60643],[-4.09457,52.60629],[-4.09519,52.60672],[-4.09574,52.60669],[-4.09595,52.60712],[-4.09763,52.60738],[-4.10158,52.60699],[-4.10565,52.60553],[-4.11089,52.60459],[-4.11248,52.60466],[-4.11535,52.60608],[-4.11305,52.60484],[-4.11612,52.60469],[-4.11855,52.6058],[-4.11871,52.60605],[-4.12084,52.60691],[-4.12301,52.60829],[-4.12452,52.60854],[-4.12494,52.60873],[-4.12596,52.60892],[-4.12623,52.60897],[-4.12643,52.60913],[-4.1274,52.60995],[-4.12858,52.61207],[-4.12856,52.61232],[-4.12806,52.61436],[-4.12444,52.6222],[-4.12372,52.62367],[-4.12302,52.62698],[-4.12288,52.62759],[-4.12084,52.63017],[-4.12053,52.6313],[-4.12041,52.63137],[-4.11985,52.63152],[-4.11977,52.63174],[-4.11955,52.63187],[-4.11945,52.63257],[-4.1194,52.63273],[-4.11735,52.63517],[-4.11734,52.63551],[-4.11692,52.63772],[-4.11717,52.63966],[-4.11662,52.64068],[-4.11518,52.64308],[-4.11433,52.64436],[-4.1102,52.64812],[-4.10671,52.65348],[-4.10665,52.65362],[-4.10663,52.65365],[-4.10655,52.65387],[-4.10581,52.6557],[-4.10547,52.6559],[-4.10446,52.65641],[-4.10422,52.65665],[-4.10396,52.6568],[-4.10217,52.65868],[-4.10117,52.65967],[-4.10055,52.662],[-4.09696,52.66416],[-4.09546,52.66664],[-4.09508,52.66805],[-4.09491,52.66841],[-4.09435,52.66871],[-4.09357,52.66902],[-4.08988,52.66981],[-4.08683,52.67082],[-4.08489,52.67132],[-4.08348,52.67194],[-4.08342,52.67196],[-4.08339,52.67198],[-4.08324,52.67204],[-4.08099,52.67343],[-4.07763,52.67642],[-4.07514,52.67781],[-4.07009,52.68128],[-4.06571,52.68279],[-4.0612,52.68572],[-4.056,52.68724],[-4.04717,52.69101],[-4.04493,52.69424],[-4.04546,52.69545],[-4.04479,52.69823],[-4.0391,52.69962],[-4.0378,52.70146],[-4.03576,52.70231],[-4.03249,52.70203],[-4.0293,52.70228],[-4.02879,52.70472],[-4.02919,52.7061],[-4.0288,52.70632],[-4.03074,52.7075],[-4.03244,52.71012],[-4.03738,52.71391],[-4.03585,52.71365],[-4.03566,52.71333],[-4.03527,52.71356],[-4.03567,52.71367],[-4.03143,52.71418],[-4.03062,52.71464],[-4.03021,52.7145],[-4.02952,52.71478],[-4.02866,52.71431],[-4.02733,52.7142],[-4.0266,52.71467],[-4.02601,52.71437],[-4.02452,52.71474],[-4.02456,52.71553],[-4.0221,52.71682],[-4.02133,52.71748],[-4.02139,52.71798],[-4.02033,52.71856],[-4.02035,52.7183],[-4.02007,52.71844],[-4.01957,52.71811],[-4.01776,52.71998],[-4.01624,52.72062],[-4.01522,52.72066],[-4.01467,52.72031],[-4.01437,52.71941],[-4.01473,52.71836],[-4.0135,52.71711],[-4.01519,52.71513],[-4.0144,52.71481],[-4.01411,52.71397],[-4.01305,52.71353],[-4.01284,52.71304],[-4.01133,52.71318],[-4.012,52.71314],[-4.01223,52.71343],[-4.011,52.71355],[-4.01218,52.71351],[-4.01385,52.71432],[-4.01225,52.71513],[-4.01295,52.7148],[-4.01298,52.71551],[-4.01226,52.71576],[-4.00917,52.71972],[-4.00914,52.71933],[-4.00876,52.71961],[-4.00916,52.71975],[-4.0081,52.72082],[-4.00697,52.72142],[-4.00466,52.72198],[-4.00436,52.72173],[-4.00343,52.72178],[-4.00161,52.72229],[-3.99943,52.72359],[-3.99809,52.72525],[-3.99704,52.72579],[-3.99676,52.72497],[-3.99491,52.72435],[-3.99652,52.72529],[-3.99655,52.72585],[-3.99609,52.72549],[-3.99632,52.72599],[-3.99547,52.72625],[-3.99563,52.72696],[-3.99632,52.72608],[-3.99694,52.726],[-3.99486,52.7283],[-3.99519,52.72839],[-3.99478,52.72903],[-3.99374,52.72943],[-3.99187,52.73092],[-3.98946,52.73595],[-3.98707,52.73683],[-3.98319,52.7377],[-3.9761,52.73789],[-3.97039,52.73965],[-3.97044,52.73876],[-3.97004,52.73907],[-3.97007,52.73866],[-3.9695,52.73863],[-3.97019,52.73946],[-3.96972,52.73939],[-3.96944,52.73975],[-3.96983,52.73943],[-3.97023,52.73975],[-3.96865,52.74106],[-3.96587,52.74249],[-3.96215,52.74538],[-3.95908,52.74697],[-3.95903,52.74699],[-3.95422,52.74898],[-3.95242,52.74915],[-3.95191,52.74866],[-3.95221,52.74848],[-3.94724,52.74908],[-3.95164,52.74873],[-3.95234,52.74923],[-3.95346,52.7491],[-3.95186,52.75027],[-3.94902,52.75102],[-3.94504,52.74953],[-3.94041,52.74895],[-3.94119,52.74855],[-3.94137,52.7484],[-3.94117,52.74805],[-3.94123,52.74848],[-3.94037,52.74895],[-3.93958,52.74896],[-3.93858,52.74781],[-3.93732,52.74767],[-3.93473,52.74842],[-3.93439,52.749],[-3.93325,52.74876],[-3.93301,52.74881],[-3.93273,52.74896],[-3.9324,52.74911],[-3.93194,52.74943],[-3.93092,52.75068],[-3.933,52.74888],[-3.93308,52.74882],[-3.93439,52.74904],[-3.93422,52.74968],[-3.93287,52.74992],[-3.93425,52.74973],[-3.93399,52.75071],[-3.93279,52.75157],[-3.92945,52.7524],[-3.93056,52.75122],[-3.9294,52.75241],[-3.92275,52.75393],[-3.92095,52.75565],[-3.91801,52.75666],[-3.91718,52.75613],[-3.91665,52.75397],[-3.91506,52.75206],[-3.91551,52.75201],[-3.91483,52.75046],[-3.91475,52.75042],[-3.91526,52.75195],[-3.91262,52.75232],[-3.91127,52.75302],[-3.91031,52.75202],[-3.90704,52.75154],[-3.90638,52.75192],[-3.90452,52.75164],[-3.90443,52.75174],[-3.90423,52.75195],[-3.90477,52.75209],[-3.90645,52.75195],[-3.90684,52.75192],[-3.90775,52.75185],[-3.90775,52.7521],[-3.90997,52.75214],[-3.91054,52.75243],[-3.91063,52.75248],[-3.91063,52.75258],[-3.91065,52.75333],[-3.90974,52.75365],[-3.90932,52.75284],[-3.90811,52.75219],[-3.9072,52.75246],[-3.90402,52.75253],[-3.90705,52.75252],[-3.90773,52.75309],[-3.90753,52.75379],[-3.90086,52.75586],[-3.90151,52.7565],[-3.90404,52.75517],[-3.90396,52.75561],[-3.9049,52.75615],[-3.90399,52.75559],[-3.90409,52.75516],[-3.90615,52.75448],[-3.90567,52.75499],[-3.90649,52.75434],[-3.90748,52.75423],[-3.90817,52.75347],[-3.90796,52.75246],[-3.90871,52.75272],[-3.90932,52.75383],[-3.90978,52.75394],[-3.91268,52.75278],[-3.91443,52.75243],[-3.91514,52.75266],[-3.91529,52.75456],[-3.91544,52.75479],[-3.91534,52.75388],[-3.91617,52.75463],[-3.91641,52.75594],[-3.91548,52.75485],[-3.9162,52.75588],[-3.91522,52.75599],[-3.91632,52.75595],[-3.91683,52.75686],[-3.91843,52.75694],[-3.92365,52.75551],[-3.9246,52.75511],[-3.9256,52.7541],[-3.93214,52.75314],[-3.93217,52.75326],[-3.93149,52.75338],[-3.93142,52.75344],[-3.93168,52.75414],[-3.93149,52.75341],[-3.93192,52.75337],[-3.93224,52.75328],[-3.93486,52.75172],[-3.93567,52.75085],[-3.93559,52.74935],[-3.93675,52.74907],[-3.93869,52.74973],[-3.94318,52.75398],[-3.9393,52.74996],[-3.95016,52.75289],[-3.95428,52.75193],[-3.95508,52.75132],[-3.95716,52.75076],[-3.95801,52.75017],[-3.95829,52.75045],[-3.9594,52.75012],[-3.96114,52.75072],[-3.96453,52.74999],[-3.96635,52.74995],[-3.96619,52.74973],[-3.96836,52.74924],[-3.97053,52.74806],[-3.97092,52.74856],[-3.97107,52.74826],[-3.97027,52.74766],[-3.97324,52.74621],[-3.97506,52.74441],[-3.97678,52.74335],[-3.97923,52.74245],[-3.98316,52.74184],[-3.98404,52.74059],[-3.98657,52.7395],[-3.98841,52.73939],[-3.98901,52.74038],[-3.98957,52.74034],[-3.98967,52.74029],[-3.99189,52.73925],[-3.99209,52.73962],[-3.99308,52.73941],[-3.99353,52.73969],[-3.99468,52.73964],[-3.99461,52.7392],[-3.99542,52.73879],[-3.99535,52.73942],[-3.99579,52.73972],[-3.99551,52.74024],[-3.99649,52.74115],[-3.99606,52.74066],[-3.99677,52.74071],[-3.9979,52.7398],[-3.99927,52.74011],[-3.9982,52.73954],[-3.99905,52.73893],[-3.99996,52.73704],[-4.00076,52.73721],[-4.0009,52.73831],[-4.00341,52.73812],[-4.00428,52.73682],[-4.00098,52.73723],[-4.00541,52.73649],[-4.00585,52.73591],[-4.00572,52.73633],[-4.00612,52.7364],[-4.00928,52.7358],[-4.01116,52.73583],[-4.01291,52.73533],[-4.01512,52.73578],[-4.02019,52.73514],[-4.02136,52.73527],[-4.02125,52.73546],[-4.02262,52.73541],[-4.02171,52.73516],[-4.02387,52.73451],[-4.02308,52.73559],[-4.0232,52.7361],[-4.02321,52.73546],[-4.02423,52.73445],[-4.02583,52.73366],[-4.02791,52.73192],[-4.02871,52.73012],[-4.03012,52.72873],[-4.03089,52.72723],[-4.03079,52.7268],[-4.03097,52.72683],[-4.03182,52.72658],[-4.03279,52.72675],[-4.03485,52.72916],[-4.03782,52.72825],[-4.03755,52.72988],[-4.04015,52.72872],[-4.0434,52.72902],[-4.04442,52.72852],[-4.04529,52.72869],[-4.0461,52.73028],[-4.04602,52.73123],[-4.0473,52.73212],[-4.04892,52.73231],[-4.04961,52.7332],[-4.04951,52.73386],[-4.05043,52.73455],[-4.05048,52.73596],[-4.04864,52.73805],[-4.04957,52.73915],[-4.05107,52.73994],[-4.05447,52.74008],[-4.05831,52.74122],[-4.05922,52.74187],[-4.0608,52.74622],[-4.05969,52.74747],[-4.05938,52.74891],[-4.06096,52.75019],[-4.06281,52.75059],[-4.06472,52.75146],[-4.06809,52.75156],[-4.07081,52.75013],[-4.07606,52.75014],[-4.08003,52.74977],[-4.08279,52.74899],[-4.08514,52.75109],[-4.08521,52.75115],[-4.08632,52.7522],[-4.08592,52.75232],[-4.08666,52.75238],[-4.08894,52.75452],[-4.08921,52.75551],[-4.0897,52.75544],[-4.08955,52.75564],[-4.09084,52.75609],[-4.09427,52.75911],[-4.10106,52.76509],[-4.10813,52.77009],[-4.1119,52.77349],[-4.11274,52.77488],[-4.12615,52.7852],[-4.12963,52.78826],[-4.13316,52.79069],[-4.14404,52.80074],[-4.14827,52.80514],[-4.1497,52.80714],[-4.15192,52.81286],[-4.15212,52.81382],[-4.15158,52.81474],[-4.14582,52.81945],[-4.14223,52.82073],[-4.14216,52.82078],[-4.14215,52.82078],[-4.14212,52.82081],[-4.13961,52.82251],[-4.13623,52.82368],[-4.13271,52.82578],[-4.13081,52.82628],[-4.12852,52.8261],[-4.12816,52.82578],[-4.12891,52.82536],[-4.13082,52.82591],[-4.13264,52.82556],[-4.13322,52.82518],[-4.13312,52.82478],[-4.13367,52.82497],[-4.13466,52.82393],[-4.13462,52.82369],[-4.1341,52.82373],[-4.13328,52.82437],[-4.13384,52.82374],[-4.13487,52.82353],[-4.13705,52.82219],[-4.13784,52.82116],[-4.1373,52.82017],[-4.13865,52.81915],[-4.13882,52.81858],[-4.14033,52.81789],[-4.14069,52.81766],[-4.14085,52.81745],[-4.14096,52.81735],[-4.14109,52.81715],[-4.14095,52.81662],[-4.1409,52.81714],[-4.14058,52.81764],[-4.14032,52.81768],[-4.1401,52.81767],[-4.14034,52.81747],[-4.14041,52.81734],[-4.14031,52.8173],[-4.13985,52.81766],[-4.13974,52.81751],[-4.13979,52.81767],[-4.13985,52.81767],[-4.13991,52.81767],[-4.14033,52.81732],[-4.14005,52.81763],[-4.14006,52.8177],[-4.14026,52.81781],[-4.13936,52.81798],[-4.13919,52.8178],[-4.13886,52.81773],[-4.13902,52.81739],[-4.13873,52.8169],[-4.1386,52.81715],[-4.13858,52.81684],[-4.13913,52.81659],[-4.13951,52.81677],[-4.13961,52.81673],[-4.13974,52.81662],[-4.13961,52.81546],[-4.13954,52.81672],[-4.13933,52.81662],[-4.13912,52.81655],[-4.13858,52.81662],[-4.13856,52.81591],[-4.13835,52.8163],[-4.13817,52.81604],[-4.13779,52.81559],[-4.13768,52.81596],[-4.13817,52.81609],[-4.13849,52.8169],[-4.13852,52.81725],[-4.13873,52.81722],[-4.13894,52.81738],[-4.13876,52.81775],[-4.13917,52.81789],[-4.13918,52.81803],[-4.13774,52.81889],[-4.13744,52.81858],[-4.1365,52.81875],[-4.13628,52.81861],[-4.13763,52.81845],[-4.13772,52.81794],[-4.13732,52.81815],[-4.13711,52.81821],[-4.13723,52.81795],[-4.13743,52.81787],[-4.13747,52.8178],[-4.13724,52.81751],[-4.13765,52.81743],[-4.13733,52.81745],[-4.13722,52.8175],[-4.13719,52.81756],[-4.13728,52.81768],[-4.13742,52.81784],[-4.13734,52.81789],[-4.13644,52.81801],[-4.13703,52.81797],[-4.13705,52.81825],[-4.13716,52.81826],[-4.13748,52.81817],[-4.13744,52.81844],[-4.1355,52.81849],[-4.1345,52.81882],[-4.13414,52.81761],[-4.13435,52.81877],[-4.13308,52.8189],[-4.13341,52.81908],[-4.133,52.81925],[-4.13473,52.8188],[-4.13557,52.81851],[-4.13605,52.8187],[-4.13347,52.81921],[-4.13229,52.81988],[-4.13364,52.82199],[-4.13324,52.82256],[-4.1329,52.82259],[-4.13318,52.82208],[-4.13143,52.82121],[-4.12941,52.82203],[-4.12822,52.82194],[-4.12713,52.82234],[-4.12405,52.82403],[-4.1236,52.82479],[-4.12174,52.82466],[-4.11978,52.8255],[-4.11866,52.82722],[-4.11942,52.82826],[-4.11857,52.83031],[-4.11766,52.83036],[-4.11761,52.82995],[-4.11654,52.83013],[-4.1179,52.8284],[-4.11573,52.83022],[-4.1124,52.82896],[-4.11144,52.82892],[-4.11176,52.82867],[-4.11103,52.82846],[-4.11146,52.82862],[-4.11115,52.82877],[-4.10831,52.82652],[-4.10793,52.82665],[-4.11087,52.8298],[-4.11154,52.82968],[-4.11542,52.83147],[-4.11489,52.83209],[-4.11555,52.8315],[-4.11671,52.83174],[-4.11908,52.83102],[-4.11968,52.83105],[-4.12087,52.83001],[-4.12236,52.82969],[-4.12259,52.82991],[-4.12585,52.82981],[-4.12692,52.82818],[-4.12871,52.8268],[-4.12922,52.82693],[-4.12782,52.82792],[-4.12672,52.83128],[-4.12683,52.83519],[-4.12556,52.83724],[-4.12478,52.83939],[-4.12429,52.84037],[-4.11942,52.84509],[-4.11878,52.8464],[-4.11899,52.84804],[-4.11958,52.84953],[-4.12064,52.85355],[-4.12281,52.8578],[-4.12644,52.86202],[-4.1272,52.86266],[-4.128,52.86384],[-4.14057,52.87728],[-4.14635,52.88434],[-4.14743,52.88862],[-4.14689,52.89118],[-4.14525,52.89375],[-4.14428,52.894],[-4.1426,52.89523],[-4.13964,52.89658],[-4.133,52.89747],[-4.13238,52.89713],[-4.13205,52.89754],[-4.13038,52.89626],[-4.13069,52.89787],[-4.12809,52.89766],[-4.12802,52.89683],[-4.12767,52.89753],[-4.12605,52.89806],[-4.12363,52.89788],[-4.12201,52.89833],[-4.12073,52.89804],[-4.12061,52.89776],[-4.12136,52.89673],[-4.1235,52.89605],[-4.12294,52.89606],[-4.12262,52.89455],[-4.12251,52.89628],[-4.1208,52.89646],[-4.12054,52.89599],[-4.12073,52.89704],[-4.11998,52.89731],[-4.11887,52.89699],[-4.11986,52.89752],[-4.1197,52.89771],[-4.11761,52.89824],[-4.11688,52.89774],[-4.1154,52.89754],[-4.11527,52.89713],[-4.11519,52.89758],[-4.11562,52.89772],[-4.11521,52.89782],[-4.11618,52.89794],[-4.11654,52.89835],[-4.1161,52.89822],[-4.11566,52.89856],[-4.1138,52.89891],[-4.11169,52.89867],[-4.11307,52.89888],[-4.11262,52.89943],[-4.10957,52.90049],[-4.10975,52.90015],[-4.10987,52.8999],[-4.10974,52.89943],[-4.10973,52.90002],[-4.10873,52.90048],[-4.10667,52.90015],[-4.10626,52.90042],[-4.0975,52.90147],[-4.09728,52.90103],[-4.09799,52.90102],[-4.09734,52.90098],[-4.09708,52.90017],[-4.09718,52.90092],[-4.09659,52.90054],[-4.09726,52.90133],[-4.09671,52.90151],[-4.09347,52.90152],[-4.09383,52.90098],[-4.09319,52.90154],[-4.08648,52.90196],[-4.08291,52.90171],[-4.08275,52.9017],[-4.08289,52.90136],[-4.08323,52.90052],[-4.0838,52.90052],[-4.08324,52.90048],[-4.08284,52.89948],[-4.0832,52.89851],[-4.08275,52.89841],[-4.08145,52.89812],[-4.08276,52.89871],[-4.08288,52.89876],[-4.08278,52.89901],[-4.08264,52.89934],[-4.08172,52.89964],[-4.0812,52.89846],[-4.08037,52.89874],[-4.0791,52.89845],[-4.07939,52.89787],[-4.07861,52.89768],[-4.07859,52.89719],[-4.07849,52.89715],[-4.07811,52.89715],[-4.0776,52.8975],[-4.07749,52.89749],[-4.07293,52.89354],[-4.0774,52.89757],[-4.07762,52.89759],[-4.07814,52.89723],[-4.07849,52.89719],[-4.07847,52.89775],[-4.07923,52.89791],[-4.07885,52.89887],[-4.07812,52.89887],[-4.07883,52.89896],[-4.07911,52.89854],[-4.08048,52.89888],[-4.08107,52.89856],[-4.08132,52.89956],[-4.08193,52.8999],[-4.0815,52.90016],[-4.08263,52.89968],[-4.08283,52.90002],[-4.08296,52.90025],[-4.08284,52.90034],[-4.08166,52.90125],[-4.07902,52.90168],[-4.07835,52.90221],[-4.07883,52.90211],[-4.07877,52.90302],[-4.0778,52.90271],[-4.07832,52.90302],[-4.07778,52.90338],[-4.07879,52.90305],[-4.07913,52.9029],[-4.08007,52.90366],[-4.0798,52.90395],[-4.07814,52.90383],[-4.07724,52.90441],[-4.07577,52.90433],[-4.07483,52.90464],[-4.07454,52.90478],[-4.07163,52.90616],[-4.07432,52.90506],[-4.07479,52.9047],[-4.07535,52.90468],[-4.07569,52.9045],[-4.07652,52.90487],[-4.0765,52.90556],[-4.07592,52.90586],[-4.07481,52.90533],[-4.0741,52.90566],[-4.07351,52.90622],[-4.07416,52.9065],[-4.07336,52.9069],[-4.07423,52.9071],[-4.07311,52.90718],[-4.07316,52.90756],[-4.07185,52.90726],[-4.0717,52.90712],[-4.07088,52.90689],[-4.07109,52.90672],[-4.07094,52.90661],[-4.07069,52.90658],[-4.07047,52.90663],[-4.06943,52.90719],[-4.06852,52.908],[-4.06866,52.90852],[-4.06812,52.90874],[-4.06863,52.90954],[-4.06818,52.90875],[-4.06879,52.9085],[-4.06856,52.90802],[-4.07054,52.90665],[-4.07079,52.90662],[-4.07084,52.90695],[-4.0713,52.90713],[-4.07165,52.90718],[-4.07151,52.90761],[-4.07213,52.90782],[-4.0724,52.90776],[-4.07256,52.90793],[-4.0713,52.90862],[-4.07098,52.90853],[-4.0708,52.90904],[-4.0726,52.90795],[-4.07258,52.90785],[-4.07242,52.90773],[-4.07217,52.90777],[-4.07157,52.9076],[-4.07184,52.90729],[-4.07328,52.9076],[-4.07316,52.90725],[-4.07437,52.90709],[-4.07355,52.90684],[-4.07428,52.9065],[-4.07363,52.90618],[-4.07415,52.90573],[-4.07498,52.90545],[-4.07584,52.90598],[-4.07673,52.90565],[-4.07683,52.90493],[-4.07618,52.90446],[-4.07737,52.90456],[-4.07716,52.90505],[-4.07723,52.90511],[-4.07763,52.9052],[-4.0775,52.90532],[-4.07715,52.90602],[-4.07762,52.90543],[-4.07757,52.90537],[-4.07767,52.90522],[-4.07766,52.90514],[-4.07738,52.90507],[-4.07726,52.90507],[-4.07754,52.90446],[-4.07818,52.90433],[-4.07824,52.9046],[-4.07825,52.90431],[-4.07766,52.90428],[-4.0779,52.90402],[-4.07928,52.90418],[-4.0802,52.90388],[-4.08014,52.90339],[-4.07913,52.90266],[-4.07937,52.90175],[-4.08091,52.90155],[-4.08164,52.90186],[-4.08249,52.90273],[-4.08229,52.90296],[-4.08205,52.90298],[-4.08168,52.90269],[-4.08154,52.9027],[-4.08144,52.90273],[-4.08137,52.90318],[-4.08156,52.90275],[-4.0819,52.90296],[-4.08213,52.90303],[-4.08241,52.90298],[-4.0826,52.90265],[-4.08295,52.90268],[-4.08326,52.90271],[-4.08344,52.90314],[-4.08299,52.90338],[-4.08351,52.90316],[-4.08354,52.90258],[-4.08536,52.90268],[-4.08556,52.90319],[-4.08325,52.90414],[-4.08304,52.9044],[-4.08209,52.90557],[-4.08196,52.90561],[-4.08187,52.9052],[-4.08176,52.90512],[-4.08129,52.90494],[-4.08036,52.90505],[-4.08057,52.90455],[-4.08026,52.90442],[-4.08014,52.90445],[-4.07958,52.90476],[-4.08001,52.90501],[-4.07979,52.90523],[-4.07908,52.90535],[-4.07912,52.90542],[-4.07937,52.90566],[-4.07892,52.90568],[-4.07832,52.90601],[-4.07754,52.90702],[-4.07616,52.9066],[-4.07427,52.90769],[-4.07407,52.90806],[-4.07611,52.90668],[-4.07754,52.9071],[-4.07847,52.90598],[-4.07937,52.90578],[-4.07951,52.90562],[-4.07938,52.90549],[-4.07926,52.90545],[-4.07918,52.90538],[-4.07985,52.90528],[-4.0801,52.90493],[-4.07971,52.90479],[-4.08029,52.9045],[-4.08024,52.90509],[-4.08121,52.905],[-4.08171,52.90517],[-4.08036,52.90729],[-4.07972,52.9074],[-4.07943,52.90717],[-4.07932,52.90715],[-4.07911,52.90724],[-4.0791,52.90777],[-4.07888,52.90758],[-4.07872,52.90758],[-4.07821,52.90773],[-4.07814,52.90787],[-4.0778,52.90778],[-4.07744,52.90778],[-4.07718,52.90792],[-4.07722,52.9076],[-4.07663,52.9085],[-4.07737,52.90791],[-4.07774,52.90782],[-4.07816,52.90799],[-4.07831,52.90777],[-4.07886,52.90764],[-4.07906,52.90782],[-4.07919,52.90779],[-4.0792,52.90726],[-4.0794,52.90721],[-4.07956,52.9074],[-4.07982,52.90752],[-4.08027,52.90746],[-4.07879,52.9092],[-4.07712,52.90875],[-4.07591,52.90942],[-4.0756,52.90928],[-4.07467,52.9093],[-4.07434,52.90953],[-4.07335,52.90935],[-4.07436,52.90965],[-4.07473,52.90939],[-4.07501,52.9094],[-4.07597,52.90949],[-4.07721,52.9088],[-4.07809,52.90917],[-4.07616,52.91079],[-4.07539,52.91011],[-4.07557,52.90971],[-4.07549,52.90956],[-4.07527,52.9095],[-4.07497,52.90957],[-4.07477,52.90967],[-4.07449,52.90988],[-4.07421,52.91008],[-4.0738,52.90998],[-4.07368,52.91002],[-4.07347,52.91027],[-4.07342,52.91006],[-4.07318,52.91004],[-4.07277,52.91015],[-4.07279,52.91003],[-4.0727,52.91015],[-4.07277,52.91019],[-4.0726,52.9104],[-4.0723,52.91032],[-4.0722,52.91027],[-4.07191,52.91041],[-4.0719,52.91057],[-4.07144,52.91056],[-4.07133,52.9106],[-4.07175,52.91087],[-4.07163,52.91098],[-4.07137,52.91097],[-4.07136,52.91118],[-4.071,52.91055],[-4.0709,52.91051],[-4.07045,52.91061],[-4.0704,52.91068],[-4.07027,52.91096],[-4.07027,52.91113],[-4.06982,52.91076],[-4.06966,52.91103],[-4.06984,52.91086],[-4.07014,52.91112],[-4.07025,52.91116],[-4.07034,52.91111],[-4.07044,52.91069],[-4.07091,52.91054],[-4.07126,52.91124],[-4.07138,52.9112],[-4.07142,52.91113],[-4.0714,52.91099],[-4.07165,52.91102],[-4.0718,52.91092],[-4.07176,52.9107],[-4.0714,52.9106],[-4.07186,52.91064],[-4.07225,52.91032],[-4.07241,52.91045],[-4.07258,52.91044],[-4.0731,52.91014],[-4.07333,52.91034],[-4.07309,52.91041],[-4.07284,52.91058],[-4.07333,52.91036],[-4.07369,52.91024],[-4.07377,52.91004],[-4.07431,52.91022],[-4.07483,52.90974],[-4.07494,52.90964],[-4.07528,52.90957],[-4.07547,52.90964],[-4.07522,52.91002],[-4.07474,52.91],[-4.07481,52.91087],[-4.0745,52.91078],[-4.07422,52.91076],[-4.07397,52.91095],[-4.07333,52.91101],[-4.0731,52.91086],[-4.07328,52.91133],[-4.07157,52.91145],[-4.0728,52.91148],[-4.07318,52.91141],[-4.07327,52.91137],[-4.07335,52.91131],[-4.07349,52.91105],[-4.07399,52.91108],[-4.07437,52.91083],[-4.07454,52.91095],[-4.07482,52.91095],[-4.07523,52.9104],[-4.07495,52.91107],[-4.07384,52.91165],[-4.07369,52.9119],[-4.07321,52.91278],[-4.07391,52.9119],[-4.07479,52.9135],[-4.07379,52.91522],[-4.07322,52.9149],[-4.0729,52.9148],[-4.07305,52.91388],[-4.0728,52.91475],[-4.07292,52.9149],[-4.07315,52.91495],[-4.07301,52.91516],[-4.07154,52.91526],[-4.07145,52.91425],[-4.07145,52.91524],[-4.07079,52.91578],[-4.0695,52.91598],[-4.06907,52.91585],[-4.06938,52.91576],[-4.06957,52.91557],[-4.06931,52.91497],[-4.06936,52.91488],[-4.06995,52.91533],[-4.07003,52.91561],[-4.07013,52.91564],[-4.07013,52.91557],[-4.07,52.91534],[-4.06984,52.91512],[-4.06938,52.91483],[-4.0693,52.91489],[-4.06927,52.91503],[-4.06949,52.9156],[-4.06913,52.91576],[-4.06912,52.91482],[-4.06805,52.91435],[-4.06896,52.9141],[-4.06894,52.91376],[-4.06736,52.91338],[-4.06749,52.91326],[-4.0676,52.91321],[-4.06817,52.91251],[-4.06801,52.91215],[-4.06864,52.91133],[-4.06846,52.91026],[-4.06916,52.91055],[-4.06976,52.91021],[-4.06919,52.91052],[-4.06843,52.91023],[-4.06832,52.91048],[-4.06858,52.91134],[-4.06791,52.91214],[-4.06812,52.91251],[-4.06766,52.91305],[-4.06745,52.91312],[-4.06744,52.91289],[-4.06733,52.91287],[-4.06722,52.9129],[-4.06656,52.91339],[-4.0673,52.91291],[-4.06731,52.91314],[-4.06727,52.91342],[-4.06734,52.91349],[-4.06882,52.91376],[-4.06881,52.91404],[-4.06788,52.91436],[-4.06897,52.91487],[-4.06896,52.91595],[-4.07024,52.91619],[-4.06915,52.91652],[-4.06789,52.91628],[-4.0664,52.91664],[-4.06678,52.91631],[-4.06621,52.91598],[-4.06692,52.91585],[-4.0671,52.91575],[-4.06674,52.91534],[-4.06752,52.91535],[-4.0675,52.91517],[-4.0673,52.91501],[-4.06706,52.91496],[-4.06663,52.9151],[-4.0666,52.91489],[-4.06713,52.91488],[-4.06702,52.91474],[-4.06677,52.91464],[-4.06719,52.91448],[-4.06714,52.91442],[-4.06704,52.91436],[-4.0669,52.91434],[-4.06668,52.91441],[-4.06636,52.91457],[-4.06629,52.91451],[-4.06636,52.91442],[-4.06692,52.91399],[-4.06684,52.91393],[-4.06672,52.9139],[-4.06559,52.91403],[-4.06553,52.9141],[-4.06556,52.91425],[-4.06506,52.91413],[-4.06551,52.91432],[-4.06563,52.91429],[-4.06559,52.91419],[-4.06567,52.91406],[-4.06682,52.91395],[-4.06626,52.91446],[-4.06625,52.91453],[-4.0663,52.91459],[-4.06642,52.91459],[-4.06689,52.91437],[-4.06702,52.91439],[-4.06668,52.9146],[-4.06671,52.91467],[-4.06707,52.91486],[-4.06615,52.91488],[-4.06649,52.91489],[-4.06653,52.91509],[-4.06664,52.91516],[-4.06711,52.915],[-4.06745,52.91523],[-4.06656,52.91534],[-4.06694,52.91579],[-4.06591,52.91596],[-4.0666,52.91631],[-4.06597,52.9169],[-4.0653,52.91687],[-4.06479,52.91588],[-4.06523,52.91682],[-4.06346,52.91625],[-4.06526,52.91696],[-4.06573,52.91701],[-4.06764,52.91646],[-4.06878,52.91671],[-4.07093,52.91632],[-4.07174,52.91652],[-4.07169,52.91653],[-4.06695,52.91687],[-4.06545,52.91722],[-4.06401,52.91831],[-4.06378,52.91834],[-4.06267,52.91805],[-4.06345,52.91757],[-4.06341,52.91646],[-4.06323,52.91639],[-4.06111,52.91632],[-4.06105,52.9158],[-4.06078,52.91624],[-4.06109,52.91635],[-4.06321,52.91645],[-4.06336,52.91759],[-4.06136,52.91752],[-4.06038,52.91688],[-4.06034,52.91692],[-4.06123,52.91752],[-4.06297,52.91777],[-4.06046,52.91824],[-4.05956,52.9178],[-4.05906,52.91799],[-4.0591,52.91785],[-4.05864,52.91781],[-4.05851,52.91676],[-4.05855,52.91783],[-4.05903,52.91787],[-4.05891,52.91805],[-4.05918,52.918],[-4.05956,52.91787],[-4.06024,52.91819],[-4.06043,52.91828],[-4.06056,52.91828],[-4.0572,52.92077],[-4.05758,52.91969],[-4.05644,52.92214],[-4.05604,52.92222],[-4.05581,52.92342],[-4.05511,52.92338],[-4.05501,52.92303],[-4.05317,52.92468],[-4.0517,52.92528],[-4.0485,52.92551],[-4.04716,52.92619],[-4.04562,52.92623],[-4.0439,52.9269],[-4.04014,52.93441],[-4.0378,52.93627],[-4.03408,52.93587],[-4.02813,52.93646],[-4.02586,52.93705],[-4.0241,52.93684],[-4.02482,52.93701],[-4.02254,52.93783],[-4.01974,52.94005],[-4.01908,52.94023],[-4.01711,52.94077],[-4.01383,52.94115],[-4.01096,52.9406],[-4.01042,52.94038],[-4.00694,52.93896],[-4.00622,52.93836],[-4.00584,52.93729],[-4.00583,52.93724],[-4.00581,52.9372],[-4.00568,52.93682],[-4.00447,52.93581],[-4.00469,52.93607],[-4.00558,52.93711],[-4.00572,52.93803],[-4.00459,52.93784],[-4.00194,52.93878],[-3.9978,52.94059],[-3.99729,52.94081],[-3.99521,52.94238],[-3.99805,52.94213],[-3.99714,52.94377],[-3.99855,52.94532],[-3.99694,52.94607],[-3.99477,52.9453],[-3.99245,52.94608],[-3.99108,52.94592],[-3.98859,52.94735],[-3.98886,52.94755],[-3.99105,52.94607],[-3.99242,52.94622],[-3.9946,52.94564],[-3.99576,52.94575],[-3.9961,52.94628],[-3.99671,52.94641],[-3.99838,52.94572],[-3.99891,52.94507],[-3.99747,52.94376],[-3.99882,52.94243],[-3.9987,52.94206],[-3.9982,52.94184],[-3.99648,52.94198],[-3.99631,52.94163],[-3.9987,52.94058],[-4.00008,52.93996],[-4.0003,52.94011],[-3.99937,52.94052],[-4.00002,52.94036],[-4.0049,52.93814],[-4.00911,52.9404],[-4.01145,52.94166],[-4.01222,52.94181],[-4.01937,52.94072],[-4.02042,52.94021],[-4.02496,52.93801],[-4.02837,52.937],[-4.02948,52.93694],[-4.03175,52.93748],[-4.03711,52.93721],[-4.03621,52.93807],[-4.03595,52.9383],[-4.03542,52.93836],[-4.03521,52.9384],[-4.03506,52.93841],[-4.03477,52.93842],[-4.03442,52.93856],[-4.03479,52.93885],[-4.03472,52.93847],[-4.03555,52.93845],[-4.03606,52.93829],[-4.03609,52.93824],[-4.03726,52.93722],[-4.03737,52.93712],[-4.0397,52.93631],[-4.04024,52.93584],[-4.0421,52.93372],[-4.04484,52.92831],[-4.04593,52.92756],[-4.04687,52.92754],[-4.04661,52.92948],[-4.0544,52.93383],[-4.05851,52.9359],[-4.05891,52.93573],[-4.05941,52.93618],[-4.05884,52.93642],[-4.05921,52.93661],[-4.05883,52.93697],[-4.06024,52.93677],[-4.06079,52.93706],[-4.06289,52.93679],[-4.06265,52.93713],[-4.06323,52.93828],[-4.06286,52.93922],[-4.0595,52.94194],[-4.05816,52.94382],[-4.0502,52.94803],[-4.04856,52.94968],[-4.0483,52.95057],[-4.04922,52.9513],[-4.05089,52.95089],[-4.05251,52.95109],[-4.0541,52.95391],[-4.0567,52.9537],[-4.05686,52.95531],[-4.05785,52.95587],[-4.05872,52.95589],[-4.0628,52.9544],[-4.0662,52.95426],[-4.06698,52.95457],[-4.06683,52.95512],[-4.06487,52.95671],[-4.06476,52.95865],[-4.0619,52.9608],[-4.05826,52.96488],[-4.06011,52.96616],[-4.06323,52.96756],[-4.06582,52.96698],[-4.06917,52.96789],[-4.06823,52.96952],[-4.06989,52.97149],[-4.07288,52.97306],[-4.07617,52.97269],[-4.07678,52.97313],[-4.07668,52.97393],[-4.07796,52.97338],[-4.07839,52.97375],[-4.07851,52.97274],[-4.07798,52.97245],[-4.0794,52.97188],[-4.08017,52.97055],[-4.08255,52.96904],[-4.08503,52.96917],[-4.08652,52.97079],[-4.08854,52.97112],[-4.08941,52.96979],[-4.09323,52.9669],[-4.09393,52.96707],[-4.09553,52.96673],[-4.09722,52.96749],[-4.09755,52.96807],[-4.09843,52.96817],[-4.09866,52.96462],[-4.09967,52.96153],[-4.10116,52.95878],[-4.10122,52.95684],[-4.10039,52.95571],[-4.10121,52.9555],[-4.10095,52.95454],[-4.10129,52.95381],[-4.10317,52.95232],[-4.10583,52.95149],[-4.10812,52.94904],[-4.11384,52.9469],[-4.11435,52.94604],[-4.11306,52.9448],[-4.11978,52.94338],[-4.12276,52.94318],[-4.12357,52.9432],[-4.12376,52.94395],[-4.12509,52.94505],[-4.12586,52.9452],[-4.12646,52.94494],[-4.12653,52.94428],[-4.13084,52.94381],[-4.13543,52.94472],[-4.13711,52.9438],[-4.13638,52.94263],[-4.14164,52.94046],[-4.14694,52.94188],[-4.14834,52.94283],[-4.14945,52.94293],[-4.1511,52.944],[-4.1518,52.94256],[-4.15439,52.94289],[-4.15558,52.942],[-4.16107,52.94351],[-4.16312,52.94312],[-4.1647,52.94377],[-4.17241,52.94415],[-4.17562,52.94458],[-4.18157,52.94702],[-4.18414,52.94903],[-4.18429,52.951],[-4.18504,52.95271],[-4.18449,52.95532],[-4.18516,52.9563],[-4.18868,52.9568],[-4.18995,52.95775],[-4.19262,52.95828],[-4.19685,52.95983],[-4.19818,52.96213],[-4.20142,52.96298],[-4.20352,52.96709],[-4.20488,52.96689],[-4.20641,52.96713],[-4.20869,52.96534],[-4.21457,52.96696],[-4.22449,52.96458],[-4.23027,52.96476],[-4.23404,52.96763],[-4.23655,52.9716],[-4.2385,52.97277],[-4.24244,52.97737],[-4.24422,52.97865],[-4.24607,52.97931],[-4.2475,52.98056],[-4.25047,52.98172],[-4.25255,52.98441],[-4.25641,52.98771],[-4.26206,52.98962],[-4.26483,52.99131],[-4.26636,52.99182],[-4.26811,52.99688],[-4.27209,53.00184],[-4.27507,53.00789],[-4.27623,53.00942],[-4.27785,53.01045],[-4.27875,53.01195],[-4.27654,53.01265],[-4.27036,53.01803],[-4.26517,53.0233],[-4.26066,53.02869],[-4.2379,53.04974],[-4.23462,53.04978],[-4.22941,53.0493],[-4.22819,53.04949],[-4.22617,53.05054],[-4.22539,53.05193],[-4.22597,53.05638],[-4.2253,53.05677],[-4.22282,53.05713],[-4.22204,53.05849],[-4.21856,53.05971],[-4.2149,53.06273],[-4.2146,53.06377],[-4.21498,53.06425],[-4.21211,53.06773],[-4.2123,53.06876],[-4.21177,53.06936],[-4.21365,53.07227],[-4.21119,53.07266],[-4.20809,53.0722],[-4.20474,53.07282],[-4.18775,53.09508],[-4.16567,53.10613],[-4.14308,53.11651],[-4.12674,53.11115],[-4.12654,53.1118],[-4.12452,53.11336],[-4.12215,53.1141],[-4.1205,53.11503],[-4.11956,53.11651],[-4.11867,53.11503],[-4.11697,53.11436],[-4.11555,53.11425],[-4.11261,53.11526],[-4.11052,53.11427],[-4.10772,53.11061],[-4.10474,53.11003],[-4.10296,53.11053],[-4.10186,53.11042],[-4.09719,53.10843],[-4.09594,53.10738],[-4.0949,53.1071],[-4.09365,53.10731],[-4.09349,53.10776],[-4.09234,53.10793],[-4.09014,53.10783],[-4.08899,53.10731],[-4.08824,53.10749],[-4.08774,53.10848],[-4.0897,53.10924],[-4.0895,53.10982],[-4.08705,53.11148],[-4.08475,53.11409],[-4.08294,53.11502],[-4.07892,53.11519],[-4.07622,53.11661],[-4.07655,53.11728],[-4.07594,53.11819],[-4.07952,53.11976],[-4.08976,53.12925],[-4.08462,53.14303],[-4.06276,53.15701],[-4.04349,53.15585],[-4.04417,53.15818],[-4.04401,53.16066],[-4.04621,53.16387],[-4.0491,53.16631],[-4.05535,53.16836],[-4.05717,53.17043],[-4.05705,53.17117],[-4.03653,53.1711],[-4.03819,53.17326],[-4.03889,53.1762],[-4.04106,53.17841],[-4.05886,53.19561],[-4.05978,53.19513],[-4.06275,53.19702],[-4.06687,53.20122],[-4.06632,53.20304],[-4.06534,53.20378],[-4.06461,53.20614],[-4.06383,53.20705],[-4.06409,53.20795],[-4.06262,53.21092],[-4.06172,53.21172],[-4.05721,53.21367],[-4.0529,53.21725],[-4.05374,53.21766],[-4.05307,53.21817],[-4.05046,53.21943],[-4.04761,53.21972],[-4.04605,53.22022],[-4.04361,53.22136],[-4.0435,53.22171],[-4.04055,53.22217],[-4.04077,53.22335],[-4.03653,53.22387],[-4.03516,53.22508],[-4.03261,53.22598],[-4.03208,53.22704],[-4.02702,53.23037],[-4.0254,53.23074],[-4.02422,53.2317],[-4.02226,53.23227],[-4.0196,53.23367],[-4.01977,53.23423],[-4.01638,53.23471],[-4.01489,53.23521],[-4.0037,53.2408],[-4.00156,53.23936],[-3.99795,53.23933],[-3.99114,53.24117],[-3.99002,53.24227],[-3.98759,53.24331],[-3.98364,53.24378],[-3.97968,53.24484],[-3.97869,53.24536],[-3.97686,53.24538],[-3.97595,53.24617],[-3.97312,53.24648],[-3.96955,53.24751],[-3.96672,53.24756],[-3.9645,53.24687],[-3.96158,53.24685],[-3.95862,53.24632],[-3.95688,53.24673],[-3.95803,53.24767],[-3.95548,53.24719],[-3.95262,53.24745],[-3.9479,53.24866],[-3.94632,53.24822],[-3.94498,53.24736],[-3.94357,53.24754],[-3.93911,53.24594],[-3.93846,53.24636],[-3.93389,53.24708],[-3.93008,53.24836],[-3.91477,53.25063],[-3.91244,53.25154],[-3.90964,53.25199],[-3.90776,53.25348],[-3.90648,53.25347],[-3.90159,53.25469],[-3.89878,53.25475],[-3.89321,53.25746],[-3.90022,53.26152],[-3.90154,53.26381],[-3.90308,53.26483],[-3.9043,53.26472],[-3.90472,53.26423],[-3.90692,53.26367],[-3.90755,53.26421],[-3.91199,53.26573],[-3.91213,53.26607],[-3.91104,53.26663],[-3.91155,53.26776],[-3.91095,53.27033],[-3.91121,53.27064],[-3.91223,53.27075],[-3.91194,53.27159],[-3.90849,53.27264],[-3.9072,53.27358],[-3.90599,53.27396],[-3.89796,53.27307],[-3.89392,53.27211],[-3.88579,53.27134],[-3.88461,53.27157],[-3.88427,53.27228],[-3.88532,53.27265],[-3.88664,53.27423],[-3.88933,53.27464],[-3.89265,53.27667],[-3.89326,53.27597],[-3.89391,53.27604],[-3.89631,53.27755],[-3.89554,53.27825],[-3.89533,53.27906],[-3.8931,53.27976],[-3.8931,53.28125],[-3.89089,53.28483],[-3.88634,53.28678],[-3.88494,53.28774],[-3.88092,53.28905],[-3.87932,53.28907],[-3.87465,53.28693]]],[[[-3.91495,53.02256],[-3.91742,53.02018],[-3.92083,53.02053],[-3.92825,53.01953],[-3.93145,53.01726],[-3.9335,53.01678],[-3.93639,53.01736],[-3.93669,53.01776],[-3.93821,53.01824],[-3.94438,53.01847],[-3.94678,53.01904],[-3.95032,53.01884],[-3.95067,53.01816],[-3.95362,53.01739],[-3.95549,53.01576],[-3.95811,53.01452],[-3.9588,53.01313],[-3.96415,53.0115],[-3.96492,53.00971],[-3.96653,53.00895],[-3.96617,53.00822],[-3.9679,53.0075],[-3.96923,53.0087],[-3.9706,53.00894],[-3.97165,53.00869],[-3.97385,53.00948],[-3.9818,53.00948],[-3.98333,53.01065],[-3.98649,53.01153],[-3.98789,53.01002],[-3.99145,53.00758],[-3.99396,53.00535],[-3.99447,53.00339],[-3.99676,53.00114],[-3.99636,52.9999],[-3.99313,52.99668],[-3.99347,52.99542],[-3.99262,52.99494],[-3.99222,52.99372],[-3.99044,52.99231],[-3.98815,52.99172],[-3.98771,52.99089],[-3.98646,52.99017],[-3.9864,52.98919],[-3.98704,52.98809],[-3.9898,52.98516],[-3.98805,52.98518],[-3.98326,52.98686],[-3.98191,52.98599],[-3.97799,52.98629],[-3.9773,52.98595],[-3.97623,52.98652],[-3.97576,52.98624],[-3.97508,52.98632],[-3.97338,52.98531],[-3.97109,52.98469],[-3.96978,52.98533],[-3.96846,52.98539],[-3.96629,52.98523],[-3.96411,52.98459],[-3.96243,52.98457],[-3.96026,52.98558],[-3.95856,52.98558],[-3.95844,52.98371],[-3.95576,52.98358],[-3.95423,52.9824],[-3.95443,52.98118],[-3.95363,52.9796],[-3.95182,52.97895],[-3.94959,52.97746],[-3.94822,52.9773],[-3.94589,52.97632],[-3.94444,52.97491],[-3.9443,52.97404],[-3.94622,52.97112],[-3.94292,52.97102],[-3.94106,52.97168],[-3.93955,52.97168],[-3.93728,52.97122],[-3.9324,52.96983],[-3.92851,52.96798],[-3.92595,52.96815],[-3.92358,52.96774],[-3.91732,52.96959],[-3.91468,52.97101],[-3.91312,52.97138],[-3.91286,52.97185],[-3.90857,52.97275],[-3.90667,52.97398],[-3.90185,52.97472],[-3.8955,52.97961],[-3.88965,52.98235],[-3.88925,52.98361],[-3.88983,52.98388],[-3.88997,52.98471],[-3.88927,52.98571],[-3.88703,52.98736],[-3.88635,52.98991],[-3.88506,52.99031],[-3.88395,52.99123],[-3.88396,52.99151],[-3.886,52.9917],[-3.88756,52.99345],[-3.88939,52.99424],[-3.89746,52.99482],[-3.89337,53.00042],[-3.89229,53.0011],[-3.89293,53.00293],[-3.89262,53.00592],[-3.88973,53.00961],[-3.8892,53.01103],[-3.89253,53.01162],[-3.89742,53.01338],[-3.89768,53.0143],[-3.8985,53.01475],[-3.89777,53.0155],[-3.902,53.01565],[-3.90681,53.01633],[-3.90823,53.01621],[-3.90952,53.01677],[-3.91424,53.01623],[-3.91525,53.01673],[-3.91437,53.02162],[-3.91495,53.02256]]]]}}]}
